{
  "frame_id": 544,
  "timestamp": "2025-05-19T18:04:33.122129",
  "input_values": [
    0.0,
    0.0,
    0.0,
    0.0,
    0.0,
    0.0,
    0.0,
    0.0,
    0.0,
    0.0,
    0.0,
    0.0,
    0.0,
    0.0,
    0.006014319136738777,
    0.00011336327588651329,
    0.01934761554002762,
    0.02611447684466839,
    0.008826393634080887,
    0.03233736753463745,
    0.0024272846058011055,
    0.0012950332602486014,
    0.002395136281847954,
    0.03386685997247696,
    0.039428990334272385,
    -7.514144090237096e-05,
    2.4646060410304926e-05,
    0.00933469831943512,
    0.009709160774946213,
    0.018241142854094505,
    0.02625419571995735,
    -2.1111656678840518e-05,
    0.002110521076247096,
    -4.99193265568465e-05,
    9.350205073133111e-05,
    0.0009174956940114498,
    0.0009451570804230869,
    0.053670771420001984,
    0.057870008051395416,
    0.01987108215689659,
    0.021300621330738068,
    0.05688844248652458,
    0.05678944289684296,
    0.03096849098801613,
    0.023433005437254906,
    0.02341107651591301,
    4.2393185140099376e-05,
    0.021290704607963562,
    0.024904849007725716,
    0.006557503715157509,
    0.007092269137501717,
    0.0
  ],
  "active_shapes": {
    "JawRight": 0.01934761554002762,
    "JawOpen": 0.02611447684466839,
    "MouthFunnel": 0.03233736753463745,
    "MouthSmileLeft": 0.03386685997247696,
    "MouthSmileRight": 0.039428990334272385,
    "MouthStretchLeft": 0.018241142854094505,
    "MouthStretchRight": 0.02625419571995735,
    "MouthLowerDownLeft": 0.053670771420001984,
    "MouthLowerDownRight": 0.057870008051395416,
    "MouthUpperUpLeft": 0.01987108215689659,
    "MouthUpperUpRight": 0.021300621330738068,
    "BrowDownLeft": 0.05688844248652458,
    "BrowDownRight": 0.05678944289684296,
    "BrowInnerUp": 0.03096849098801613,
    "BrowOuterUpLeft": 0.023433005437254906,
    "BrowOuterUpRight": 0.02341107651591301,
    "CheekSquintLeft": 0.021290704607963562,
    "CheekSquintRight": 0.024904849007725716
  },
  "packet_size": 314,
  "packet_hex_preview": "060000002464646431326362302d333463612d313166302d383166662d3734353633633437336235330000000847616c6146616365003b9383fb3d07c8000000"
}