{
  "frame_id": 292,
  "timestamp": "2025-05-19T18:04:24.685630",
  "input_values": [
    0.0,
    0.0,
    0.0,
    0.0,
    0.0,
    0.0,
    0.0,
    0.0,
    0.0,
    0.0,
    0.0,
    0.0,
    0.0,
    0.0,
    0.008520458824932575,
    0.0001880292984424159,
    0.019607076421380043,
    0.06768420338630676,
    0.027354341000318527,
    0.11201440542936325,
    0.022463537752628326,
    0.005472393240779638,
    0.0009237527847290039,
    0.007154243998229504,
    0.019200803712010384,
    -1.0568024663371034e-05,
    0.00015186391829047352,
    0.013475035317242146,
    0.012429888360202312,
    0.056055694818496704,
    0.05889765918254852,
    -1.6812366084195673e-05,
    0.004323319997638464,
    -6.3455477175011765e-06,
    8.870464080246165e-05,
    0.000726713624317199,
    0.0012439549900591373,
    0.13069385290145874,
    0.13092654943466187,
    0.02224218100309372,
    0.024340542033314705,
    0.013198050670325756,
    0.012973624281585217,
    0.044838085770606995,
    0.021037239581346512,
    0.021013760939240456,
    0.00021562491019722074,
    0.019717348739504814,
    0.024106837809085846,
    -0.00026001324295066297,
    0.0014426462585106492,
    0.0
  ],
  "active_shapes": {
    "JawRight": 0.019607076421380043,
    "JawOpen": 0.06768420338630676,
    "MouthClose": 0.027354341000318527,
    "MouthFunnel": 0.11201440542936325,
    "MouthPucker": 0.022463537752628326,
    "MouthSmileRight": 0.019200803712010384,
    "MouthDimpleLeft": 0.013475035317242146,
    "MouthDimpleRight": 0.012429888360202312,
    "MouthStretchLeft": 0.056055694818496704,
    "MouthStretchRight": 0.05889765918254852,
    "MouthLowerDownLeft": 0.13069385290145874,
    "MouthLowerDownRight": 0.13092654943466187,
    "MouthUpperUpLeft": 0.02224218100309372,
    "MouthUpperUpRight": 0.024340542033314705,
    "BrowDownLeft": 0.013198050670325756,
    "BrowDownRight": 0.012973624281585217,
    "BrowInnerUp": 0.044838085770606995,
    "BrowOuterUpLeft": 0.021037239581346512,
    "BrowOuterUpRight": 0.021013760939240456,
    "CheekSquintLeft": 0.019717348739504814,
    "CheekSquintRight": 0.024106837809085846
  },
  "packet_size": 314,
  "packet_hex_preview": "060000002464646431326362302d333463612d313166302d383166662d3734353633633437336235330000000847616c6146616365003b9189fb3d07c8000000"
}