{
  "frame_id": 323,
  "timestamp": "2025-05-19T18:04:25.663678",
  "input_values": [
    0.0,
    0.0,
    0.0,
    0.0,
    0.0,
    0.0,
    0.0,
    0.0,
    0.0,
    0.0,
    0.0,
    0.0,
    0.0,
    0.0,
    0.0874042734503746,
    0.0001815607538446784,
    0.03283495083451271,
    0.21021538972854614,
    0.00017180730355903506,
    0.2058887630701065,
    -2.7829539249069057e-05,
    0.00991632416844368,
    -0.00019738955597858876,
    0.13321158289909363,
    0.1271674782037735,
    0.0004902621149085462,
    0.0005397101631388068,
    0.02469358965754509,
    0.021050605922937393,
    0.14552438259124756,
    0.1425345093011856,
    -1.0338239917473402e-06,
    0.007114458829164505,
    -0.00025536303292028606,
    0.0006356941303238273,
    9.701922863314394e-06,
    0.0009257372003048658,
    0.5512647032737732,
    0.5480562448501587,
    0.20497331023216248,
    0.20552152395248413,
    3.836005816992838e-06,
    6.570965342689306e-05,
    0.5881466269493103,
    0.54688960313797,
    0.5470627546310425,
    -0.00012828684702981263,
    0.07669255882501602,
    0.07491660863161087,
    0.010491203516721725,
    0.01717841997742653,
    0.0
  ],
  "active_shapes": {
    "JawForward": 0.0874042734503746,
    "JawRight": 0.03283495083451271,
    "JawOpen": 0.21021538972854614,
    "MouthFunnel": 0.2058887630701065,
    "MouthSmileLeft": 0.13321158289909363,
    "MouthSmileRight": 0.1271674782037735,
    "MouthDimpleLeft": 0.02469358965754509,
    "MouthDimpleRight": 0.021050605922937393,
    "MouthStretchLeft": 0.14552438259124756,
    "MouthStretchRight": 0.1425345093011856,
    "MouthLowerDownLeft": 0.5512647032737732,
    "MouthLowerDownRight": 0.5480562448501587,
    "MouthUpperUpLeft": 0.20497331023216248,
    "MouthUpperUpRight": 0.20552152395248413,
    "BrowInnerUp": 0.5881466269493103,
    "BrowOuterUpLeft": 0.54688960313797,
    "BrowOuterUpRight": 0.5470627546310425,
    "CheekSquintLeft": 0.07669255882501602,
    "CheekSquintRight": 0.07491660863161087,
    "NoseSneerLeft": 0.010491203516721725,
    "NoseSneerRight": 0.01717841997742653
  },
  "packet_size": 314,
  "packet_hex_preview": "060000002464646431326362302d333463612d313166302d383166662d3734353633633437336235330000000847616c6146616365003b91c3fb3d07c8000000"
}