{
  "frame_id": 52,
  "timestamp": "2025-05-19T18:04:17.046160",
  "input_values": [
    0.0,
    0.0,
    0.0,
    0.0,
    0.0,
    0.0,
    0.0,
    0.0,
    0.0,
    0.0,
    0.0,
    0.0,
    0.0,
    0.0,
    0.000112274254206568,
    7.562823157059029e-05,
    0.004889337811619043,
    0.0003096097498200834,
    -4.3157859863640624e-07,
    0.0001684182498138398,
    0.0004906713729724288,
    0.00029991811607033014,
    0.000651746813673526,
    0.05644987151026726,
    0.0439155288040638,
    3.784568252740428e-05,
    5.561253783525899e-05,
    0.01022100355476141,
    0.010185519233345985,
    0.0034594640601426363,
    0.0008302078349515796,
    0.0005357931950129569,
    0.0012850266648456454,
    0.0008085273439064622,
    0.00348855322226882,
    0.003087986959144473,
    0.0036559707950800657,
    0.0430963933467865,
    0.04487655311822891,
    0.016829073429107666,
    0.018331684172153473,
    0.30444565415382385,
    0.3043597340583801,
    0.09256131947040558,
    -3.598208786570467e-05,
    -1.7655907868174836e-05,
    0.0010954508325085044,
    0.0176626555621624,
    0.021387901157140732,
    0.021457159891724586,
    0.024672958999872208,
    0.0
  ],
  "active_shapes": {
    "MouthSmileLeft": 0.05644987151026726,
    "MouthSmileRight": 0.0439155288040638,
    "MouthDimpleLeft": 0.01022100355476141,
    "MouthDimpleRight": 0.010185519233345985,
    "MouthLowerDownLeft": 0.0430963933467865,
    "MouthLowerDownRight": 0.04487655311822891,
    "MouthUpperUpLeft": 0.016829073429107666,
    "MouthUpperUpRight": 0.018331684172153473,
    "BrowDownLeft": 0.30444565415382385,
    "BrowDownRight": 0.3043597340583801,
    "BrowInnerUp": 0.09256131947040558,
    "CheekSquintLeft": 0.0176626555621624,
    "CheekSquintRight": 0.021387901157140732,
    "NoseSneerLeft": 0.021457159891724586,
    "NoseSneerRight": 0.024672958999872208
  },
  "packet_size": 314,
  "packet_hex_preview": "060000002464646431326362302d333463612d313166302d383166662d3734353633633437336235330000000847616c6146616365003b8fbefb3d07c8000000"
}