{
  "frame_id": 444,
  "timestamp": "2025-05-19T18:04:29.498820",
  "input_values": [
    0.0,
    0.0,
    0.0,
    0.0,
    0.0,
    0.0,
    0.0,
    0.0,
    0.0,
    0.0,
    0.0,
    0.0,
    0.0,
    0.0,
    0.009305096231400967,
    0.00011176219413755462,
    0.010431904345750809,
    0.01661214977502823,
    0.0021075657568871975,
    0.03184891492128372,
    0.005873224698007107,
    0.0016309110214933753,
    0.00019199309463147074,
    0.06549832224845886,
    0.07140958309173584,
    5.604397301794961e-05,
    9.838481491897255e-05,
    0.007910213433206081,
    0.0075817895121872425,
    0.02194443717598915,
    0.020462313666939735,
    0.0013302825391292572,
    0.0014595546526834369,
    0.005324453581124544,
    0.006365105975419283,
    0.00037977745523676276,
    0.0010347526986151934,
    0.05909093841910362,
    0.05726303532719612,
    0.034298788756132126,
    0.036668285727500916,
    0.0023360152263194323,
    0.0023534821812063456,
    0.10479903221130371,
    0.055249132215976715,
    0.055364105850458145,
    -9.774307545740157e-05,
    0.03931530937552452,
    0.048646263778209686,
    0.024009235203266144,
    0.03004118800163269,
    0.0
  ],
  "active_shapes": {
    "JawRight": 0.010431904345750809,
    "JawOpen": 0.01661214977502823,
    "MouthFunnel": 0.03184891492128372,
    "MouthSmileLeft": 0.06549832224845886,
    "MouthSmileRight": 0.07140958309173584,
    "MouthStretchLeft": 0.02194443717598915,
    "MouthStretchRight": 0.020462313666939735,
    "MouthLowerDownLeft": 0.05909093841910362,
    "MouthLowerDownRight": 0.05726303532719612,
    "MouthUpperUpLeft": 0.034298788756132126,
    "MouthUpperUpRight": 0.036668285727500916,
    "BrowInnerUp": 0.10479903221130371,
    "BrowOuterUpLeft": 0.055249132215976715,
    "BrowOuterUpRight": 0.055364105850458145,
    "CheekSquintLeft": 0.03931530937552452,
    "CheekSquintRight": 0.048646263778209686,
    "NoseSneerLeft": 0.024009235203266144,
    "NoseSneerRight": 0.03004118800163269
  },
  "packet_size": 314,
  "packet_hex_preview": "060000002464646431326362302d333463612d313166302d383166662d3734353633633437336235330000000847616c6146616365003b92a9fb3d07c8000000"
}