{
  "frame_id": 291,
  "timestamp": "2025-05-19T18:04:24.676595",
  "input_values": [
    0.0,
    0.0,
    0.0,
    0.0,
    0.0,
    0.0,
    0.0,
    0.0,
    0.0,
    0.0,
    0.0,
    0.0,
    0.0,
    0.0,
    0.001191601506434381,
    0.00012109191447962075,
    0.0022781859152019024,
    0.015517910942435265,
    0.015862256288528442,
    0.00011676990106934682,
    0.0015594885917380452,
    0.0006332460325211287,
    0.0012646546820178628,
    0.04196741059422493,
    0.03484559431672096,
    4.365860149846412e-05,
    -7.507802365580574e-05,
    0.01211500819772482,
    0.011935897171497345,
    0.011378382332623005,
    0.010790487751364708,
    0.00021650450071319938,
    0.0036978565622121096,
    -7.53818967496045e-05,
    0.0003222394152544439,
    0.0019681164994835854,
    0.0023091097828000784,
    0.03786740079522133,
    0.04300432652235031,
    -0.0006656743353232741,
    0.00024054855748545378,
    0.20823775231838226,
    0.20803815126419067,
    0.032643239945173264,
    -0.00011792343138949946,
    -0.00017413697787560523,
    0.0009176539024338126,
    0.020840343087911606,
    0.026205867528915405,
    0.00040937529411166906,
    0.0006375069497153163,
    0.0
  ],
  "active_shapes": {
    "JawOpen": 0.015517910942435265,
    "MouthClose": 0.015862256288528442,
    "MouthSmileLeft": 0.04196741059422493,
    "MouthSmileRight": 0.03484559431672096,
    "MouthDimpleLeft": 0.01211500819772482,
    "MouthDimpleRight": 0.011935897171497345,
    "MouthStretchLeft": 0.011378382332623005,
    "MouthStretchRight": 0.010790487751364708,
    "MouthLowerDownLeft": 0.03786740079522133,
    "MouthLowerDownRight": 0.04300432652235031,
    "BrowDownLeft": 0.20823775231838226,
    "BrowDownRight": 0.20803815126419067,
    "BrowInnerUp": 0.032643239945173264,
    "CheekSquintLeft": 0.020840343087911606,
    "CheekSquintRight": 0.026205867528915405
  },
  "packet_size": 314,
  "packet_hex_preview": "060000002464646431326362302d333463612d313166302d383166662d3734353633633437336235330000000847616c6146616365003b9188fb3d07c8000000"
}