{
  "frame_id": 250,
  "timestamp": "2025-05-19T18:04:23.245073",
  "input_values": [
    0.0,
    0.0,
    0.0,
    0.0,
    0.0,
    0.0,
    0.0,
    0.0,
    0.0,
    0.0,
    0.0,
    0.0,
    0.0,
    0.0,
    0.0005937870591878891,
    0.0001887668331619352,
    0.022613584995269775,
    0.023125505074858665,
    -0.00013026664964854717,
    0.027086077257990837,
    0.0008673827396705747,
    0.0003759245155379176,
    0.003595892107114196,
    0.13328997790813446,
    0.10213630646467209,
    -8.07465994512313e-07,
    9.265117114409804e-05,
    0.02707718126475811,
    0.026715105399489403,
    0.01764816977083683,
    0.015384172089397907,
    0.0004949733847752213,
    0.002810803009197116,
    0.0002986484323628247,
    0.0037244537379592657,
    0.007839680649340153,
    0.009292430244386196,
    0.17761848866939545,
    0.18928737938404083,
    0.05890573188662529,
    0.06491462886333466,
    0.7962688207626343,
    0.7960700988769531,
    0.25010573863983154,
    -4.7089943109313026e-05,
    -9.795561345526949e-05,
    0.003394646104425192,
    0.04831546172499657,
    0.0602920763194561,
    0.04091555252671242,
    0.05362707003951073,
    0.0
  ],
  "active_shapes": {
    "JawRight": 0.022613584995269775,
    "JawOpen": 0.023125505074858665,
    "MouthFunnel": 0.027086077257990837,
    "MouthSmileLeft": 0.13328997790813446,
    "MouthSmileRight": 0.10213630646467209,
    "MouthDimpleLeft": 0.02707718126475811,
    "MouthDimpleRight": 0.026715105399489403,
    "MouthStretchLeft": 0.01764816977083683,
    "MouthStretchRight": 0.015384172089397907,
    "MouthLowerDownLeft": 0.17761848866939545,
    "MouthLowerDownRight": 0.18928737938404083,
    "MouthUpperUpLeft": 0.05890573188662529,
    "MouthUpperUpRight": 0.06491462886333466,
    "BrowDownLeft": 0.7962688207626343,
    "BrowDownRight": 0.7960700988769531,
    "BrowInnerUp": 0.25010573863983154,
    "CheekSquintLeft": 0.04831546172499657,
    "CheekSquintRight": 0.0602920763194561,
    "NoseSneerLeft": 0.04091555252671242,
    "NoseSneerRight": 0.05362707003951073
  },
  "packet_size": 314,
  "packet_hex_preview": "060000002464646431326362302d333463612d313166302d383166662d3734353633633437336235330000000847616c6146616365003b9132fb3d07c8000000"
}