{
  "frame_id": 571,
  "timestamp": "2025-05-19T18:04:34.585397",
  "input_values": [
    0.0,
    0.0,
    0.0,
    0.0,
    0.0,
    0.0,
    0.0,
    0.0,
    0.0,
    0.0,
    0.0,
    0.0,
    0.0,
    0.0,
    0.0011696363799273968,
    7.559930963907391e-05,
    0.005529793910682201,
    0.012066024355590343,
    0.00036271533463150263,
    0.017572341486811638,
    0.001507570268586278,
    0.0006206082762219012,
    0.0002638295409269631,
    0.04042121022939682,
    0.034409768879413605,
    3.484804619802162e-05,
    -1.9425420759944245e-05,
    0.006198770832270384,
    0.006352418567985296,
    0.0003036980633623898,
    0.001507762004621327,
    7.564426050521433e-05,
    0.0023606810718774796,
    6.210993160493672e-05,
    0.00018467132758814842,
    0.0018872659420594573,
    0.0019438983872532845,
    0.04541273042559624,
    0.04750578850507736,
    0.01390521414577961,
    0.015595236793160439,
    0.08959274739027023,
    0.08946846425533295,
    0.004785677418112755,
    -5.793124273623107e-07,
    -4.609644292941084e-06,
    0.00026781237102113664,
    0.01770085096359253,
    0.018547795712947845,
    0.013839064165949821,
    0.011104270815849304,
    0.0
  ],
  "active_shapes": {
    "JawOpen": 0.012066024355590343,
    "MouthFunnel": 0.017572341486811638,
    "MouthSmileLeft": 0.04042121022939682,
    "MouthSmileRight": 0.034409768879413605,
    "MouthLowerDownLeft": 0.04541273042559624,
    "MouthLowerDownRight": 0.04750578850507736,
    "MouthUpperUpLeft": 0.01390521414577961,
    "MouthUpperUpRight": 0.015595236793160439,
    "BrowDownLeft": 0.08959274739027023,
    "BrowDownRight": 0.08946846425533295,
    "CheekSquintLeft": 0.01770085096359253,
    "CheekSquintRight": 0.018547795712947845,
    "NoseSneerLeft": 0.013839064165949821,
    "NoseSneerRight": 0.011104270815849304
  },
  "packet_size": 314,
  "packet_hex_preview": "060000002464646431326362302d333463612d313166302d383166662d3734353633633437336235330000000847616c6146616365003b93dbfb3d07c8000000"
}