{
  "frame_id": 417,
  "timestamp": "2025-05-19T18:04:28.665978",
  "input_values": [
    0.0,
    0.0,
    0.0,
    0.0,
    0.0,
    0.0,
    0.0,
    0.0,
    0.0,
    0.0,
    0.0,
    0.0,
    0.0,
    0.0,
    0.004041163716465235,
    0.00018734198238234967,
    0.025390377268195152,
    0.05982832983136177,
    -9.16905264602974e-05,
    0.059259768575429916,
    0.0004861827183049172,
    0.001757641090080142,
    0.00549357570707798,
    0.1292971968650818,
    0.10165442526340485,
    7.926701073301956e-06,
    -4.047758557135239e-05,
    0.018765049055218697,
    0.018220815807580948,
    0.005631055682897568,
    0.011486505158245564,
    0.00014424981782212853,
    0.003785899607464671,
    -9.750578465173021e-05,
    0.00196197722107172,
    0.006757266353815794,
    0.0075446609407663345,
    0.19436046481132507,
    0.2006179243326187,
    0.08167371153831482,
    0.08698640763759613,
    0.3850896954536438,
    0.38479849696159363,
    0.0018148880917578936,
    -6.752837362000719e-05,
    -0.00015665366663597524,
    0.00053286092588678,
    0.055853985249996185,
    0.06479090452194214,
    0.04032250493764877,
    0.0475105382502079,
    0.0
  ],
  "active_shapes": {
    "JawRight": 0.025390377268195152,
    "JawOpen": 0.05982832983136177,
    "MouthFunnel": 0.059259768575429916,
    "MouthSmileLeft": 0.1292971968650818,
    "MouthSmileRight": 0.10165442526340485,
    "MouthDimpleLeft": 0.018765049055218697,
    "MouthDimpleRight": 0.018220815807580948,
    "MouthStretchRight": 0.011486505158245564,
    "MouthLowerDownLeft": 0.19436046481132507,
    "MouthLowerDownRight": 0.2006179243326187,
    "MouthUpperUpLeft": 0.08167371153831482,
    "MouthUpperUpRight": 0.08698640763759613,
    "BrowDownLeft": 0.3850896954536438,
    "BrowDownRight": 0.38479849696159363,
    "CheekSquintLeft": 0.055853985249996185,
    "CheekSquintRight": 0.06479090452194214,
    "NoseSneerLeft": 0.04032250493764877,
    "NoseSneerRight": 0.0475105382502079
  },
  "packet_size": 314,
  "packet_hex_preview": "060000002464646431326362302d333463612d313166302d383166662d3734353633633437336235330000000847616c6146616365003b9277fb3d07c8000000"
}