{
  "frame_id": 185,
  "timestamp": "2025-05-19T18:04:21.283413",
  "input_values": [
    0.0,
    0.0,
    0.0,
    0.0,
    0.0,
    0.0,
    0.0,
    0.0,
    0.0,
    0.0,
    0.0,
    0.0,
    0.0,
    0.0,
    0.0054817418567836285,
    3.674337494885549e-05,
    0.006306943949311972,
    0.009676970541477203,
    7.794917473802343e-05,
    0.0202109944075346,
    0.00011995795648545027,
    0.0012225795071572065,
    3.5828510590363294e-05,
    0.021088559180498123,
    0.01906241476535797,
    8.263623385573737e-06,
    2.4489627321599983e-05,
    0.004384997300803661,
    0.004101242870092392,
    0.017464542761445045,
    0.019411517307162285,
    5.207938374951482e-05,
    0.0010032665450125933,
    3.776244966502418e-06,
    0.00011598059063544497,
    5.360974319046363e-05,
    0.00016683133435435593,
    0.03573262318968773,
    0.035334352403879166,
    0.016422146931290627,
    0.01558874361217022,
    0.0007724432507529855,
    0.0007650445331819355,
    0.0880451425909996,
    0.060413431376218796,
    0.06047232076525688,
    3.6952907976228744e-05,
    0.0123226847499609,
    0.013599341735243797,
    0.00043025496415793896,
    0.001186019042506814,
    0.0
  ],
  "active_shapes": {
    "MouthFunnel": 0.0202109944075346,
    "MouthSmileLeft": 0.021088559180498123,
    "MouthSmileRight": 0.01906241476535797,
    "MouthStretchLeft": 0.017464542761445045,
    "MouthStretchRight": 0.019411517307162285,
    "MouthLowerDownLeft": 0.03573262318968773,
    "MouthLowerDownRight": 0.035334352403879166,
    "MouthUpperUpLeft": 0.016422146931290627,
    "MouthUpperUpRight": 0.01558874361217022,
    "BrowInnerUp": 0.0880451425909996,
    "BrowOuterUpLeft": 0.060413431376218796,
    "BrowOuterUpRight": 0.06047232076525688,
    "CheekSquintLeft": 0.0123226847499609,
    "CheekSquintRight": 0.013599341735243797
  },
  "packet_size": 314,
  "packet_hex_preview": "060000002464646431326362302d333463612d313166302d383166662d3734353633633437336235330000000847616c6146616365003b90bcfb3d07c8000000"
}