{
  "frame_id": 687,
  "timestamp": "2025-05-19T18:04:40.823068",
  "input_values": [
    0.0,
    0.0,
    0.0,
    0.0,
    0.0,
    0.0,
    0.0,
    0.0,
    0.0,
    0.0,
    0.0,
    0.0,
    0.0,
    0.0,
    0.005427759140729904,
    0.0001892706350190565,
    0.011157402768731117,
    0.05234483256936073,
    0.039944685995578766,
    0.04180138558149338,
    0.033475879579782486,
    8.080866246018559e-05,
    0.000561877794098109,
    0.07497512549161911,
    0.0825316309928894,
    -6.277841748669744e-05,
    9.545795910526067e-05,
    0.010439046658575535,
    0.012118760496377945,
    0.00042885844595730305,
    0.0011908961459994316,
    0.00015811713819857687,
    0.004756327718496323,
    3.6532841477310285e-05,
    0.0002737418981269002,
    0.003570065600797534,
    0.0037199214566498995,
    0.10403165221214294,
    0.1066473200917244,
    0.00594843365252018,
    0.007415169384330511,
    0.21853919327259064,
    0.21814081072807312,
    0.008461137302219868,
    -0.00025832909159362316,
    -0.00035412178840488195,
    0.0007730208453722298,
    0.05248052999377251,
    0.06198994070291519,
    0.03350445628166199,
    0.02861681394279003,
    0.0
  ],
  "active_shapes": {
    "JawRight": 0.011157402768731117,
    "JawOpen": 0.05234483256936073,
    "MouthClose": 0.039944685995578766,
    "MouthFunnel": 0.04180138558149338,
    "MouthPucker": 0.033475879579782486,
    "MouthSmileLeft": 0.07497512549161911,
    "MouthSmileRight": 0.0825316309928894,
    "MouthDimpleLeft": 0.010439046658575535,
    "MouthDimpleRight": 0.012118760496377945,
    "MouthLowerDownLeft": 0.10403165221214294,
    "MouthLowerDownRight": 0.1066473200917244,
    "BrowDownLeft": 0.21853919327259064,
    "BrowDownRight": 0.21814081072807312,
    "CheekSquintLeft": 0.05248052999377251,
    "CheekSquintRight": 0.06198994070291519,
    "NoseSneerLeft": 0.03350445628166199,
    "NoseSneerRight": 0.02861681394279003
  },
  "packet_size": 314,
  "packet_hex_preview": "060000002464646431326362302d333463612d313166302d383166662d3734353633633437336235330000000847616c6146616365003b9551fb3d07c8000000"
}