{
  "frame_id": 81,
  "timestamp": "2025-05-19T18:04:17.949205",
  "input_values": [
    0.0,
    0.0,
    0.0,
    0.0,
    0.0,
    0.0,
    0.0,
    0.0,
    0.0,
    0.0,
    0.0,
    0.0,
    0.0,
    0.0,
    0.01052780169993639,
    0.0001877233007689938,
    0.029764249920845032,
    0.10531661659479141,
    -0.00013174544437788427,
    0.03623504191637039,
    0.0007112686289474368,
    0.0008302414207719266,
    0.0016458991449326277,
    0.06661496311426163,
    0.045456208288669586,
    -5.169194992049597e-05,
    0.00018203846411779523,
    0.03266402706503868,
    0.03143557161092758,
    0.036286965012550354,
    0.03464408218860626,
    0.00010607691365294158,
    0.004038989078253508,
    -0.00015066210471559316,
    0.0009673665626905859,
    0.006498717702925205,
    0.007477203384041786,
    0.18474653363227844,
    0.19225721061229706,
    0.025061162188649178,
    0.027431197464466095,
    0.588362455368042,
    0.5880359411239624,
    0.15599943697452545,
    -0.00011958587856497616,
    -0.0001912559528136626,
    0.0014759717741981149,
    0.04332951083779335,
    0.04735150933265686,
    -0.0002082823630189523,
    0.0019232503836974502,
    0.0
  ],
  "active_shapes": {
    "JawForward": 0.01052780169993639,
    "JawRight": 0.029764249920845032,
    "JawOpen": 0.10531661659479141,
    "MouthFunnel": 0.03623504191637039,
    "MouthSmileLeft": 0.06661496311426163,
    "MouthSmileRight": 0.045456208288669586,
    "MouthDimpleLeft": 0.03266402706503868,
    "MouthDimpleRight": 0.03143557161092758,
    "MouthStretchLeft": 0.036286965012550354,
    "MouthStretchRight": 0.03464408218860626,
    "MouthLowerDownLeft": 0.18474653363227844,
    "MouthLowerDownRight": 0.19225721061229706,
    "MouthUpperUpLeft": 0.025061162188649178,
    "MouthUpperUpRight": 0.027431197464466095,
    "BrowDownLeft": 0.588362455368042,
    "BrowDownRight": 0.5880359411239624,
    "BrowInnerUp": 0.15599943697452545,
    "CheekSquintLeft": 0.04332951083779335,
    "CheekSquintRight": 0.04735150933265686
  },
  "packet_size": 314,
  "packet_hex_preview": "060000002464646431326362302d333463612d313166302d383166662d3734353633633437336235330000000847616c6146616365003b8ff4fb3d07c8000000"
}