{
  "frame_id": 208,
  "timestamp": "2025-05-19T18:04:21.786096",
  "input_values": [
    0.0,
    0.0,
    0.0,
    0.0,
    0.0,
    0.0,
    0.0,
    0.0,
    0.0,
    0.0,
    0.0,
    0.0,
    0.0,
    0.0,
    0.015732567757368088,
    0.00022455956786870956,
    0.014524875208735466,
    0.11836769431829453,
    0.01586305722594261,
    0.12311704456806183,
    0.032162606716156006,
    3.351124905748293e-05,
    0.009506208822131157,
    0.002942738588899374,
    0.008326348848640919,
    0.00041769235394895077,
    -0.00037381178117357194,
    0.006421597208827734,
    0.007140611298382282,
    0.01103796623647213,
    0.009871592745184898,
    -0.00014186595217324793,
    0.0016275516245514154,
    0.00017623804160393775,
    0.0011355127207934856,
    0.00041613710345700383,
    0.0005488319438882172,
    0.11058777570724487,
    0.14386042952537537,
    0.041411906480789185,
    0.0617239885032177,
    0.10364173352718353,
    0.10362662374973297,
    0.04277386888861656,
    0.016284819692373276,
    0.016079308465123177,
    0.0011549467453733087,
    0.02160964533686638,
    0.03680472820997238,
    0.036157988011837006,
    0.04307842627167702,
    0.0
  ],
  "active_shapes": {
    "JawForward": 0.015732567757368088,
    "JawRight": 0.014524875208735466,
    "JawOpen": 0.11836769431829453,
    "MouthClose": 0.01586305722594261,
    "MouthFunnel": 0.12311704456806183,
    "MouthPucker": 0.032162606716156006,
    "MouthStretchLeft": 0.01103796623647213,
    "MouthLowerDownLeft": 0.11058777570724487,
    "MouthLowerDownRight": 0.14386042952537537,
    "MouthUpperUpLeft": 0.041411906480789185,
    "MouthUpperUpRight": 0.0617239885032177,
    "BrowDownLeft": 0.10364173352718353,
    "BrowDownRight": 0.10362662374973297,
    "BrowInnerUp": 0.04277386888861656,
    "BrowOuterUpLeft": 0.016284819692373276,
    "BrowOuterUpRight": 0.016079308465123177,
    "CheekSquintLeft": 0.02160964533686638,
    "CheekSquintRight": 0.03680472820997238,
    "NoseSneerLeft": 0.036157988011837006,
    "NoseSneerRight": 0.04307842627167702
  },
  "packet_size": 314,
  "packet_hex_preview": "060000002464646431326362302d333463612d313166302d383166662d3734353633633437336235330000000847616c6146616365003b90dbfb3d07c8000000"
}