{
  "frame_id": 526,
  "timestamp": "2025-05-19T18:04:32.334005",
  "input_values": [
    0.0,
    0.0,
    0.0,
    0.0,
    0.0,
    0.0,
    0.0,
    0.0,
    0.0,
    0.0,
    0.0,
    0.0,
    0.0,
    0.0,
    0.00044579445966519415,
    7.572531467303634e-05,
    0.00452149985358119,
    0.009593467228114605,
    0.0007985850097611547,
    0.010844120755791664,
    0.00035076087806373835,
    0.0003471937670838088,
    0.00032195329549722373,
    0.04600362852215767,
    0.03738854452967644,
    2.3897420760476962e-05,
    1.2251921077677252e-07,
    0.00811601709574461,
    0.008266644552350044,
    0.0003056969726458192,
    0.000712003733497113,
    0.00018075513071380556,
    0.0020650781225413084,
    0.00010503338126000017,
    0.00026202815934084356,
    0.002442495431751013,
    0.0026018840726464987,
    0.055609844624996185,
    0.057459644973278046,
    0.012855013832449913,
    0.014336004853248596,
    0.17105282843112946,
    0.1709444224834442,
    0.006541951093822718,
    -5.982776201562956e-05,
    -6.752210902050138e-05,
    0.00023585124290548265,
    0.020604420453310013,
    0.02308758534491062,
    0.01840795949101448,
    0.0158429853618145,
    0.0
  ],
  "active_shapes": {
    "MouthFunnel": 0.010844120755791664,
    "MouthSmileLeft": 0.04600362852215767,
    "MouthSmileRight": 0.03738854452967644,
    "MouthLowerDownLeft": 0.055609844624996185,
    "MouthLowerDownRight": 0.057459644973278046,
    "MouthUpperUpLeft": 0.012855013832449913,
    "MouthUpperUpRight": 0.014336004853248596,
    "BrowDownLeft": 0.17105282843112946,
    "BrowDownRight": 0.1709444224834442,
    "CheekSquintLeft": 0.020604420453310013,
    "CheekSquintRight": 0.02308758534491062,
    "NoseSneerLeft": 0.01840795949101448,
    "NoseSneerRight": 0.0158429853618145
  },
  "packet_size": 314,
  "packet_hex_preview": "060000002464646431326362302d333463612d313166302d383166662d3734353633633437336235330000000847616c6146616365003b9354fb3d07c8000000"
}