{
  "frame_id": 161,
  "timestamp": "2025-05-19T18:04:20.484905",
  "input_values": [
    0.0,
    0.0,
    0.0,
    0.0,
    0.0,
    0.0,
    0.0,
    0.0,
    0.0,
    0.0,
    0.0,
    0.0,
    0.0,
    0.0,
    0.0021097271237522364,
    0.00011240358435316011,
    0.01322688814252615,
    0.046719323843717575,
    8.916908700484782e-05,
    0.06394477188587189,
    0.007746470160782337,
    0.0011781693901866674,
    0.0002497302775736898,
    0.060229383409023285,
    0.048911575227975845,
    -2.799553840304725e-05,
    4.7995759814511985e-05,
    0.006018412299454212,
    0.00581186730414629,
    -0.0001281466247746721,
    0.0004307917843107134,
    2.5764058591448702e-05,
    0.002638263860717416,
    0.00014468585141003132,
    0.00033947243355214596,
    0.003541088430210948,
    0.003488364862278104,
    0.11897261440753937,
    0.12220274657011032,
    0.043099235743284225,
    0.04325089603662491,
    0.06851638853549957,
    0.06834946572780609,
    0.011106464080512524,
    6.5000363974832e-05,
    8.405389962717891e-05,
    0.0006387268076650798,
    0.026070978492498398,
    0.02519955486059189,
    0.009760657325387001,
    0.006402119062840939,
    0.0
  ],
  "active_shapes": {
    "JawRight": 0.01322688814252615,
    "JawOpen": 0.046719323843717575,
    "MouthFunnel": 0.06394477188587189,
    "MouthSmileLeft": 0.060229383409023285,
    "MouthSmileRight": 0.048911575227975845,
    "MouthLowerDownLeft": 0.11897261440753937,
    "MouthLowerDownRight": 0.12220274657011032,
    "MouthUpperUpLeft": 0.043099235743284225,
    "MouthUpperUpRight": 0.04325089603662491,
    "BrowDownLeft": 0.06851638853549957,
    "BrowDownRight": 0.06834946572780609,
    "BrowInnerUp": 0.011106464080512524,
    "CheekSquintLeft": 0.026070978492498398,
    "CheekSquintRight": 0.02519955486059189
  },
  "packet_size": 314,
  "packet_hex_preview": "060000002464646431326362302d333463612d313166302d383166662d3734353633633437336235330000000847616c6146616365003b908dfb3d07c8000000"
}