{
  "frame_id": 573,
  "timestamp": "2025-05-19T18:04:34.618885",
  "input_values": [
    0.0,
    0.0,
    0.0,
    0.0,
    0.0,
    0.0,
    0.0,
    0.0,
    0.0,
    0.0,
    0.0,
    0.0,
    0.0,
    0.0,
    0.004328710958361626,
    0.00015238879132084548,
    0.017755836248397827,
    0.0689312294125557,
    0.00020394459716044366,
    0.07020925730466843,
    0.0006420658901333809,
    0.0009523378685116768,
    0.0011448337463662028,
    0.08495722711086273,
    0.07593246549367905,
    -1.7327643945463933e-05,
    -2.0888383005512878e-05,
    0.01212344504892826,
    0.012742692604660988,
    0.0019504949450492859,
    0.007883219048380852,
    -2.542422771512065e-05,
    0.0038681230507791042,
    4.039475606987253e-05,
    0.0007461251225322485,
    0.003442834597080946,
    0.0035527993459254503,
    0.15237434208393097,
    0.16120104491710663,
    0.058004509657621384,
    0.06416274607181549,
    0.1715269386768341,
    0.17133091390132904,
    0.0033114044927060604,
    5.944341410213383e-06,
    1.8191218259744346e-05,
    0.00014247569197323173,
    0.0374000146985054,
    0.04166989028453827,
    0.024950647726655006,
    0.024861741811037064,
    0.0
  ],
  "active_shapes": {
    "JawRight": 0.017755836248397827,
    "JawOpen": 0.0689312294125557,
    "MouthFunnel": 0.07020925730466843,
    "MouthSmileLeft": 0.08495722711086273,
    "MouthSmileRight": 0.07593246549367905,
    "MouthDimpleLeft": 0.01212344504892826,
    "MouthDimpleRight": 0.012742692604660988,
    "MouthLowerDownLeft": 0.15237434208393097,
    "MouthLowerDownRight": 0.16120104491710663,
    "MouthUpperUpLeft": 0.058004509657621384,
    "MouthUpperUpRight": 0.06416274607181549,
    "BrowDownLeft": 0.1715269386768341,
    "BrowDownRight": 0.17133091390132904,
    "CheekSquintLeft": 0.0374000146985054,
    "CheekSquintRight": 0.04166989028453827,
    "NoseSneerLeft": 0.024950647726655006,
    "NoseSneerRight": 0.024861741811037064
  },
  "packet_size": 314,
  "packet_hex_preview": "060000002464646431326362302d333463612d313166302d383166662d3734353633633437336235330000000847616c6146616365003b93ddfb3d07c8000000"
}