{
  "frame_id": 415,
  "timestamp": "2025-05-19T18:04:28.649080",
  "input_values": [
    0.0,
    0.0,
    0.0,
    0.0,
    0.0,
    0.0,
    0.0,
    0.0,
    0.0,
    0.0,
    0.0,
    0.0,
    0.0,
    0.0,
    0.0022919103503227234,
    0.00015010396600700915,
    0.01848049834370613,
    0.047362301498651505,
    -2.6522004191065207e-05,
    0.05135219544172287,
    0.00039613567059859633,
    0.001323892967775464,
    0.0046920073218643665,
    0.10394342988729477,
    0.08202303200960159,
    3.071226819884032e-05,
    -2.6654062821762636e-05,
    0.014060216024518013,
    0.013769246637821198,
    0.0015529164811596274,
    0.006696116179227829,
    0.00014375950559042394,
    0.0029606400057673454,
    2.526730440877145e-06,
    0.0024828952737152576,
    0.005550875328481197,
    0.006132268346846104,
    0.1613134741783142,
    0.16752061247825623,
    0.06594821810722351,
    0.07131727039813995,
    0.31495189666748047,
    0.3147236406803131,
    0.0016925029922276735,
    -6.0012727772118524e-05,
    -0.00014428436406888068,
    0.0004898604238405824,
    0.04461446776986122,
    0.052315015345811844,
    0.04001317173242569,
    0.04554993659257889,
    0.0
  ],
  "active_shapes": {
    "JawRight": 0.01848049834370613,
    "JawOpen": 0.047362301498651505,
    "MouthFunnel": 0.05135219544172287,
    "MouthSmileLeft": 0.10394342988729477,
    "MouthSmileRight": 0.08202303200960159,
    "MouthDimpleLeft": 0.014060216024518013,
    "MouthDimpleRight": 0.013769246637821198,
    "MouthLowerDownLeft": 0.1613134741783142,
    "MouthLowerDownRight": 0.16752061247825623,
    "MouthUpperUpLeft": 0.06594821810722351,
    "MouthUpperUpRight": 0.07131727039813995,
    "BrowDownLeft": 0.31495189666748047,
    "BrowDownRight": 0.3147236406803131,
    "CheekSquintLeft": 0.04461446776986122,
    "CheekSquintRight": 0.052315015345811844,
    "NoseSneerLeft": 0.04001317173242569,
    "NoseSneerRight": 0.04554993659257889
  },
  "packet_size": 314,
  "packet_hex_preview": "060000002464646431326362302d333463612d313166302d383166662d3734353633633437336235330000000847616c6146616365003b9276fb3d07c8000000"
}