{
  "frame_id": 593,
  "timestamp": "2025-05-19T18:04:35.830705",
  "input_values": [
    0.0,
    0.0,
    0.0,
    0.0,
    0.0,
    0.0,
    0.0,
    0.0,
    0.0,
    0.0,
    0.0,
    0.0,
    0.0,
    0.0,
    0.0003085732751060277,
    0.00011328337131999433,
    0.014463012106716633,
    0.034554772078990936,
    -0.00012417884136084467,
    0.03069404512643814,
    0.0004355527344159782,
    0.0002059196849586442,
    0.0014011103194206953,
    0.08297830075025558,
    0.06452669948339462,
    -3.655911859823391e-05,
    1.3172822946216911e-05,
    0.011254790239036083,
    0.01072250958532095,
    -8.260270988103002e-05,
    0.0003142905770801008,
    7.55542641854845e-05,
    0.0020933281630277634,
    0.00025307462783530354,
    0.006603228859603405,
    0.005890124477446079,
    0.006427941843867302,
    0.12420931458473206,
    0.1327814757823944,
    0.06316245347261429,
    0.06747838109731674,
    0.4098515510559082,
    0.40965020656585693,
    0.026633668690919876,
    1.9688195607159287e-05,
    -3.721985558513552e-05,
    0.0007989580044522882,
    0.03229287639260292,
    0.03495170176029205,
    0.0738440603017807,
    0.0787288174033165,
    0.0
  ],
  "active_shapes": {
    "JawRight": 0.014463012106716633,
    "JawOpen": 0.034554772078990936,
    "MouthFunnel": 0.03069404512643814,
    "MouthSmileLeft": 0.08297830075025558,
    "MouthSmileRight": 0.06452669948339462,
    "MouthDimpleLeft": 0.011254790239036083,
    "MouthDimpleRight": 0.01072250958532095,
    "MouthLowerDownLeft": 0.12420931458473206,
    "MouthLowerDownRight": 0.1327814757823944,
    "MouthUpperUpLeft": 0.06316245347261429,
    "MouthUpperUpRight": 0.06747838109731674,
    "BrowDownLeft": 0.4098515510559082,
    "BrowDownRight": 0.40965020656585693,
    "BrowInnerUp": 0.026633668690919876,
    "CheekSquintLeft": 0.03229287639260292,
    "CheekSquintRight": 0.03495170176029205,
    "NoseSneerLeft": 0.0738440603017807,
    "NoseSneerRight": 0.0787288174033165
  },
  "packet_size": 314,
  "packet_hex_preview": "060000002464646431326362302d333463612d313166302d383166662d3734353633633437336235330000000847616c6146616365003b9425fb3d07c8000000"
}