{
  "frame_id": 119,
  "timestamp": "2025-05-19T18:04:19.257651",
  "input_values": [
    0.0,
    0.0,
    0.0,
    0.0,
    0.0,
    0.0,
    0.0,
    0.0,
    0.0,
    0.0,
    0.0,
    0.0,
    0.0,
    0.0,
    0.007306237705051899,
    0.00011125289893243462,
    0.013006221503019333,
    0.01638057827949524,
    0.00016219276585616171,
    0.029823970049619675,
    0.00027276339824311435,
    0.004174564033746719,
    0.00012025389878544956,
    0.06170303374528885,
    0.05881701782345772,
    0.00010207568993791938,
    8.981676364783198e-05,
    0.006559367291629314,
    0.0054742745123803616,
    0.01975279487669468,
    0.01769288070499897,
    0.00017917677178047597,
    0.0008972806390374899,
    0.0008751980494707823,
    0.004527607932686806,
    0.0001732141536194831,
    0.0008300534682348371,
    0.0814647227525711,
    0.08005974441766739,
    0.03953893855214119,
    0.03886931762099266,
    0.00011836901103379205,
    0.0001503705425420776,
    0.13198035955429077,
    0.07010257989168167,
    0.07021332532167435,
    -7.866443047532812e-05,
    0.019887441769242287,
    0.02477421425282955,
    -0.00015681081276852638,
    0.0018168585374951363,
    0.0
  ],
  "active_shapes": {
    "JawRight": 0.013006221503019333,
    "JawOpen": 0.01638057827949524,
    "MouthFunnel": 0.029823970049619675,
    "MouthSmileLeft": 0.06170303374528885,
    "MouthSmileRight": 0.05881701782345772,
    "MouthStretchLeft": 0.01975279487669468,
    "MouthStretchRight": 0.01769288070499897,
    "MouthLowerDownLeft": 0.0814647227525711,
    "MouthLowerDownRight": 0.08005974441766739,
    "MouthUpperUpLeft": 0.03953893855214119,
    "MouthUpperUpRight": 0.03886931762099266,
    "BrowInnerUp": 0.13198035955429077,
    "BrowOuterUpLeft": 0.07010257989168167,
    "BrowOuterUpRight": 0.07021332532167435,
    "CheekSquintLeft": 0.019887441769242287,
    "CheekSquintRight": 0.02477421425282955
  },
  "packet_size": 314,
  "packet_hex_preview": "060000002464646431326362302d333463612d313166302d383166662d3734353633633437336235330000000847616c6146616365003b9043fb3d07c8000000"
}