{
  "frame_id": 565,
  "timestamp": "2025-05-19T18:04:34.228443",
  "input_values": [
    0.0,
    0.0,
    0.0,
    0.0,
    0.0,
    0.0,
    0.0,
    0.0,
    0.0,
    0.0,
    0.0,
    0.0,
    0.0,
    0.0,
    0.004857913125306368,
    0.0001132481629610993,
    0.013844501227140427,
    0.028369834646582603,
    0.00010017704335041344,
    0.025329869240522385,
    0.0004921366344206035,
    0.00044576748041436076,
    0.0014667381765320897,
    0.08542991429567337,
    0.07586471736431122,
    -5.666352444677614e-05,
    -1.3516229046217632e-05,
    0.014541901648044586,
    0.014995720237493515,
    0.0013759145513176918,
    0.007120074238628149,
    6.199891504365951e-05,
    0.0021843293216079473,
    0.0001391195401083678,
    0.0037063597701489925,
    0.004161291755735874,
    0.004534277133643627,
    0.10609112679958344,
    0.11159098148345947,
    0.04106611758470535,
    0.04268414527177811,
    0.19478638470172882,
    0.19457663595676422,
    0.0032089066226035357,
    -8.868020086083561e-05,
    -0.0001192954441648908,
    0.00026754525606520474,
    0.0338420607149601,
    0.039920296519994736,
    0.0319230780005455,
    0.03342624008655548,
    0.0
  ],
  "active_shapes": {
    "JawRight": 0.013844501227140427,
    "JawOpen": 0.028369834646582603,
    "MouthFunnel": 0.025329869240522385,
    "MouthSmileLeft": 0.08542991429567337,
    "MouthSmileRight": 0.07586471736431122,
    "MouthDimpleLeft": 0.014541901648044586,
    "MouthDimpleRight": 0.014995720237493515,
    "MouthLowerDownLeft": 0.10609112679958344,
    "MouthLowerDownRight": 0.11159098148345947,
    "MouthUpperUpLeft": 0.04106611758470535,
    "MouthUpperUpRight": 0.04268414527177811,
    "BrowDownLeft": 0.19478638470172882,
    "BrowDownRight": 0.19457663595676422,
    "CheekSquintLeft": 0.0338420607149601,
    "CheekSquintRight": 0.039920296519994736,
    "NoseSneerLeft": 0.0319230780005455,
    "NoseSneerRight": 0.03342624008655548
  },
  "packet_size": 314,
  "packet_hex_preview": "060000002464646431326362302d333463612d313166302d383166662d3734353633633437336235330000000847616c6146616365003b93c5fb3d07c8000000"
}