{
  "frame_id": 468,
  "timestamp": "2025-05-19T18:04:30.315523",
  "input_values": [
    0.0,
    0.0,
    0.0,
    0.0,
    0.0,
    0.0,
    0.0,
    0.0,
    0.0,
    0.0,
    0.0,
    0.0,
    0.0,
    0.0,
    0.0008696721051819623,
    3.804889274761081e-05,
    0.002590641612187028,
    0.005102815572172403,
    8.748088293941692e-05,
    0.0028525800444185734,
    0.00014482453116215765,
    8.971028364612721e-06,
    0.0001821548939915374,
    0.02591482736170292,
    0.024416761472821236,
    -1.3853156815457623e-05,
    6.8390231717785355e-06,
    0.004094789270311594,
    0.004461264703422785,
    0.00046595645835623145,
    0.0012222605291754007,
    6.993588613113388e-05,
    0.0006157657480798662,
    9.426509495824575e-05,
    0.0002590513613540679,
    0.00119109102524817,
    0.0012646709801629186,
    0.025477712973952293,
    0.026139119639992714,
    0.005797811783850193,
    0.006355407182127237,
    0.07924919575452805,
    0.07918545603752136,
    0.0025454233400523663,
    -3.8731075619580224e-05,
    -5.5294065532507375e-05,
    0.00023588593467138708,
    0.009384242817759514,
    0.0121594974771142,
    0.006188422907143831,
    0.006320275366306305,
    0.0
  ],
  "active_shapes": {
    "MouthSmileLeft": 0.02591482736170292,
    "MouthSmileRight": 0.024416761472821236,
    "MouthLowerDownLeft": 0.025477712973952293,
    "MouthLowerDownRight": 0.026139119639992714,
    "BrowDownLeft": 0.07924919575452805,
    "BrowDownRight": 0.07918545603752136,
    "CheekSquintRight": 0.0121594974771142
  },
  "packet_size": 314,
  "packet_hex_preview": "060000002464646431326362302d333463612d313166302d383166662d3734353633633437336235330000000847616c6146616365003b92dafb3d07c8000000"
}