{
  "frame_id": 14,
  "timestamp": "2025-05-19T18:04:15.655462",
  "input_values": [
    0.0,
    0.0,
    0.0,
    0.0,
    0.0,
    0.0,
    0.0,
    0.0,
    0.0,
    0.0,
    0.0,
    0.0,
    0.0,
    0.0,
    0.034024678170681,
    0.00018840057600755244,
    0.028736848384141922,
    0.24198247492313385,
    0.0028036171570420265,
    0.1907562017440796,
    0.027568800374865532,
    0.0006193940062075853,
    0.0006357849342748523,
    0.08670563995838165,
    0.08631367981433868,
    -0.0001727459894027561,
    -1.8911430743173696e-05,
    0.02713574841618538,
    0.027663853019475937,
    0.04206265136599541,
    0.04720873758196831,
    4.1278322896687314e-05,
    0.00724167050793767,
    0.0007280379650183022,
    0.0005318156909197569,
    0.00486118346452713,
    0.0051046269945800304,
    0.3358045220375061,
    0.3410567045211792,
    0.08243758231401443,
    0.08343757688999176,
    0.006211214233189821,
    0.005936495028436184,
    0.0587242990732193,
    0.023079531267285347,
    0.023148519918322563,
    0.000488777703139931,
    0.04694710299372673,
    0.04278583079576492,
    0.013962754979729652,
    0.011781108565628529,
    0.0
  ],
  "active_shapes": {
    "JawForward": 0.034024678170681,
    "JawRight": 0.028736848384141922,
    "JawOpen": 0.24198247492313385,
    "MouthFunnel": 0.1907562017440796,
    "MouthPucker": 0.027568800374865532,
    "MouthSmileLeft": 0.08670563995838165,
    "MouthSmileRight": 0.08631367981433868,
    "MouthDimpleLeft": 0.02713574841618538,
    "MouthDimpleRight": 0.027663853019475937,
    "MouthStretchLeft": 0.04206265136599541,
    "MouthStretchRight": 0.04720873758196831,
    "MouthLowerDownLeft": 0.3358045220375061,
    "MouthLowerDownRight": 0.3410567045211792,
    "MouthUpperUpLeft": 0.08243758231401443,
    "MouthUpperUpRight": 0.08343757688999176,
    "BrowInnerUp": 0.0587242990732193,
    "BrowOuterUpLeft": 0.023079531267285347,
    "BrowOuterUpRight": 0.023148519918322563,
    "CheekSquintLeft": 0.04694710299372673,
    "CheekSquintRight": 0.04278583079576492,
    "NoseSneerLeft": 0.013962754979729652,
    "NoseSneerRight": 0.011781108565628529
  },
  "packet_size": 314,
  "packet_hex_preview": "060000002464646431326362302d333463612d313166302d383166662d3734353633633437336235330000000847616c6146616365003b8f6bfb3d07c8000000"
}