{
  "frame_id": 404,
  "timestamp": "2025-05-19T18:04:28.123768",
  "input_values": [
    0.0,
    0.0,
    0.0,
    0.0,
    0.0,
    0.0,
    0.0,
    0.0,
    0.0,
    0.0,
    0.0,
    0.0,
    0.0,
    0.0,
    0.00801064632833004,
    0.0001511876907898113,
    0.02271486073732376,
    0.030786624178290367,
    -0.00011700877075782046,
    0.01161213219165802,
    0.0008230465464293957,
    -0.00041736941784620285,
    0.007002401165664196,
    0.13740533590316772,
    0.12973476946353912,
    -5.6772092648316175e-05,
    2.0061437680851668e-05,
    0.02280099131166935,
    0.023740284144878387,
    0.0031694278586655855,
    0.005274549592286348,
    0.00011788537085521966,
    0.0017409117426723242,
    0.0067883566953241825,
    0.014225823804736137,
    0.0044110007584095,
    0.005668939556926489,
    0.14347484707832336,
    0.15679866075515747,
    0.07005961239337921,
    0.07605542242527008,
    0.6061338186264038,
    0.6060892343521118,
    0.16114170849323273,
    -5.507078458322212e-05,
    -0.00012800896365661174,
    0.0016374712577089667,
    0.06585170328617096,
    0.0832044929265976,
    0.08314401656389236,
    0.10199041664600372,
    0.0
  ],
  "active_shapes": {
    "JawRight": 0.02271486073732376,
    "JawOpen": 0.030786624178290367,
    "MouthFunnel": 0.01161213219165802,
    "MouthSmileLeft": 0.13740533590316772,
    "MouthSmileRight": 0.12973476946353912,
    "MouthDimpleLeft": 0.02280099131166935,
    "MouthDimpleRight": 0.023740284144878387,
    "MouthShrugUpper": 0.014225823804736137,
    "MouthLowerDownLeft": 0.14347484707832336,
    "MouthLowerDownRight": 0.15679866075515747,
    "MouthUpperUpLeft": 0.07005961239337921,
    "MouthUpperUpRight": 0.07605542242527008,
    "BrowDownLeft": 0.6061338186264038,
    "BrowDownRight": 0.6060892343521118,
    "BrowInnerUp": 0.16114170849323273,
    "CheekSquintLeft": 0.06585170328617096,
    "CheekSquintRight": 0.0832044929265976,
    "NoseSneerLeft": 0.08314401656389236,
    "NoseSneerRight": 0.10199041664600372
  },
  "packet_size": 314,
  "packet_hex_preview": "060000002464646431326362302d333463612d313166302d383166662d3734353633633437336235330000000847616c6146616365003b9257fb3d07c8000000"
}