{
  "frame_id": 192,
  "timestamp": "2025-05-19T18:04:21.343636",
  "input_values": [
    0.0,
    0.0,
    0.0,
    0.0,
    0.0,
    0.0,
    0.0,
    0.0,
    0.0,
    0.0,
    0.0,
    0.0,
    0.0,
    0.0,
    0.004867964424192905,
    0.0001127508730860427,
    0.018900195136666298,
    0.09115897119045258,
    -0.0002054236683761701,
    0.06337345391511917,
    0.00028449107776395977,
    0.00022776858531869948,
    0.0031905104406177998,
    0.09580788016319275,
    0.08108150959014893,
    -2.7945114197791554e-05,
    -3.2317442673956975e-05,
    0.021102091297507286,
    0.01995031349360943,
    0.015119126066565514,
    0.010463997721672058,
    1.6183923435164616e-05,
    0.002073520328849554,
    0.003908796701580286,
    0.02533341944217682,
    0.006690639536827803,
    0.008042939007282257,
    0.21257446706295013,
    0.22015908360481262,
    0.11822690069675446,
    0.12934696674346924,
    0.5010495781898499,
    0.5009839534759521,
    0.07478953897953033,
    -0.00010201828990830109,
    -0.00012209496344439685,
    0.0007737373816780746,
    0.046113915741443634,
    0.05479368567466736,
    0.10017397999763489,
    0.12128494679927826,
    0.0
  ],
  "active_shapes": {
    "JawRight": 0.018900195136666298,
    "JawOpen": 0.09115897119045258,
    "MouthFunnel": 0.06337345391511917,
    "MouthSmileLeft": 0.09580788016319275,
    "MouthSmileRight": 0.08108150959014893,
    "MouthDimpleLeft": 0.021102091297507286,
    "MouthDimpleRight": 0.01995031349360943,
    "MouthStretchLeft": 0.015119126066565514,
    "MouthStretchRight": 0.010463997721672058,
    "MouthShrugUpper": 0.02533341944217682,
    "MouthLowerDownLeft": 0.21257446706295013,
    "MouthLowerDownRight": 0.22015908360481262,
    "MouthUpperUpLeft": 0.11822690069675446,
    "MouthUpperUpRight": 0.12934696674346924,
    "BrowDownLeft": 0.5010495781898499,
    "BrowDownRight": 0.5009839534759521,
    "BrowInnerUp": 0.07478953897953033,
    "CheekSquintLeft": 0.046113915741443634,
    "CheekSquintRight": 0.05479368567466736,
    "NoseSneerLeft": 0.10017397999763489,
    "NoseSneerRight": 0.12128494679927826
  },
  "packet_size": 314,
  "packet_hex_preview": "060000002464646431326362302d333463612d313166302d383166662d3734353633633437336235330000000847616c6146616365003b90c0fb3d07c8000000"
}