{
  "frame_id": 123,
  "timestamp": "2025-05-19T18:04:19.291179",
  "input_values": [
    0.0,
    0.0,
    0.0,
    0.0,
    0.0,
    0.0,
    0.0,
    0.0,
    0.0,
    0.0,
    0.0,
    0.0,
    0.0,
    0.0,
    0.010424623265862465,
    0.00018545992497820407,
    0.01943795755505562,
    0.022442491725087166,
    0.0002660428290255368,
    0.06035302206873894,
    0.0015310905873775482,
    0.007135145831853151,
    0.0003652970481198281,
    0.09423042088747025,
    0.09039227664470673,
    0.00013860303442925215,
    0.0001495295000495389,
    0.008888947777450085,
    0.007139304652810097,
    0.026835093274712563,
    0.023947980254888535,
    0.0003889003419317305,
    0.0014765849336981773,
    0.0068998695351183414,
    0.01158822886645794,
    0.00034268954186700284,
    0.0014689259696751833,
    0.13648472726345062,
    0.13394644856452942,
    0.06735734641551971,
    0.06775514036417007,
    0.00011456116772023961,
    0.00017509132158011198,
    0.21293015778064728,
    0.11453728377819061,
    0.11471742391586304,
    -5.569722634390928e-05,
    0.032001569867134094,
    0.04102419689297676,
    0.0005281986086629331,
    0.007628375664353371,
    0.0
  ],
  "active_shapes": {
    "JawForward": 0.010424623265862465,
    "JawRight": 0.01943795755505562,
    "JawOpen": 0.022442491725087166,
    "MouthFunnel": 0.06035302206873894,
    "MouthSmileLeft": 0.09423042088747025,
    "MouthSmileRight": 0.09039227664470673,
    "MouthStretchLeft": 0.026835093274712563,
    "MouthStretchRight": 0.023947980254888535,
    "MouthShrugUpper": 0.01158822886645794,
    "MouthLowerDownLeft": 0.13648472726345062,
    "MouthLowerDownRight": 0.13394644856452942,
    "MouthUpperUpLeft": 0.06735734641551971,
    "MouthUpperUpRight": 0.06775514036417007,
    "BrowInnerUp": 0.21293015778064728,
    "BrowOuterUpLeft": 0.11453728377819061,
    "BrowOuterUpRight": 0.11471742391586304,
    "CheekSquintLeft": 0.032001569867134094,
    "CheekSquintRight": 0.04102419689297676
  },
  "packet_size": 314,
  "packet_hex_preview": "060000002464646431326362302d333463612d313166302d383166662d3734353633633437336235330000000847616c6146616365003b9045fb3d07c8000000"
}