{
  "frame_id": 82,
  "timestamp": "2025-05-19T18:04:17.959628",
  "input_values": [
    0.0,
    0.0,
    0.0,
    0.0,
    0.0,
    0.0,
    0.0,
    0.0,
    0.0,
    0.0,
    0.0,
    0.0,
    0.0,
    0.0,
    0.01186476368457079,
    0.00014753651339560747,
    0.024105696007609367,
    0.02854246273636818,
    -8.585795148974285e-05,
    0.09941232949495316,
    0.00705636665225029,
    0.00830879993736744,
    -7.410131365759298e-05,
    0.06788098067045212,
    0.061567652970552444,
    0.0001176601872430183,
    0.0001748892682371661,
    0.008985185995697975,
    0.006892479956150055,
    0.024505654349923134,
    0.021338263526558876,
    0.00013498855696525425,
    0.0023207631893455982,
    -2.8450042009353638e-05,
    0.005377862602472305,
    0.0001625354925636202,
    0.0008918481762520969,
    0.14081905782222748,
    0.13918597996234894,
    0.08720071613788605,
    0.08752154558897018,
    0.0001188048190670088,
    6.613278674194589e-05,
    0.2184118777513504,
    0.1557767689228058,
    0.15594851970672607,
    -0.00013858702732250094,
    0.024583524093031883,
    0.02795865572988987,
    -0.0005520256818272173,
    0.0010438140016049147,
    0.0
  ],
  "active_shapes": {
    "JawForward": 0.01186476368457079,
    "JawRight": 0.024105696007609367,
    "JawOpen": 0.02854246273636818,
    "MouthFunnel": 0.09941232949495316,
    "MouthSmileLeft": 0.06788098067045212,
    "MouthSmileRight": 0.061567652970552444,
    "MouthStretchLeft": 0.024505654349923134,
    "MouthStretchRight": 0.021338263526558876,
    "MouthLowerDownLeft": 0.14081905782222748,
    "MouthLowerDownRight": 0.13918597996234894,
    "MouthUpperUpLeft": 0.08720071613788605,
    "MouthUpperUpRight": 0.08752154558897018,
    "BrowInnerUp": 0.2184118777513504,
    "BrowOuterUpLeft": 0.1557767689228058,
    "BrowOuterUpRight": 0.15594851970672607,
    "CheekSquintLeft": 0.024583524093031883,
    "CheekSquintRight": 0.02795865572988987
  },
  "packet_size": 314,
  "packet_hex_preview": "060000002464646431326362302d333463612d313166302d383166662d3734353633633437336235330000000847616c6146616365003b8ff5fb3d07c8000000"
}