{
  "frame_id": 510,
  "timestamp": "2025-05-19T18:04:31.840319",
  "input_values": [
    0.0,
    0.0,
    0.0,
    0.0,
    0.0,
    0.0,
    0.0,
    0.0,
    0.0,
    0.0,
    0.0,
    0.0,
    0.0,
    0.0,
    0.005259464494884014,
    3.600567652028985e-05,
    0.0068557774648070335,
    0.05607609823346138,
    0.005585597362369299,
    0.034043341875076294,
    1.835963485063985e-05,
    0.00027823360869660974,
    0.0001212048955494538,
    0.03960204869508743,
    0.03886222839355469,
    -6.583532376680523e-05,
    -2.7788177249021828e-05,
    0.008916417136788368,
    0.008817100897431374,
    0.012816222384572029,
    0.01474850345402956,
    -9.342921111965552e-05,
    0.0023264798801392317,
    -3.808522887993604e-05,
    2.4699949790374376e-05,
    0.000432120228651911,
    0.0006053108954802155,
    0.0904507040977478,
    0.08816489577293396,
    0.020514683797955513,
    0.021546978503465652,
    0.014753553085029125,
    0.014756458811461926,
    0.00548616424202919,
    0.002335770521312952,
    0.002324460307136178,
    4.586157956509851e-05,
    0.015125764533877373,
    0.01741223782300949,
    0.007171285338699818,
    0.009466944262385368,
    0.0
  ],
  "active_shapes": {
    "JawOpen": 0.05607609823346138,
    "MouthFunnel": 0.034043341875076294,
    "MouthSmileLeft": 0.03960204869508743,
    "MouthSmileRight": 0.03886222839355469,
    "MouthStretchLeft": 0.012816222384572029,
    "MouthStretchRight": 0.01474850345402956,
    "MouthLowerDownLeft": 0.0904507040977478,
    "MouthLowerDownRight": 0.08816489577293396,
    "MouthUpperUpLeft": 0.020514683797955513,
    "MouthUpperUpRight": 0.021546978503465652,
    "BrowDownLeft": 0.014753553085029125,
    "BrowDownRight": 0.014756458811461926,
    "CheekSquintLeft": 0.015125764533877373,
    "CheekSquintRight": 0.01741223782300949
  },
  "packet_size": 314,
  "packet_hex_preview": "060000002464646431326362302d333463612d313166302d383166662d3734353633633437336235330000000847616c6146616365003b9336fb3d07c8000000"
}