{
  "frame_id": 636,
  "timestamp": "2025-05-19T18:04:38.095417",
  "input_values": [
    0.0,
    0.0,
    0.0,
    0.0,
    0.0,
    0.0,
    0.0,
    0.0,
    0.0,
    0.0,
    0.0,
    0.0,
    0.0,
    0.0,
    0.002978078555315733,
    0.00015065816114656627,
    0.01109152939170599,
    0.023955142125487328,
    0.00024107351782731712,
    0.022295480594038963,
    0.0005863836850039661,
    0.00131828838493675,
    0.0006083843181841075,
    0.07139208167791367,
    0.06422917544841766,
    2.604641849757172e-05,
    4.959815851179883e-05,
    0.013954621739685535,
    0.014620877802371979,
    0.004334849305450916,
    0.013437150046229362,
    0.00035759806632995605,
    0.003264959901571274,
    0.00021413360082078725,
    0.0004942267551086843,
    0.004516881424933672,
    0.00494501693174243,
    0.08704268932342529,
    0.09121774137020111,
    0.011175851337611675,
    0.013446623459458351,
    0.16646161675453186,
    0.16619446873664856,
    0.004214060492813587,
    1.7590613424545154e-05,
    -5.828142093378119e-07,
    0.0007074230816215277,
    0.03190544620156288,
    0.03826146572828293,
    0.000708809937350452,
    0.0008184851030819118,
    0.0
  ],
  "active_shapes": {
    "JawRight": 0.01109152939170599,
    "JawOpen": 0.023955142125487328,
    "MouthFunnel": 0.022295480594038963,
    "MouthSmileLeft": 0.07139208167791367,
    "MouthSmileRight": 0.06422917544841766,
    "MouthDimpleLeft": 0.013954621739685535,
    "MouthDimpleRight": 0.014620877802371979,
    "MouthStretchRight": 0.013437150046229362,
    "MouthLowerDownLeft": 0.08704268932342529,
    "MouthLowerDownRight": 0.09121774137020111,
    "MouthUpperUpLeft": 0.011175851337611675,
    "MouthUpperUpRight": 0.013446623459458351,
    "BrowDownLeft": 0.16646161675453186,
    "BrowDownRight": 0.16619446873664856,
    "CheekSquintLeft": 0.03190544620156288,
    "CheekSquintRight": 0.03826146572828293
  },
  "packet_size": 314,
  "packet_hex_preview": "060000002464646431326362302d333463612d313166302d383166662d3734353633633437336235330000000847616c6146616365003b94adfb3d07c8000000"
}