{
  "frame_id": 279,
  "timestamp": "2025-05-19T18:04:24.291467",
  "input_values": [
    0.0,
    0.0,
    0.0,
    0.0,
    0.0,
    0.0,
    0.0,
    0.0,
    0.0,
    0.0,
    0.0,
    0.0,
    0.0,
    0.0,
    0.0016154065961018205,
    0.00015155304572544992,
    0.007741629146039486,
    0.029180649667978287,
    0.00023461761884391308,
    0.018340950831770897,
    0.00972527451813221,
    0.00011555835226317868,
    0.002846932504326105,
    0.06567315012216568,
    0.04964429512619972,
    3.65663981938269e-05,
    0.00011057179654017091,
    0.017831917852163315,
    0.01781066507101059,
    0.011659418232738972,
    0.006337440572679043,
    0.0004108774592168629,
    0.0022533410228788853,
    0.00024163862690329552,
    0.0010285176103934646,
    0.005394321400672197,
    0.006303852889686823,
    0.1105901449918747,
    0.11682219803333282,
    0.01842578686773777,
    0.022601332515478134,
    0.6134418845176697,
    0.6132726669311523,
    0.19827909767627716,
    -5.2789597248192877e-05,
    -7.744801405351609e-05,
    0.0027562163304537535,
    0.03541792556643486,
    0.045158758759498596,
    0.02228732779622078,
    0.02755533531308174,
    0.0
  ],
  "active_shapes": {
    "JawOpen": 0.029180649667978287,
    "MouthFunnel": 0.018340950831770897,
    "MouthSmileLeft": 0.06567315012216568,
    "MouthSmileRight": 0.04964429512619972,
    "MouthDimpleLeft": 0.017831917852163315,
    "MouthDimpleRight": 0.01781066507101059,
    "MouthStretchLeft": 0.011659418232738972,
    "MouthLowerDownLeft": 0.1105901449918747,
    "MouthLowerDownRight": 0.11682219803333282,
    "MouthUpperUpLeft": 0.01842578686773777,
    "MouthUpperUpRight": 0.022601332515478134,
    "BrowDownLeft": 0.6134418845176697,
    "BrowDownRight": 0.6132726669311523,
    "BrowInnerUp": 0.19827909767627716,
    "CheekSquintLeft": 0.03541792556643486,
    "CheekSquintRight": 0.045158758759498596,
    "NoseSneerLeft": 0.02228732779622078,
    "NoseSneerRight": 0.02755533531308174
  },
  "packet_size": 314,
  "packet_hex_preview": "060000002464646431326362302d333463612d313166302d383166662d3734353633633437336235330000000847616c6146616365003b9171fb3d07c8000000"
}