{
  "frame_id": 502,
  "timestamp": "2025-05-19T18:04:31.336486",
  "input_values": [
    0.0,
    0.0,
    0.0,
    0.0,
    0.0,
    0.0,
    0.0,
    0.0,
    0.0,
    0.0,
    0.0,
    0.0,
    0.0,
    0.0,
    0.0159629974514246,
    0.00019162840908393264,
    0.024213623255491257,
    0.09421005845069885,
    -0.0001117200663429685,
    0.07010424882173538,
    0.024632073938846588,
    -0.0007568843429908156,
    0.010317463427782059,
    0.10110881179571152,
    0.10305066406726837,
    -0.00016711275384295732,
    4.473023727769032e-05,
    0.03378450497984886,
    0.03490433096885681,
    0.012698119506239891,
    0.01714128814637661,
    0.00032972171902656555,
    0.004140299744904041,
    0.0007655379013158381,
    0.0020939151290804148,
    0.015748292207717896,
    0.017358995974063873,
    0.17192688584327698,
    0.19052980840206146,
    0.07423868775367737,
    0.08467065542936325,
    0.7519629597663879,
    0.7516981363296509,
    0.20855237543582916,
    0.0003751761978492141,
    0.0002645812928676605,
    0.005299847107380629,
    0.03695037588477135,
    0.04797743260860443,
    0.0302094966173172,
    0.046240318566560745,
    0.0
  ],
  "active_shapes": {
    "JawForward": 0.0159629974514246,
    "JawRight": 0.024213623255491257,
    "JawOpen": 0.09421005845069885,
    "MouthFunnel": 0.07010424882173538,
    "MouthPucker": 0.024632073938846588,
    "MouthRight": 0.010317463427782059,
    "MouthSmileLeft": 0.10110881179571152,
    "MouthSmileRight": 0.10305066406726837,
    "MouthDimpleLeft": 0.03378450497984886,
    "MouthDimpleRight": 0.03490433096885681,
    "MouthStretchLeft": 0.012698119506239891,
    "MouthStretchRight": 0.01714128814637661,
    "MouthPressLeft": 0.015748292207717896,
    "MouthPressRight": 0.017358995974063873,
    "MouthLowerDownLeft": 0.17192688584327698,
    "MouthLowerDownRight": 0.19052980840206146,
    "MouthUpperUpLeft": 0.07423868775367737,
    "MouthUpperUpRight": 0.08467065542936325,
    "BrowDownLeft": 0.7519629597663879,
    "BrowDownRight": 0.7516981363296509,
    "BrowInnerUp": 0.20855237543582916,
    "CheekSquintLeft": 0.03695037588477135,
    "CheekSquintRight": 0.04797743260860443,
    "NoseSneerLeft": 0.0302094966173172,
    "NoseSneerRight": 0.046240318566560745
  },
  "packet_size": 314,
  "packet_hex_preview": "060000002464646431326362302d333463612d313166302d383166662d3734353633633437336235330000000847616c6146616365003b9318fb3d07c8000000"
}