{
  "frame_id": 685,
  "timestamp": "2025-05-19T18:04:40.784838",
  "input_values": [
    0.0,
    0.0,
    0.0,
    0.0,
    0.0,
    0.0,
    0.0,
    0.0,
    0.0,
    0.0,
    0.0,
    0.0,
    0.0,
    0.0,
    0.004163363482803106,
    0.00015180859190877527,
    0.007628923747688532,
    0.034035179764032364,
    0.025652635842561722,
    0.023635994642972946,
    0.022284511476755142,
    0.0001744135224726051,
    0.0005874902126379311,
    0.07048279047012329,
    0.07675262540578842,
    -2.5121069484157488e-05,
    0.00015460341819562018,
    0.009055365808308125,
    0.010487152263522148,
    0.0004219732654746622,
    0.0008287268574349582,
    0.00016214634524658322,
    0.004076370038092136,
    6.630131247220561e-05,
    0.0002753418521024287,
    0.003558873664587736,
    0.0037359599955379963,
    0.08045075833797455,
    0.0821051150560379,
    0.005111764185130596,
    0.00665972288697958,
    0.22262680530548096,
    0.2223086655139923,
    0.0028780833818018436,
    -9.592619608156383e-05,
    -0.0001586486177984625,
    0.000918053206987679,
    0.04072369635105133,
    0.04945335537195206,
    0.033056750893592834,
    0.029914062470197678,
    0.0
  ],
  "active_shapes": {
    "JawOpen": 0.034035179764032364,
    "MouthClose": 0.025652635842561722,
    "MouthFunnel": 0.023635994642972946,
    "MouthPucker": 0.022284511476755142,
    "MouthSmileLeft": 0.07048279047012329,
    "MouthSmileRight": 0.07675262540578842,
    "MouthDimpleRight": 0.010487152263522148,
    "MouthLowerDownLeft": 0.08045075833797455,
    "MouthLowerDownRight": 0.0821051150560379,
    "BrowDownLeft": 0.22262680530548096,
    "BrowDownRight": 0.2223086655139923,
    "CheekSquintLeft": 0.04072369635105133,
    "CheekSquintRight": 0.04945335537195206,
    "NoseSneerLeft": 0.033056750893592834,
    "NoseSneerRight": 0.029914062470197678
  },
  "packet_size": 314,
  "packet_hex_preview": "060000002464646431326362302d333463612d313166302d383166662d3734353633633437336235330000000847616c6146616365003b954ffb3d07c8000000"
}