{
  "frame_id": 365,
  "timestamp": "2025-05-19T18:04:26.901649",
  "input_values": [
    0.0,
    0.0,
    0.0,
    0.0,
    0.0,
    0.0,
    0.0,
    0.0,
    0.0,
    0.0,
    0.0,
    0.0,
    0.0,
    0.0,
    0.009979226626455784,
    0.00018865041784010828,
    0.030290814116597176,
    0.13169416785240173,
    0.00029164660372771323,
    0.11958089470863342,
    0.014745015650987625,
    0.002150606131181121,
    0.004364308435469866,
    0.13074934482574463,
    0.11014647781848907,
    0.00010083156666951254,
    2.236418913525995e-05,
    0.020075326785445213,
    0.01918208971619606,
    0.010443249717354774,
    0.016090577468276024,
    -3.56319360435009e-05,
    0.004926613997668028,
    0.0060547757893800735,
    0.02422374300658703,
    0.007923918776214123,
    0.009014329873025417,
    0.2697126269340515,
    0.28293752670288086,
    0.1410474181175232,
    0.1521623730659485,
    0.5744403600692749,
    0.5742393732070923,
    0.002530923578888178,
    -7.197845843620598e-05,
    -4.613056808011606e-05,
    -0.0004439473559614271,
    0.06540495157241821,
    0.07649291306734085,
    0.1294306069612503,
    0.14214037358760834,
    0.0
  ],
  "active_shapes": {
    "JawRight": 0.030290814116597176,
    "JawOpen": 0.13169416785240173,
    "MouthFunnel": 0.11958089470863342,
    "MouthPucker": 0.014745015650987625,
    "MouthSmileLeft": 0.13074934482574463,
    "MouthSmileRight": 0.11014647781848907,
    "MouthDimpleLeft": 0.020075326785445213,
    "MouthDimpleRight": 0.01918208971619606,
    "MouthStretchLeft": 0.010443249717354774,
    "MouthStretchRight": 0.016090577468276024,
    "MouthShrugUpper": 0.02422374300658703,
    "MouthLowerDownLeft": 0.2697126269340515,
    "MouthLowerDownRight": 0.28293752670288086,
    "MouthUpperUpLeft": 0.1410474181175232,
    "MouthUpperUpRight": 0.1521623730659485,
    "BrowDownLeft": 0.5744403600692749,
    "BrowDownRight": 0.5742393732070923,
    "CheekSquintLeft": 0.06540495157241821,
    "CheekSquintRight": 0.07649291306734085,
    "NoseSneerLeft": 0.1294306069612503,
    "NoseSneerRight": 0.14214037358760834
  },
  "packet_size": 314,
  "packet_hex_preview": "060000002464646431326362302d333463612d313166302d383166662d3734353633633437336235330000000847616c6146616365003b920efb3d07c8000000"
}