{
  "frame_id": 733,
  "timestamp": "2025-05-19T18:04:43.374302",
  "input_values": [
    0.0,
    0.0,
    0.0,
    0.0,
    0.0,
    0.0,
    0.0,
    0.0,
    0.0,
    0.0,
    0.0,
    0.0,
    0.0,
    0.0,
    0.0010826269863173366,
    0.00011359232303220779,
    0.007448298390954733,
    0.000771207851357758,
    -5.374402098823339e-05,
    8.204351615859196e-05,
    0.0005897905211895704,
    0.00018486740009393543,
    0.0011734303552657366,
    0.10940973460674286,
    0.09204831719398499,
    7.163174586821697e-08,
    3.1669515010435134e-05,
    0.017371004447340965,
    0.01789150759577751,
    0.0017895991913974285,
    0.00035447292611934245,
    0.000488235178636387,
    0.0019126476254314184,
    0.000526640098541975,
    0.0032764191273599863,
    0.00540054589509964,
    0.00623902166262269,
    0.08519496023654938,
    0.08821464329957962,
    0.022194724529981613,
    0.024064447730779648,
    0.4600687325000763,
    0.45999833941459656,
    0.13077810406684875,
    -5.299251279211603e-05,
    -2.658614539541304e-05,
    0.0013996843481436372,
    0.03601303696632385,
    0.04487408697605133,
    0.05278486758470535,
    0.0571226105093956,
    0.0
  ],
  "active_shapes": {
    "MouthSmileLeft": 0.10940973460674286,
    "MouthSmileRight": 0.09204831719398499,
    "MouthDimpleLeft": 0.017371004447340965,
    "MouthDimpleRight": 0.01789150759577751,
    "MouthLowerDownLeft": 0.08519496023654938,
    "MouthLowerDownRight": 0.08821464329957962,
    "MouthUpperUpLeft": 0.022194724529981613,
    "MouthUpperUpRight": 0.024064447730779648,
    "BrowDownLeft": 0.4600687325000763,
    "BrowDownRight": 0.45999833941459656,
    "BrowInnerUp": 0.13077810406684875,
    "CheekSquintLeft": 0.03601303696632385,
    "CheekSquintRight": 0.04487408697605133,
    "NoseSneerLeft": 0.05278486758470535,
    "NoseSneerRight": 0.0571226105093956
  },
  "packet_size": 314,
  "packet_hex_preview": "060000002464646431326362302d333463612d313166302d383166662d3734353633633437336235330000000847616c6146616365003b95eafb3d07c8000000"
}