{
  "frame_id": 435,
  "timestamp": "2025-05-19T18:04:29.185138",
  "input_values": [
    0.0,
    0.0,
    0.0,
    0.0,
    0.0,
    0.0,
    0.0,
    0.0,
    0.0,
    0.0,
    0.0,
    0.0,
    0.0,
    0.0,
    0.005306524224579334,
    0.0001884980738395825,
    0.023139558732509613,
    0.04259497672319412,
    0.00023613144003320485,
    0.03922414407134056,
    0.0199830811470747,
    9.416665852768347e-05,
    0.004176804330199957,
    0.09887364506721497,
    0.08558117598295212,
    -1.583916127856355e-05,
    0.0001560419041197747,
    0.023649774491786957,
    0.023238087072968483,
    0.03005821630358696,
    0.02673787623643875,
    0.00033452510251663625,
    0.002259723609313369,
    0.0017348602414131165,
    0.004460408352315426,
    0.006103986408561468,
    0.0074581000953912735,
    0.14588278532028198,
    0.16184736788272858,
    0.051071591675281525,
    0.057433877140283585,
    0.7694900631904602,
    0.7693565487861633,
    0.26069876551628113,
    9.735934327181894e-06,
    2.0426363334991038e-05,
    0.0023806369863450527,
    0.054303593933582306,
    0.06794784218072891,
    0.04011683911085129,
    0.051492925733327866,
    0.0
  ],
  "active_shapes": {
    "JawRight": 0.023139558732509613,
    "JawOpen": 0.04259497672319412,
    "MouthFunnel": 0.03922414407134056,
    "MouthPucker": 0.0199830811470747,
    "MouthSmileLeft": 0.09887364506721497,
    "MouthSmileRight": 0.08558117598295212,
    "MouthDimpleLeft": 0.023649774491786957,
    "MouthDimpleRight": 0.023238087072968483,
    "MouthStretchLeft": 0.03005821630358696,
    "MouthStretchRight": 0.02673787623643875,
    "MouthLowerDownLeft": 0.14588278532028198,
    "MouthLowerDownRight": 0.16184736788272858,
    "MouthUpperUpLeft": 0.051071591675281525,
    "MouthUpperUpRight": 0.057433877140283585,
    "BrowDownLeft": 0.7694900631904602,
    "BrowDownRight": 0.7693565487861633,
    "BrowInnerUp": 0.26069876551628113,
    "CheekSquintLeft": 0.054303593933582306,
    "CheekSquintRight": 0.06794784218072891,
    "NoseSneerLeft": 0.04011683911085129,
    "NoseSneerRight": 0.051492925733327866
  },
  "packet_size": 314,
  "packet_hex_preview": "060000002464646431326362302d333463612d313166302d383166662d3734353633633437336235330000000847616c6146616365003b9297fb3d07c8000000"
}