{
  "frame_id": 442,
  "timestamp": "2025-05-19T18:04:29.481975",
  "input_values": [
    0.0,
    0.0,
    0.0,
    0.0,
    0.0,
    0.0,
    0.0,
    0.0,
    0.0,
    0.0,
    0.0,
    0.0,
    0.0,
    0.0,
    0.006752382963895798,
    7.46040532249026e-05,
    0.007286832667887211,
    0.013153363950550556,
    0.0023572470527142286,
    0.02006080560386181,
    0.0030053863301873207,
    0.00101589341647923,
    0.0001356080174446106,
    0.04029655456542969,
    0.044134847819805145,
    3.78130171156954e-05,
    6.024906178936362e-05,
    0.00599661935120821,
    0.005690448451787233,
    0.016445878893136978,
    0.01545967161655426,
    0.0013891777489334345,
    0.0011368667474016547,
    0.0016316283727064729,
    0.0022873603738844395,
    0.0003137163002975285,
    0.0007352128741331398,
    0.040493130683898926,
    0.03933291137218475,
    0.021593386307358742,
    0.023052018135786057,
    0.0029713325202465057,
    0.0029645238537341356,
    0.06930319219827652,
    0.037563905119895935,
    0.03764205798506737,
    -3.7403242458822206e-05,
    0.02380952425301075,
    0.029232805594801903,
    0.01582118310034275,
    0.018578708171844482,
    0.0
  ],
  "active_shapes": {
    "JawOpen": 0.013153363950550556,
    "MouthFunnel": 0.02006080560386181,
    "MouthSmileLeft": 0.04029655456542969,
    "MouthSmileRight": 0.044134847819805145,
    "MouthStretchLeft": 0.016445878893136978,
    "MouthStretchRight": 0.01545967161655426,
    "MouthLowerDownLeft": 0.040493130683898926,
    "MouthLowerDownRight": 0.03933291137218475,
    "MouthUpperUpLeft": 0.021593386307358742,
    "MouthUpperUpRight": 0.023052018135786057,
    "BrowInnerUp": 0.06930319219827652,
    "BrowOuterUpLeft": 0.037563905119895935,
    "BrowOuterUpRight": 0.03764205798506737,
    "CheekSquintLeft": 0.02380952425301075,
    "CheekSquintRight": 0.029232805594801903,
    "NoseSneerLeft": 0.01582118310034275,
    "NoseSneerRight": 0.018578708171844482
  },
  "packet_size": 314,
  "packet_hex_preview": "060000002464646431326362302d333463612d313166302d383166662d3734353633633437336235330000000847616c6146616365003b92a8fb3d07c8000000"
}