{
  "frame_id": 487,
  "timestamp": "2025-05-19T18:04:30.851396",
  "input_values": [
    0.0,
    0.0,
    0.0,
    0.0,
    0.0,
    0.0,
    0.0,
    0.0,
    0.0,
    0.0,
    0.0,
    0.0,
    0.0,
    0.0,
    0.0005594270187430084,
    0.0001129933079937473,
    0.005911533255130053,
    0.01544690690934658,
    0.0008820171933621168,
    0.011133924126625061,
    0.010976972989737988,
    0.0006306029390543699,
    0.0010127489222213626,
    0.04179820418357849,
    0.031471457332372665,
    1.4996157915447839e-05,
    6.0288148233667016e-05,
    0.011550921015441418,
    0.011318178847432137,
    0.006174297071993351,
    0.005820075981318951,
    0.00021340209059417248,
    0.002612012904137373,
    0.00046224225661717355,
    0.0006159545737318695,
    0.0037331818602979183,
    0.004124002065509558,
    0.060389190912246704,
    0.06306979060173035,
    0.0012960631866008043,
    0.0030282712541520596,
    0.27532199025154114,
    0.27510467171669006,
    0.06956391781568527,
    0.00946585088968277,
    0.009431558661162853,
    0.0011149427155032754,
    0.023175090551376343,
    0.027060430496931076,
    0.00910034216940403,
    0.007326418533921242,
    0.0
  ],
  "active_shapes": {
    "JawOpen": 0.01544690690934658,
    "MouthFunnel": 0.011133924126625061,
    "MouthPucker": 0.010976972989737988,
    "MouthSmileLeft": 0.04179820418357849,
    "MouthSmileRight": 0.031471457332372665,
    "MouthDimpleLeft": 0.011550921015441418,
    "MouthDimpleRight": 0.011318178847432137,
    "MouthLowerDownLeft": 0.060389190912246704,
    "MouthLowerDownRight": 0.06306979060173035,
    "BrowDownLeft": 0.27532199025154114,
    "BrowDownRight": 0.27510467171669006,
    "BrowInnerUp": 0.06956391781568527,
    "CheekSquintLeft": 0.023175090551376343,
    "CheekSquintRight": 0.027060430496931076
  },
  "packet_size": 314,
  "packet_hex_preview": "060000002464646431326362302d333463612d313166302d383166662d3734353633633437336235330000000847616c6146616365003b92fbfb3d07c8000000"
}