{
  "frame_id": 537,
  "timestamp": "2025-05-19T18:04:32.729204",
  "input_values": [
    0.0,
    0.0,
    0.0,
    0.0,
    0.0,
    0.0,
    0.0,
    0.0,
    0.0,
    0.0,
    0.0,
    0.0,
    0.0,
    0.0,
    0.0007735538529232144,
    0.00011352001456543803,
    0.009298295713961124,
    0.01527025830000639,
    0.0011161440052092075,
    0.03168534114956856,
    0.0015483652241528034,
    0.0001261216530110687,
    0.0005776925827376544,
    0.0737922191619873,
    0.06728626042604446,
    -9.12298037292203e-06,
    -1.5424711818923242e-05,
    0.008835646323859692,
    0.009440777823328972,
    -4.6076038415776566e-05,
    0.0005386691773310304,
    0.00019189828890375793,
    0.003014394547790289,
    0.0002387923886999488,
    0.001138558378443122,
    0.002982645994052291,
    0.002912384457886219,
    0.05778101831674576,
    0.06320816278457642,
    0.0282816793769598,
    0.03023209236562252,
    0.14795944094657898,
    0.14783170819282532,
    0.0068450565449893475,
    -2.1166497390368022e-05,
    -3.297981675132178e-05,
    -0.00013034685980528593,
    0.030543044209480286,
    0.033185675740242004,
    0.034513529390096664,
    0.026318982243537903,
    0.0
  ],
  "active_shapes": {
    "JawOpen": 0.01527025830000639,
    "MouthFunnel": 0.03168534114956856,
    "MouthSmileLeft": 0.0737922191619873,
    "MouthSmileRight": 0.06728626042604446,
    "MouthLowerDownLeft": 0.05778101831674576,
    "MouthLowerDownRight": 0.06320816278457642,
    "MouthUpperUpLeft": 0.0282816793769598,
    "MouthUpperUpRight": 0.03023209236562252,
    "BrowDownLeft": 0.14795944094657898,
    "BrowDownRight": 0.14783170819282532,
    "CheekSquintLeft": 0.030543044209480286,
    "CheekSquintRight": 0.033185675740242004,
    "NoseSneerLeft": 0.034513529390096664,
    "NoseSneerRight": 0.026318982243537903
  },
  "packet_size": 314,
  "packet_hex_preview": "060000002464646431326362302d333463612d313166302d383166662d3734353633633437336235330000000847616c6146616365003b936bfb3d07c8000000"
}