{
  "frame_id": 406,
  "timestamp": "2025-05-19T18:04:28.140631",
  "input_values": [
    0.0,
    0.0,
    0.0,
    0.0,
    0.0,
    0.0,
    0.0,
    0.0,
    0.0,
    0.0,
    0.0,
    0.0,
    0.0,
    0.0,
    0.010387572459876537,
    0.0001889998820843175,
    0.029509149491786957,
    0.057397328317165375,
    -0.00020105134171899408,
    0.030570458620786667,
    0.0013096318580210209,
    -0.0005673014093190432,
    0.009047335013747215,
    0.17092613875865936,
    0.16386578977108002,
    -5.124074232298881e-05,
    1.1321832062094472e-05,
    0.027448052540421486,
    0.02872110903263092,
    0.004783360753208399,
    0.00796461571007967,
    9.560974285705015e-05,
    0.0019378704018890858,
    0.008268306031823158,
    0.021005159243941307,
    0.005708651151508093,
    0.0072836317121982574,
    0.22778232395648956,
    0.24479062855243683,
    0.10387380421161652,
    0.11365354806184769,
    0.7559868097305298,
    0.7559508681297302,
    0.19370180368423462,
    -5.2305349527159706e-05,
    -0.00016062990471255034,
    0.0018578852759674191,
    0.08413050323724747,
    0.10692290216684341,
    0.10534745454788208,
    0.12936455011367798,
    0.0
  ],
  "active_shapes": {
    "JawForward": 0.010387572459876537,
    "JawRight": 0.029509149491786957,
    "JawOpen": 0.057397328317165375,
    "MouthFunnel": 0.030570458620786667,
    "MouthSmileLeft": 0.17092613875865936,
    "MouthSmileRight": 0.16386578977108002,
    "MouthDimpleLeft": 0.027448052540421486,
    "MouthDimpleRight": 0.02872110903263092,
    "MouthShrugUpper": 0.021005159243941307,
    "MouthLowerDownLeft": 0.22778232395648956,
    "MouthLowerDownRight": 0.24479062855243683,
    "MouthUpperUpLeft": 0.10387380421161652,
    "MouthUpperUpRight": 0.11365354806184769,
    "BrowDownLeft": 0.7559868097305298,
    "BrowDownRight": 0.7559508681297302,
    "BrowInnerUp": 0.19370180368423462,
    "CheekSquintLeft": 0.08413050323724747,
    "CheekSquintRight": 0.10692290216684341,
    "NoseSneerLeft": 0.10534745454788208,
    "NoseSneerRight": 0.12936455011367798
  },
  "packet_size": 314,
  "packet_hex_preview": "060000002464646431326362302d333463612d313166302d383166662d3734353633633437336235330000000847616c6146616365003b9258fb3d07c8000000"
}