{
  "frame_id": 51,
  "timestamp": "2025-05-19T18:04:17.045923",
  "input_values": [
    0.0,
    0.0,
    0.0,
    0.0,
    0.0,
    0.0,
    0.0,
    0.0,
    0.0,
    0.0,
    0.0,
    0.0,
    0.0,
    0.0,
    0.025964708998799324,
    0.0003192606964148581,
    0.014432740397751331,
    0.02693227492272854,
    0.05048157274723053,
    0.0004993589827790856,
    0.026083284988999367,
    0.0007067771512083709,
    0.009146016091108322,
    -0.0007879814365878701,
    0.0009408105979673564,
    0.004984581843018532,
    -3.649122663773596e-05,
    0.0013613635674118996,
    0.0020027337595820427,
    -9.81199336820282e-05,
    0.0009330952889285982,
    0.05609055608510971,
    0.002636326476931572,
    0.02505248785018921,
    0.008384090848267078,
    9.285129635827616e-05,
    0.0006035563419573009,
    0.0013485848903656006,
    -8.062608685577288e-05,
    -0.0018251094734296203,
    0.002577460603788495,
    0.0016689698677510023,
    0.001649281126447022,
    0.0007471210556104779,
    0.0007155712228268385,
    0.00036554381949827075,
    0.004513389430940151,
    0.03803904727101326,
    0.060296349227428436,
    0.06238085404038429,
    0.06825362890958786,
    0.0
  ],
  "active_shapes": {
    "JawForward": 0.025964708998799324,
    "JawRight": 0.014432740397751331,
    "JawOpen": 0.02693227492272854,
    "MouthClose": 0.05048157274723053,
    "MouthPucker": 0.026083284988999367,
    "MouthRollLower": 0.05609055608510971,
    "MouthShrugLower": 0.02505248785018921,
    "CheekSquintLeft": 0.03803904727101326,
    "CheekSquintRight": 0.060296349227428436,
    "NoseSneerLeft": 0.06238085404038429,
    "NoseSneerRight": 0.06825362890958786
  },
  "packet_size": 314,
  "packet_hex_preview": "060000002464646431326362302d333463612d313166302d383166662d3734353633633437336235330000000847616c6146616365003b8fbefb3d07c8000000"
}