{
  "frame_id": 55,
  "timestamp": "2025-05-19T18:04:17.085374",
  "input_values": [
    0.0,
    0.0,
    0.0,
    0.0,
    0.0,
    0.0,
    0.0,
    0.0,
    0.0,
    0.0,
    0.0,
    0.0,
    0.0,
    0.0,
    0.0008739077602513134,
    0.0001509256544522941,
    0.014903275296092033,
    0.007726944983005524,
    -6.520136230392382e-05,
    0.009618785232305527,
    0.0007860719342716038,
    0.0006036900449544191,
    0.0016593255568295717,
    0.11780589818954468,
    0.0909457802772522,
    3.877558629028499e-05,
    8.808845450403169e-05,
    0.02107587270438671,
    0.020812736824154854,
    0.013020334765315056,
    0.010382070206105709,
    0.0005904074059799314,
    0.0025501823984086514,
    0.00044520996743813157,
    0.007784823887050152,
    0.005661581642925739,
    0.0068565732799470425,
    0.1300821453332901,
    0.13664016127586365,
    0.05933556705713272,
    0.06387697160243988,
    0.6204837560653687,
    0.6203078627586365,
    0.19018520414829254,
    3.442010347498581e-05,
    4.555785562843084e-05,
    0.001960295718163252,
    0.03737024962902069,
    0.04531516879796982,
    0.03801758214831352,
    0.04827084392309189,
    0.0
  ],
  "active_shapes": {
    "JawRight": 0.014903275296092033,
    "MouthSmileLeft": 0.11780589818954468,
    "MouthSmileRight": 0.0909457802772522,
    "MouthDimpleLeft": 0.02107587270438671,
    "MouthDimpleRight": 0.020812736824154854,
    "MouthStretchLeft": 0.013020334765315056,
    "MouthStretchRight": 0.010382070206105709,
    "MouthLowerDownLeft": 0.1300821453332901,
    "MouthLowerDownRight": 0.13664016127586365,
    "MouthUpperUpLeft": 0.05933556705713272,
    "MouthUpperUpRight": 0.06387697160243988,
    "BrowDownLeft": 0.6204837560653687,
    "BrowDownRight": 0.6203078627586365,
    "BrowInnerUp": 0.19018520414829254,
    "CheekSquintLeft": 0.03737024962902069,
    "CheekSquintRight": 0.04531516879796982,
    "NoseSneerLeft": 0.03801758214831352,
    "NoseSneerRight": 0.04827084392309189
  },
  "packet_size": 314,
  "packet_hex_preview": "060000002464646431326362302d333463612d313166302d383166662d3734353633633437336235330000000847616c6146616365003b8fc0fb3d07c8000000"
}