{
  "frame_id": 683,
  "timestamp": "2025-05-19T18:04:40.751052",
  "input_values": [
    0.0,
    0.0,
    0.0,
    0.0,
    0.0,
    0.0,
    0.0,
    0.0,
    0.0,
    0.0,
    0.0,
    0.0,
    0.0,
    0.0,
    0.0021681382786482573,
    7.599312084494159e-05,
    0.0024991852696985006,
    0.012284575030207634,
    0.010372215881943703,
    0.01003092247992754,
    0.008219004608690739,
    0.00016377322026528418,
    0.0001681656576693058,
    0.04069860652089119,
    0.0427645705640316,
    -3.396289685042575e-05,
    3.889176150551066e-05,
    0.006259614136070013,
    0.007020183838903904,
    0.00040650414302945137,
    0.0004179230018053204,
    0.00014460075180977583,
    0.002732155378907919,
    4.0451512177241966e-05,
    4.99865273013711e-05,
    0.0015466558979824185,
    0.0016614890191704035,
    0.038039498031139374,
    0.03878534585237503,
    0.002426362130790949,
    0.0031050366815179586,
    0.1044849306344986,
    0.10435134172439575,
    0.001786440028809011,
    -4.7851517592789605e-05,
    -7.393318082904443e-05,
    0.0005179697764106095,
    0.02050950936973095,
    0.025641392916440964,
    0.0169064924120903,
    0.016532186418771744,
    0.0
  ],
  "active_shapes": {
    "JawOpen": 0.012284575030207634,
    "MouthClose": 0.010372215881943703,
    "MouthFunnel": 0.01003092247992754,
    "MouthSmileLeft": 0.04069860652089119,
    "MouthSmileRight": 0.0427645705640316,
    "MouthLowerDownLeft": 0.038039498031139374,
    "MouthLowerDownRight": 0.03878534585237503,
    "BrowDownLeft": 0.1044849306344986,
    "BrowDownRight": 0.10435134172439575,
    "CheekSquintLeft": 0.02050950936973095,
    "CheekSquintRight": 0.025641392916440964,
    "NoseSneerLeft": 0.0169064924120903,
    "NoseSneerRight": 0.016532186418771744
  },
  "packet_size": 314,
  "packet_hex_preview": "060000002464646431326362302d333463612d313166302d383166662d3734353633633437336235330000000847616c6146616365003b954dfb3d07c8000000"
}