{
  "frame_id": 344,
  "timestamp": "2025-05-19T18:04:26.417300",
  "input_values": [
    0.0,
    0.0,
    0.0,
    0.0,
    0.0,
    0.0,
    0.0,
    0.0,
    0.0,
    0.0,
    0.0,
    0.0,
    0.0,
    0.0,
    0.019574347883462906,
    7.406414079014212e-05,
    0.01085056271404028,
    0.0675707459449768,
    0.0005131142679601908,
    0.053453050553798676,
    0.0001254512753803283,
    0.002209653379395604,
    -3.692170139402151e-05,
    0.023654455319046974,
    0.020255587995052338,
    2.9117893063812517e-05,
    -1.0840443792403676e-05,
    0.012009624391794205,
    0.011129949241876602,
    0.04809846729040146,
    0.049434270709753036,
    0.00010114896576851606,
    0.0038210046477615833,
    4.237978282617405e-05,
    0.00010248892067465931,
    -1.3134211258147843e-05,
    0.00013269037299323827,
    0.12502261996269226,
    0.11983676254749298,
    0.024848753586411476,
    0.02443780191242695,
    -5.9653819334926084e-05,
    -2.7481914003146812e-05,
    0.1155470609664917,
    0.09136837720870972,
    0.09148543328046799,
    0.0001476742181694135,
    0.020284505560994148,
    0.02140485867857933,
    -9.396525274496526e-05,
    0.00011027495202142745,
    0.0
  ],
  "active_shapes": {
    "JawForward": 0.019574347883462906,
    "JawRight": 0.01085056271404028,
    "JawOpen": 0.0675707459449768,
    "MouthFunnel": 0.053453050553798676,
    "MouthSmileLeft": 0.023654455319046974,
    "MouthSmileRight": 0.020255587995052338,
    "MouthDimpleLeft": 0.012009624391794205,
    "MouthDimpleRight": 0.011129949241876602,
    "MouthStretchLeft": 0.04809846729040146,
    "MouthStretchRight": 0.049434270709753036,
    "MouthLowerDownLeft": 0.12502261996269226,
    "MouthLowerDownRight": 0.11983676254749298,
    "MouthUpperUpLeft": 0.024848753586411476,
    "MouthUpperUpRight": 0.02443780191242695,
    "BrowInnerUp": 0.1155470609664917,
    "BrowOuterUpLeft": 0.09136837720870972,
    "BrowOuterUpRight": 0.09148543328046799,
    "CheekSquintLeft": 0.020284505560994148,
    "CheekSquintRight": 0.02140485867857933
  },
  "packet_size": 314,
  "packet_hex_preview": "060000002464646431326362302d333463612d313166302d383166662d3734353633633437336235330000000847616c6146616365003b91f1fb3d07c8000000"
}