{
  "frame_id": 440,
  "timestamp": "2025-05-19T18:04:29.465131",
  "input_values": [
    0.0,
    0.0,
    0.0,
    0.0,
    0.0,
    0.0,
    0.0,
    0.0,
    0.0,
    0.0,
    0.0,
    0.0,
    0.0,
    0.0,
    0.0036584280896931887,
    3.732187542482279e-05,
    0.003908911254256964,
    0.008066769689321518,
    0.000921100378036499,
    0.012238468043506145,
    0.0006978692836128175,
    0.00047276384430006146,
    6.720131204929203e-05,
    0.0191380325704813,
    0.021409790962934494,
    6.674444193777163e-06,
    2.4977907742140815e-05,
    0.003464123699814081,
    0.003367142053321004,
    0.009727959521114826,
    0.009214199148118496,
    0.00012245011748746037,
    0.0005368780111894011,
    2.813558967318386e-05,
    0.0005917398957535625,
    0.000148812381667085,
    0.0003550200490280986,
    0.023626161739230156,
    0.02299947664141655,
    0.011824765242636204,
    0.012550887651741505,
    0.0015913809183984995,
    0.0015889646019786596,
    0.033128608018159866,
    0.0186386127024889,
    0.018677828833460808,
    -3.216206459910609e-05,
    0.011025620624423027,
    0.013607053086161613,
    0.006229027174413204,
    0.007535981945693493,
    0.0
  ],
  "active_shapes": {
    "MouthFunnel": 0.012238468043506145,
    "MouthSmileLeft": 0.0191380325704813,
    "MouthSmileRight": 0.021409790962934494,
    "MouthLowerDownLeft": 0.023626161739230156,
    "MouthLowerDownRight": 0.02299947664141655,
    "MouthUpperUpLeft": 0.011824765242636204,
    "MouthUpperUpRight": 0.012550887651741505,
    "BrowInnerUp": 0.033128608018159866,
    "BrowOuterUpLeft": 0.0186386127024889,
    "BrowOuterUpRight": 0.018677828833460808,
    "CheekSquintLeft": 0.011025620624423027,
    "CheekSquintRight": 0.013607053086161613
  },
  "packet_size": 314,
  "packet_hex_preview": "060000002464646431326362302d333463612d313166302d383166662d3734353633633437336235330000000847616c6146616365003b92a7fb3d07c8000000"
}