{
  "frame_id": 395,
  "timestamp": "2025-05-19T18:04:28.048296",
  "input_values": [
    0.0,
    0.0,
    0.0,
    0.0,
    0.0,
    0.0,
    0.0,
    0.0,
    0.0,
    0.0,
    0.0,
    0.0,
    0.0,
    0.0,
    0.0013489258708432317,
    3.9556707633892074e-05,
    0.005367230158299208,
    0.014553306624293327,
    0.00033465190790593624,
    0.0029246401973068714,
    0.00014173195813782513,
    0.00015128313680179417,
    0.0007222513668239117,
    0.028562257066369057,
    0.023283060640096664,
    -2.7016129024559632e-05,
    -9.705914635560475e-06,
    0.008240639232099056,
    0.008009941317141056,
    0.00795786827802658,
    0.006810481660068035,
    3.3669715776341036e-05,
    0.0010699877748265862,
    -3.6627297959057614e-05,
    0.00026295421412214637,
    0.0010492679430171847,
    0.001414760365150869,
    0.03646037355065346,
    0.039881106466054916,
    0.008447615429759026,
    0.00970937218517065,
    0.15992705523967743,
    0.15988609194755554,
    0.05654827505350113,
    -1.602385236765258e-05,
    -2.7943879103986546e-05,
    0.0006299045635387301,
    0.011585553176701069,
    0.01469230093061924,
    0.0024950692895799875,
    0.006437630858272314,
    0.0
  ],
  "active_shapes": {
    "JawOpen": 0.014553306624293327,
    "MouthSmileLeft": 0.028562257066369057,
    "MouthSmileRight": 0.023283060640096664,
    "MouthLowerDownLeft": 0.03646037355065346,
    "MouthLowerDownRight": 0.039881106466054916,
    "BrowDownLeft": 0.15992705523967743,
    "BrowDownRight": 0.15988609194755554,
    "BrowInnerUp": 0.05654827505350113,
    "CheekSquintLeft": 0.011585553176701069,
    "CheekSquintRight": 0.01469230093061924
  },
  "packet_size": 314,
  "packet_hex_preview": "060000002464646431326362302d333463612d313166302d383166662d3734353633633437336235330000000847616c6146616365003b9252fb3d07c8000000"
}