{
  "frame_id": 1,
  "timestamp": "2025-05-19T18:04:15.530521",
  "input_values": [
    0.0,
    0.0,
    0.0,
    0.0,
    0.0,
    0.0,
    0.0,
    0.0,
    0.0,
    0.0,
    0.0,
    0.0,
    0.0,
    0.0,
    0.0017970616463571787,
    3.715673665283248e-05,
    0.0037931310944259167,
    0.008503450080752373,
    -8.348366463906132e-06,
    0.03279254212975502,
    0.00130167743191123,
    0.0005841570673510432,
    0.00021765686688013375,
    0.03491618484258652,
    0.03552282601594925,
    7.640306284883991e-05,
    -1.219118985318346e-05,
    0.0028949608094990253,
    0.0032137290108948946,
    0.003902105614542961,
    0.004655915778130293,
    9.400910494150594e-05,
    0.0005089999758638442,
    3.492950781947002e-05,
    0.0007334473775699735,
    0.0007839467143639922,
    0.0009211428696289659,
    0.04838182032108307,
    0.0501006618142128,
    0.03023478016257286,
    0.031693920493125916,
    0.01857481524348259,
    0.018530074506998062,
    0.012600106187164783,
    0.0071562714874744415,
    0.0071870675310492516,
    -8.196484122890979e-05,
    0.014945410192012787,
    0.0154808908700943,
    0.01871546357870102,
    0.019593918696045876,
    0.0
  ],
  "active_shapes": {
    "MouthFunnel": 0.03279254212975502,
    "MouthSmileLeft": 0.03491618484258652,
    "MouthSmileRight": 0.03552282601594925,
    "MouthLowerDownLeft": 0.04838182032108307,
    "MouthLowerDownRight": 0.0501006618142128,
    "MouthUpperUpLeft": 0.03023478016257286,
    "MouthUpperUpRight": 0.031693920493125916,
    "BrowDownLeft": 0.01857481524348259,
    "BrowDownRight": 0.018530074506998062,
    "BrowInnerUp": 0.012600106187164783,
    "CheekSquintLeft": 0.014945410192012787,
    "CheekSquintRight": 0.0154808908700943,
    "NoseSneerLeft": 0.01871546357870102,
    "NoseSneerRight": 0.019593918696045876
  },
  "packet_size": 314,
  "packet_hex_preview": "060000002464646431326362302d333463612d313166302d383166662d3734353633633437336235330000000847616c6146616365003b8f63fb3d07c8000000"
}