{
  "frame_id": 690,
  "timestamp": "2025-05-19T18:04:41.125599",
  "input_values": [
    0.0,
    0.0,
    0.0,
    0.0,
    0.0,
    0.0,
    0.0,
    0.0,
    0.0,
    0.0,
    0.0,
    0.0,
    0.0,
    0.0,
    0.0010560066439211369,
    7.554843614343554e-05,
    0.0054160491563379765,
    0.0032735210843384266,
    0.00010864145588129759,
    0.0005647869547829032,
    0.02686977945268154,
    0.00024944148026406765,
    0.00132978823967278,
    0.004547798074781895,
    0.0008769233827479184,
    3.056330751860514e-05,
    0.0011548728216439486,
    0.006031675264239311,
    0.005774278659373522,
    0.003492295276373625,
    0.00396536523476243,
    0.00025401677703484893,
    0.00127967179287225,
    0.00019219050591345876,
    0.00043569583795033395,
    0.0028912886045873165,
    0.0033215500880032778,
    0.011939669027924538,
    0.013481659814715385,
    -0.00020537218370009214,
    1.4739870493940543e-05,
    0.29534488916397095,
    0.2952370345592499,
    0.10819000005722046,
    2.8658359951805323e-06,
    -3.955423835577676e-06,
    0.002392106456682086,
    0.012957747094333172,
    0.015648601576685905,
    9.749703167472035e-05,
    0.0012797442032024264,
    0.0
  ],
  "active_shapes": {
    "MouthPucker": 0.02686977945268154,
    "MouthLowerDownLeft": 0.011939669027924538,
    "MouthLowerDownRight": 0.013481659814715385,
    "BrowDownLeft": 0.29534488916397095,
    "BrowDownRight": 0.2952370345592499,
    "BrowInnerUp": 0.10819000005722046,
    "CheekSquintLeft": 0.012957747094333172,
    "CheekSquintRight": 0.015648601576685905
  },
  "packet_size": 314,
  "packet_hex_preview": "060000002464646431326362302d333463612d313166302d383166662d3734353633633437336235330000000847616c6146616365003b9563fb3d07c8000000"
}