{
  "frame_id": 222,
  "timestamp": "2025-05-19T18:04:22.301788",
  "input_values": [
    0.0,
    0.0,
    0.0,
    0.0,
    0.0,
    0.0,
    0.0,
    0.0,
    0.0,
    0.0,
    0.0,
    0.0,
    0.0,
    0.0,
    0.04544519633054733,
    0.00014527923485729843,
    0.03355465829372406,
    0.07228095829486847,
    -0.00018162999185733497,
    0.0550001859664917,
    1.8203631043434143e-05,
    0.012078686617314816,
    0.0008655531564727426,
    0.17823158204555511,
    0.16081248223781586,
    8.50024116516579e-06,
    8.975165837910026e-05,
    0.040617652237415314,
    0.03861704096198082,
    0.08561781048774719,
    0.093364417552948,
    0.000362279184628278,
    0.008457276970148087,
    -0.0002309527772013098,
    0.0002562590525485575,
    -0.00022282653662841767,
    0.0006788951577618718,
    0.3265872299671173,
    0.3289719521999359,
    0.10988634824752808,
    0.10522183030843735,
    -9.281277925765608e-06,
    -3.472590469755232e-05,
    0.4596331715583801,
    0.33516424894332886,
    0.3354686498641968,
    -0.00030322905513457954,
    0.06183785945177078,
    0.06346233189105988,
    -0.0005110033671371639,
    0.000821428548078984,
    0.0
  ],
  "active_shapes": {
    "JawForward": 0.04544519633054733,
    "JawRight": 0.03355465829372406,
    "JawOpen": 0.07228095829486847,
    "MouthFunnel": 0.0550001859664917,
    "MouthLeft": 0.012078686617314816,
    "MouthSmileLeft": 0.17823158204555511,
    "MouthSmileRight": 0.16081248223781586,
    "MouthDimpleLeft": 0.040617652237415314,
    "MouthDimpleRight": 0.03861704096198082,
    "MouthStretchLeft": 0.08561781048774719,
    "MouthStretchRight": 0.093364417552948,
    "MouthLowerDownLeft": 0.3265872299671173,
    "MouthLowerDownRight": 0.3289719521999359,
    "MouthUpperUpLeft": 0.10988634824752808,
    "MouthUpperUpRight": 0.10522183030843735,
    "BrowInnerUp": 0.4596331715583801,
    "BrowOuterUpLeft": 0.33516424894332886,
    "BrowOuterUpRight": 0.3354686498641968,
    "CheekSquintLeft": 0.06183785945177078,
    "CheekSquintRight": 0.06346233189105988
  },
  "packet_size": 314,
  "packet_hex_preview": "060000002464646431326362302d333463612d313166302d383166662d3734353633633437336235330000000847616c6146616365003b90fafb3d07c8000000"
}