{
  "frame_id": 94,
  "timestamp": "2025-05-19T18:04:18.367600",
  "input_values": [
    0.0,
    0.0,
    0.0,
    0.0,
    0.0,
    0.0,
    0.0,
    0.0,
    0.0,
    0.0,
    0.0,
    0.0,
    0.0,
    0.0,
    0.0023891497403383255,
    0.00012765833525918424,
    0.014141442254185677,
    0.039371177554130554,
    0.003709630575031042,
    0.03296590968966484,
    0.014286456629633904,
    -0.00011750125850085169,
    0.006533349864184856,
    0.030781686305999756,
    0.02549782767891884,
    -2.672470873221755e-05,
    -2.390496047155466e-05,
    0.0139703918248415,
    0.01351146586239338,
    0.014483592472970486,
    0.013349145650863647,
    0.00013757302076555789,
    0.0018871932988986373,
    0.00011553023068699986,
    0.002297095488756895,
    0.0030980047304183245,
    0.00397475203499198,
    0.05978654697537422,
    0.07539386302232742,
    0.01938554458320141,
    0.028562532737851143,
    0.4487505853176117,
    0.448623925447464,
    0.12583106756210327,
    0.00315292295999825,
    0.0030955644324421883,
    0.002009883988648653,
    0.026051627472043037,
    0.03701925277709961,
    0.030723584815859795,
    0.04000191017985344,
    0.0
  ],
  "active_shapes": {
    "JawRight": 0.014141442254185677,
    "JawOpen": 0.039371177554130554,
    "MouthFunnel": 0.03296590968966484,
    "MouthPucker": 0.014286456629633904,
    "MouthSmileLeft": 0.030781686305999756,
    "MouthSmileRight": 0.02549782767891884,
    "MouthDimpleLeft": 0.0139703918248415,
    "MouthDimpleRight": 0.01351146586239338,
    "MouthStretchLeft": 0.014483592472970486,
    "MouthStretchRight": 0.013349145650863647,
    "MouthLowerDownLeft": 0.05978654697537422,
    "MouthLowerDownRight": 0.07539386302232742,
    "MouthUpperUpLeft": 0.01938554458320141,
    "MouthUpperUpRight": 0.028562532737851143,
    "BrowDownLeft": 0.4487505853176117,
    "BrowDownRight": 0.448623925447464,
    "BrowInnerUp": 0.12583106756210327,
    "CheekSquintLeft": 0.026051627472043037,
    "CheekSquintRight": 0.03701925277709961,
    "NoseSneerLeft": 0.030723584815859795,
    "NoseSneerRight": 0.04000191017985344
  },
  "packet_size": 314,
  "packet_hex_preview": "060000002464646431326362302d333463612d313166302d383166662d3734353633633437336235330000000847616c6146616365003b900efb3d07c8000000"
}