{
  "frame_id": 140,
  "timestamp": "2025-05-19T18:04:19.699637",
  "input_values": [
    0.0,
    0.0,
    0.0,
    0.0,
    0.0,
    0.0,
    0.0,
    0.0,
    0.0,
    0.0,
    0.0,
    0.0,
    0.0,
    0.0,
    0.004784034565091133,
    0.00020129930635448545,
    0.016145192086696625,
    0.0737612321972847,
    0.0001437597384210676,
    0.07938861846923828,
    0.015242572873830795,
    -0.0002519655681680888,
    0.0073471940122544765,
    0.08905146270990372,
    0.08313315361738205,
    1.409131073160097e-05,
    -0.00016873814456630498,
    0.021700356155633926,
    0.02227766066789627,
    0.011716916225850582,
    0.006203342694789171,
    -1.910297214635648e-05,
    0.003024656092748046,
    0.0003221338556613773,
    0.006922319531440735,
    0.008245792239904404,
    0.00928635522723198,
    0.2023089975118637,
    0.21834248304367065,
    0.07859589159488678,
    0.09149734675884247,
    0.6895405650138855,
    0.6893389821052551,
    0.1307143121957779,
    0.0013472272548824549,
    0.001285980804823339,
    0.0017597493715584278,
    0.04336864501237869,
    0.05721713602542877,
    0.06943198293447495,
    0.07829155772924423,
    0.0
  ],
  "active_shapes": {
    "JawRight": 0.016145192086696625,
    "JawOpen": 0.0737612321972847,
    "MouthFunnel": 0.07938861846923828,
    "MouthPucker": 0.015242572873830795,
    "MouthSmileLeft": 0.08905146270990372,
    "MouthSmileRight": 0.08313315361738205,
    "MouthDimpleLeft": 0.021700356155633926,
    "MouthDimpleRight": 0.02227766066789627,
    "MouthStretchLeft": 0.011716916225850582,
    "MouthLowerDownLeft": 0.2023089975118637,
    "MouthLowerDownRight": 0.21834248304367065,
    "MouthUpperUpLeft": 0.07859589159488678,
    "MouthUpperUpRight": 0.09149734675884247,
    "BrowDownLeft": 0.6895405650138855,
    "BrowDownRight": 0.6893389821052551,
    "BrowInnerUp": 0.1307143121957779,
    "CheekSquintLeft": 0.04336864501237869,
    "CheekSquintRight": 0.05721713602542877,
    "NoseSneerLeft": 0.06943198293447495,
    "NoseSneerRight": 0.07829155772924423
  },
  "packet_size": 314,
  "packet_hex_preview": "060000002464646431326362302d333463612d313166302d383166662d3734353633633437336235330000000847616c6146616365003b905dfb3d07c8000000"
}