{
  "frame_id": 20,
  "timestamp": "2025-05-19T18:04:15.998865",
  "input_values": [
    0.0,
    0.0,
    0.0,
    0.0,
    0.0,
    0.0,
    0.0,
    0.0,
    0.0,
    0.0,
    0.0,
    0.0,
    0.0,
    0.0,
    0.00017381994985044003,
    3.793088035308756e-05,
    0.004409790970385075,
    0.0025495835579931736,
    2.3709872039034963e-05,
    0.0069461362436413765,
    0.005670433863997459,
    -1.393888123857323e-05,
    0.0006834114901721478,
    0.026670347899198532,
    0.023151766508817673,
    1.2990590221306775e-06,
    5.550012701860396e-06,
    0.002849902492016554,
    0.002861803164705634,
    -3.90508103009779e-05,
    0.00012150575639680028,
    5.276233423501253e-05,
    0.0004966574488207698,
    0.0046737478114664555,
    0.007656374480575323,
    0.0023047938011586666,
    0.002427006373181939,
    0.02199372835457325,
    0.023830316960811615,
    0.01892106421291828,
    0.02031243033707142,
    0.11761599779129028,
    0.11754648387432098,
    0.005313613917678595,
    -2.1535850464715622e-05,
    -1.6528396372450516e-05,
    6.50691072223708e-05,
    0.012620647437870502,
    0.01403007935732603,
    0.02973203733563423,
    0.029329722747206688,
    0.0
  ],
  "active_shapes": {
    "MouthSmileLeft": 0.026670347899198532,
    "MouthSmileRight": 0.023151766508817673,
    "MouthLowerDownLeft": 0.02199372835457325,
    "MouthLowerDownRight": 0.023830316960811615,
    "MouthUpperUpLeft": 0.01892106421291828,
    "MouthUpperUpRight": 0.02031243033707142,
    "BrowDownLeft": 0.11761599779129028,
    "BrowDownRight": 0.11754648387432098,
    "CheekSquintLeft": 0.012620647437870502,
    "CheekSquintRight": 0.01403007935732603,
    "NoseSneerLeft": 0.02973203733563423,
    "NoseSneerRight": 0.029329722747206688
  },
  "packet_size": 314,
  "packet_hex_preview": "060000002464646431326362302d333463612d313166302d383166662d3734353633633437336235330000000847616c6146616365003b8f7ffb3d07c8000000"
}