{
  "frame_id": 482,
  "timestamp": "2025-05-19T18:04:30.806945",
  "input_values": [
    0.0,
    0.0,
    0.0,
    0.0,
    0.0,
    0.0,
    0.0,
    0.0,
    0.0,
    0.0,
    0.0,
    0.0,
    0.0,
    0.0,
    0.014399485662579536,
    0.00010975180339301005,
    0.00891789048910141,
    0.013615133240818977,
    0.002381413010880351,
    0.052649643272161484,
    0.022691383957862854,
    0.0064859772101044655,
    0.0003863444726448506,
    0.0423564575612545,
    0.03676043823361397,
    0.0001522267411928624,
    0.00024079938884824514,
    0.008238567970693111,
    0.006520992144942284,
    0.034439053386449814,
    0.028997818008065224,
    0.0040465123020112514,
    0.004121067002415657,
    0.014976931735873222,
    0.011326093226671219,
    0.001228745561093092,
    0.001909961341880262,
    0.0570133738219738,
    0.05757914111018181,
    0.03535487502813339,
    0.037220101803541183,
    -5.992993465042673e-05,
    -0.00010610300523694605,
    0.26573410630226135,
    0.23926079273223877,
    0.23941336572170258,
    0.0013392682885751128,
    0.03601931035518646,
    0.03966324031352997,
    0.0027608198579400778,
    0.01104846689850092,
    0.0
  ],
  "active_shapes": {
    "JawForward": 0.014399485662579536,
    "JawOpen": 0.013615133240818977,
    "MouthFunnel": 0.052649643272161484,
    "MouthPucker": 0.022691383957862854,
    "MouthSmileLeft": 0.0423564575612545,
    "MouthSmileRight": 0.03676043823361397,
    "MouthStretchLeft": 0.034439053386449814,
    "MouthStretchRight": 0.028997818008065224,
    "MouthShrugLower": 0.014976931735873222,
    "MouthShrugUpper": 0.011326093226671219,
    "MouthLowerDownLeft": 0.0570133738219738,
    "MouthLowerDownRight": 0.05757914111018181,
    "MouthUpperUpLeft": 0.03535487502813339,
    "MouthUpperUpRight": 0.037220101803541183,
    "BrowInnerUp": 0.26573410630226135,
    "BrowOuterUpLeft": 0.23926079273223877,
    "BrowOuterUpRight": 0.23941336572170258,
    "CheekSquintLeft": 0.03601931035518646,
    "CheekSquintRight": 0.03966324031352997,
    "NoseSneerRight": 0.01104846689850092
  },
  "packet_size": 314,
  "packet_hex_preview": "060000002464646431326362302d333463612d313166302d383166662d3734353633633437336235330000000847616c6146616365003b92f8fb3d07c8000000"
}