{
  "frame_id": 234,
  "timestamp": "2025-05-19T18:04:22.750313",
  "input_values": [
    0.0,
    0.0,
    0.0,
    0.0,
    0.0,
    0.0,
    0.0,
    0.0,
    0.0,
    0.0,
    0.0,
    0.0,
    0.0,
    0.0,
    0.01172306202352047,
    0.00020640873117372394,
    0.021136200055480003,
    0.06190328672528267,
    0.00012980868632439524,
    0.047719456255435944,
    0.0007866482483223081,
    0.0013542158994823694,
    0.00044542679097503424,
    0.09192486107349396,
    0.07841995358467102,
    2.378123826929368e-05,
    6.4676301008148585e-06,
    0.026407966390252113,
    0.0264686718583107,
    0.032333746552467346,
    0.02839687280356884,
    -0.0002355453179916367,
    0.00487484410405159,
    -7.740799628663808e-05,
    0.000709422689396888,
    0.0021818121895194054,
    0.002594524994492531,
    0.18050774931907654,
    0.1915532350540161,
    0.05400274693965912,
    0.05895942077040672,
    0.18105541169643402,
    0.18084782361984253,
    0.06327073276042938,
    0.0503074936568737,
    0.050268467515707016,
    -0.00026118289679288864,
    0.027394864708185196,
    0.03261655196547508,
    0.012664616107940674,
    0.010963231325149536,
    0.0
  ],
  "active_shapes": {
    "JawForward": 0.01172306202352047,
    "JawRight": 0.021136200055480003,
    "JawOpen": 0.06190328672528267,
    "MouthFunnel": 0.047719456255435944,
    "MouthSmileLeft": 0.09192486107349396,
    "MouthSmileRight": 0.07841995358467102,
    "MouthDimpleLeft": 0.026407966390252113,
    "MouthDimpleRight": 0.0264686718583107,
    "MouthStretchLeft": 0.032333746552467346,
    "MouthStretchRight": 0.02839687280356884,
    "MouthLowerDownLeft": 0.18050774931907654,
    "MouthLowerDownRight": 0.1915532350540161,
    "MouthUpperUpLeft": 0.05400274693965912,
    "MouthUpperUpRight": 0.05895942077040672,
    "BrowDownLeft": 0.18105541169643402,
    "BrowDownRight": 0.18084782361984253,
    "BrowInnerUp": 0.06327073276042938,
    "BrowOuterUpLeft": 0.0503074936568737,
    "BrowOuterUpRight": 0.050268467515707016,
    "CheekSquintLeft": 0.027394864708185196,
    "CheekSquintRight": 0.03261655196547508,
    "NoseSneerLeft": 0.012664616107940674,
    "NoseSneerRight": 0.010963231325149536
  },
  "packet_size": 314,
  "packet_hex_preview": "060000002464646431326362302d333463612d313166302d383166662d3734353633633437336235330000000847616c6146616365003b9115fb3d07c8000000"
}