{
  "frame_id": 35,
  "timestamp": "2025-05-19T18:04:16.557444",
  "input_values": [
    0.0,
    0.0,
    0.0,
    0.0,
    0.0,
    0.0,
    0.0,
    0.0,
    0.0,
    0.0,
    0.0,
    0.0,
    0.0,
    0.0,
    0.0009328294545412064,
    3.785870649153367e-05,
    0.006439692340791225,
    0.0061873747035861015,
    -4.861297566094436e-05,
    0.007162651978433132,
    0.00033784101833589375,
    -0.00010239653056487441,
    0.0011420173104852438,
    0.029076293110847473,
    0.02516670897603035,
    -1.2663328561757226e-05,
    6.891713383083697e-06,
    0.0036309969145804644,
    0.0035930457524955273,
    1.8210417692898773e-05,
    0.00010953284800052643,
    2.0894589397357777e-05,
    0.0001738647260935977,
    0.0012744576670229435,
    0.005252956412732601,
    0.0021858583204448223,
    0.002382482634857297,
    0.030752334743738174,
    0.033661458641290665,
    0.023206137120723724,
    0.024659717455506325,
    0.15435099601745605,
    0.1543053686618805,
    0.034032441675662994,
    1.1637062158342815e-07,
    -2.1236926841083914e-05,
    0.00036132652894593775,
    0.01481770258396864,
    0.01710684224963188,
    0.02380838617682457,
    0.024248668923974037,
    0.0
  ],
  "active_shapes": {
    "MouthSmileLeft": 0.029076293110847473,
    "MouthSmileRight": 0.02516670897603035,
    "MouthLowerDownLeft": 0.030752334743738174,
    "MouthLowerDownRight": 0.033661458641290665,
    "MouthUpperUpLeft": 0.023206137120723724,
    "MouthUpperUpRight": 0.024659717455506325,
    "BrowDownLeft": 0.15435099601745605,
    "BrowDownRight": 0.1543053686618805,
    "BrowInnerUp": 0.034032441675662994,
    "CheekSquintLeft": 0.01481770258396864,
    "CheekSquintRight": 0.01710684224963188,
    "NoseSneerLeft": 0.02380838617682457,
    "NoseSneerRight": 0.024248668923974037
  },
  "packet_size": 314,
  "packet_hex_preview": "060000002464646431326362302d333463612d313166302d383166662d3734353633633437336235330000000847616c6146616365003b8fa1fb3d07c8000000"
}