{
  "frame_id": 90,
  "timestamp": "2025-05-19T18:04:18.333912",
  "input_values": [
    0.0,
    0.0,
    0.0,
    0.0,
    0.0,
    0.0,
    0.0,
    0.0,
    0.0,
    0.0,
    0.0,
    0.0,
    0.0,
    0.0,
    0.00041341403266415,
    4.0854993130778894e-05,
    0.0038686140906065702,
    0.011251370422542095,
    0.0008785870741121471,
    0.006247788202017546,
    0.0036177881993353367,
    -2.3250675440067425e-05,
    0.0017781868809834123,
    0.011770593002438545,
    0.010039998218417168,
    -1.0607744115986861e-05,
    1.466785488446476e-05,
    0.0045828139409422874,
    0.004428423009812832,
    0.004765902645885944,
    0.003566144499927759,
    8.520102710463107e-05,
    0.0005860937526449561,
    7.830678805476055e-05,
    0.0007989962468855083,
    0.0012940815649926662,
    0.0015856206882745028,
    0.02156335674226284,
    0.02582033909857273,
    0.004671724978834391,
    0.006720396224409342,
    0.15378357470035553,
    0.1537354439496994,
    0.0436365120112896,
    -3.4975506423506886e-05,
    -4.689195702667348e-05,
    0.0006936602876521647,
    0.008824944496154785,
    0.012118729762732983,
    0.011186894960701466,
    0.013792291283607483,
    0.0
  ],
  "active_shapes": {
    "JawOpen": 0.011251370422542095,
    "MouthSmileLeft": 0.011770593002438545,
    "MouthSmileRight": 0.010039998218417168,
    "MouthLowerDownLeft": 0.02156335674226284,
    "MouthLowerDownRight": 0.02582033909857273,
    "BrowDownLeft": 0.15378357470035553,
    "BrowDownRight": 0.1537354439496994,
    "BrowInnerUp": 0.0436365120112896,
    "CheekSquintRight": 0.012118729762732983,
    "NoseSneerLeft": 0.011186894960701466,
    "NoseSneerRight": 0.013792291283607483
  },
  "packet_size": 314,
  "packet_hex_preview": "060000002464646431326362302d333463612d313166302d383166662d3734353633633437336235330000000847616c6146616365003b900cfb3d07c8000000"
}