{
  "frame_id": 372,
  "timestamp": "2025-05-19T18:04:27.242688",
  "input_values": [
    0.0,
    0.0,
    0.0,
    0.0,
    0.0,
    0.0,
    0.0,
    0.0,
    0.0,
    0.0,
    0.0,
    0.0,
    0.0,
    0.0,
    0.0029989168979227543,
    8.530855120625347e-05,
    0.01071338914334774,
    0.03618224710226059,
    1.2383658031467348e-05,
    0.03336821869015694,
    0.0005294756265357137,
    -0.00010243339784210548,
    0.0011469452874734998,
    0.035626206547021866,
    0.031608447432518005,
    -2.7741677968151635e-06,
    -3.3639582397881895e-05,
    0.008015316911041737,
    0.007891552522778511,
    0.0030825401190668344,
    0.0026239834260195494,
    3.68172004527878e-05,
    0.0010904333321377635,
    8.78677237778902e-05,
    0.002681075595319271,
    0.0025534876622259617,
    0.0029618681874126196,
    0.09220912307500839,
    0.10142600536346436,
    0.04280302673578262,
    0.04854293912649155,
    0.29472196102142334,
    0.2946557104587555,
    0.05771046131849289,
    -2.92253043880919e-05,
    -6.98724397807382e-05,
    0.0008418764919042587,
    0.019239410758018494,
    0.02386772818863392,
    0.030879277735948563,
    0.033638425171375275,
    0.0
  ],
  "active_shapes": {
    "JawRight": 0.01071338914334774,
    "JawOpen": 0.03618224710226059,
    "MouthFunnel": 0.03336821869015694,
    "MouthSmileLeft": 0.035626206547021866,
    "MouthSmileRight": 0.031608447432518005,
    "MouthLowerDownLeft": 0.09220912307500839,
    "MouthLowerDownRight": 0.10142600536346436,
    "MouthUpperUpLeft": 0.04280302673578262,
    "MouthUpperUpRight": 0.04854293912649155,
    "BrowDownLeft": 0.29472196102142334,
    "BrowDownRight": 0.2946557104587555,
    "BrowInnerUp": 0.05771046131849289,
    "CheekSquintLeft": 0.019239410758018494,
    "CheekSquintRight": 0.02386772818863392,
    "NoseSneerLeft": 0.030879277735948563,
    "NoseSneerRight": 0.033638425171375275
  },
  "packet_size": 314,
  "packet_hex_preview": "060000002464646431326362302d333463612d313166302d383166662d3734353633633437336235330000000847616c6146616365003b9222fb3d07c8000000"
}