{
  "frame_id": 662,
  "timestamp": "2025-05-19T18:04:39.528168",
  "input_values": [
    0.0,
    0.0,
    0.0,
    0.0,
    0.0,
    0.0,
    0.0,
    0.0,
    0.0,
    0.0,
    0.0,
    0.0,
    0.0,
    0.0,
    0.008426502346992493,
    0.00012774440983776003,
    0.009932064451277256,
    0.029211442917585373,
    0.018728414550423622,
    0.02306308224797249,
    0.020344557240605354,
    9.442089503863826e-05,
    0.007498961873352528,
    -0.0006082843756303191,
    0.0005545297171920538,
    0.0003386588650755584,
    -0.0002670045359991491,
    -0.00010319983994122595,
    0.00035352440318092704,
    -0.0004291791992727667,
    0.00176930520683527,
    6.382787978509441e-05,
    0.0006034589605405927,
    0.0003493661351967603,
    0.0007909350097179413,
    0.00030035129748284817,
    0.00023336487356573343,
    0.0006622672080993652,
    0.014269931241869926,
    0.003074265317991376,
    0.010034959763288498,
    0.00035598367685452104,
    0.00038239016430452466,
    1.8397598978481255e-05,
    0.00046034198021516204,
    0.0003166078822687268,
    0.001748667098581791,
    0.004763537086546421,
    0.014004725031554699,
    0.017154864966869354,
    0.02254236862063408,
    0.0
  ],
  "active_shapes": {
    "JawOpen": 0.029211442917585373,
    "MouthClose": 0.018728414550423622,
    "MouthFunnel": 0.02306308224797249,
    "MouthPucker": 0.020344557240605354,
    "MouthLowerDownRight": 0.014269931241869926,
    "MouthUpperUpRight": 0.010034959763288498,
    "CheekSquintRight": 0.014004725031554699,
    "NoseSneerLeft": 0.017154864966869354,
    "NoseSneerRight": 0.02254236862063408
  },
  "packet_size": 314,
  "packet_hex_preview": "060000002464646431326362302d333463612d313166302d383166662d3734353633633437336235330000000847616c6146616365003b9503fb3d07c8000000"
}