{
  "frame_id": 265,
  "timestamp": "2025-05-19T18:04:23.735104",
  "input_values": [
    0.0,
    0.0,
    0.0,
    0.0,
    0.0,
    0.0,
    0.0,
    0.0,
    0.0,
    0.0,
    0.0,
    0.0,
    0.0,
    0.0,
    0.007756209932267666,
    0.00021500892762560397,
    0.02785268798470497,
    0.045705243945121765,
    0.00038784314529038966,
    0.06818187981843948,
    0.062889464199543,
    0.00011060084943892434,
    0.00869122426956892,
    0.03252106159925461,
    0.03278361260890961,
    -3.1490148103330284e-05,
    -8.004255505511537e-05,
    0.009468191303312778,
    0.009170899167656898,
    -0.00023241635062731802,
    0.0009013093076646328,
    -0.00027164339553564787,
    0.0021732544992119074,
    0.009601658210158348,
    0.021693801507353783,
    0.006301140412688255,
    0.006802227348089218,
    0.08422718942165375,
    0.10142998397350311,
    0.05246463418006897,
    0.06269240379333496,
    0.32869505882263184,
    0.3284327983856201,
    0.000874884775839746,
    -0.0004584764246828854,
    -0.000523666269145906,
    0.0010711295763030648,
    0.03156059607863426,
    0.0412137396633625,
    0.05945002660155296,
    0.06926891207695007,
    0.0
  ],
  "active_shapes": {
    "JawRight": 0.02785268798470497,
    "JawOpen": 0.045705243945121765,
    "MouthFunnel": 0.06818187981843948,
    "MouthPucker": 0.062889464199543,
    "MouthSmileLeft": 0.03252106159925461,
    "MouthSmileRight": 0.03278361260890961,
    "MouthShrugUpper": 0.021693801507353783,
    "MouthLowerDownLeft": 0.08422718942165375,
    "MouthLowerDownRight": 0.10142998397350311,
    "MouthUpperUpLeft": 0.05246463418006897,
    "MouthUpperUpRight": 0.06269240379333496,
    "BrowDownLeft": 0.32869505882263184,
    "BrowDownRight": 0.3284327983856201,
    "CheekSquintLeft": 0.03156059607863426,
    "CheekSquintRight": 0.0412137396633625,
    "NoseSneerLeft": 0.05945002660155296,
    "NoseSneerRight": 0.06926891207695007
  },
  "packet_size": 314,
  "packet_hex_preview": "060000002464646431326362302d333463612d313166302d383166662d3734353633633437336235330000000847616c6146616365003b9150fb3d07c8000000"
}