{
  "frame_id": 647,
  "timestamp": "2025-05-19T18:04:38.770165",
  "input_values": [
    0.0,
    0.0,
    0.0,
    0.0,
    0.0,
    0.0,
    0.0,
    0.0,
    0.0,
    0.0,
    0.0,
    0.0,
    0.0,
    0.0,
    0.00047764944611117244,
    3.7792349758092314e-05,
    0.004619046114385128,
    0.0004268514458090067,
    -0.00010728563938755542,
    0.00937134213745594,
    0.0030989511869847775,
    5.145184786670143e-06,
    0.0009927820647135377,
    0.03455539047718048,
    0.030740758404135704,
    9.944792509486433e-07,
    -2.358116216782946e-05,
    0.0036227062810212374,
    0.0036093469243496656,
    -1.806091495382134e-05,
    -1.101491943700239e-05,
    6.160754128359258e-05,
    0.0003157031023874879,
    0.016628887504339218,
    0.020989177748560905,
    0.003278210759162903,
    0.0035595607478171587,
    0.02408081851899624,
    0.02622593566775322,
    0.035868387669324875,
    0.03883098438382149,
    0.12910579144954681,
    0.12904109060764313,
    0.0008564540185034275,
    -5.15854153491091e-05,
    -6.210043648025021e-05,
    0.0001278948475373909,
    0.014799922704696655,
    0.018027059733867645,
    0.04003562778234482,
    0.043951816856861115,
    0.0
  ],
  "active_shapes": {
    "MouthSmileLeft": 0.03455539047718048,
    "MouthSmileRight": 0.030740758404135704,
    "MouthShrugLower": 0.016628887504339218,
    "MouthShrugUpper": 0.020989177748560905,
    "MouthLowerDownLeft": 0.02408081851899624,
    "MouthLowerDownRight": 0.02622593566775322,
    "MouthUpperUpLeft": 0.035868387669324875,
    "MouthUpperUpRight": 0.03883098438382149,
    "BrowDownLeft": 0.12910579144954681,
    "BrowDownRight": 0.12904109060764313,
    "CheekSquintLeft": 0.014799922704696655,
    "CheekSquintRight": 0.018027059733867645,
    "NoseSneerLeft": 0.04003562778234482,
    "NoseSneerRight": 0.043951816856861115
  },
  "packet_size": 314,
  "packet_hex_preview": "060000002464646431326362302d333463612d313166302d383166662d3734353633633437336235330000000847616c6146616365003b94d6fb3d07c8000000"
}