{
  "frame_id": 89,
  "timestamp": "2025-05-19T18:04:18.324409",
  "input_values": [
    0.0,
    0.0,
    0.0,
    0.0,
    0.0,
    0.0,
    0.0,
    0.0,
    0.0,
    0.0,
    0.0,
    0.0,
    0.0,
    0.0,
    0.004039255436509848,
    7.449505210388452e-05,
    0.007405937649309635,
    0.016851715743541718,
    0.00024965923512354493,
    0.06520912051200867,
    0.025491084903478622,
    0.0008210618980228901,
    7.037533214315772e-05,
    0.05653931945562363,
    0.055240221321582794,
    -1.3057477872280288e-06,
    8.863231778377667e-05,
    0.0036504268646240234,
    0.003531095804646611,
    0.0003800663980655372,
    0.00017847635899670422,
    -2.3531787519459613e-05,
    0.0013100308133289218,
    0.002231854945421219,
    0.00873792078346014,
    0.0018231027061119676,
    0.0022099667694419622,
    0.06814552843570709,
    0.07013500481843948,
    0.05173882842063904,
    0.05371970683336258,
    0.04621269926428795,
    0.04620460420846939,
    0.050260771065950394,
    0.010180201381444931,
    0.010222142562270164,
    7.080335490172729e-05,
    0.03885076195001602,
    0.043779514729976654,
    0.03301755711436272,
    0.03776349872350693,
    0.0
  ],
  "active_shapes": {
    "JawOpen": 0.016851715743541718,
    "MouthFunnel": 0.06520912051200867,
    "MouthPucker": 0.025491084903478622,
    "MouthSmileLeft": 0.05653931945562363,
    "MouthSmileRight": 0.055240221321582794,
    "MouthLowerDownLeft": 0.06814552843570709,
    "MouthLowerDownRight": 0.07013500481843948,
    "MouthUpperUpLeft": 0.05173882842063904,
    "MouthUpperUpRight": 0.05371970683336258,
    "BrowDownLeft": 0.04621269926428795,
    "BrowDownRight": 0.04620460420846939,
    "BrowInnerUp": 0.050260771065950394,
    "BrowOuterUpLeft": 0.010180201381444931,
    "BrowOuterUpRight": 0.010222142562270164,
    "CheekSquintLeft": 0.03885076195001602,
    "CheekSquintRight": 0.043779514729976654,
    "NoseSneerLeft": 0.03301755711436272,
    "NoseSneerRight": 0.03776349872350693
  },
  "packet_size": 314,
  "packet_hex_preview": "060000002464646431326362302d333463612d313166302d383166662d3734353633633437336235330000000847616c6146616365003b900bfb3d07c8000000"
}