{
  "frame_id": 670,
  "timestamp": "2025-05-19T18:04:39.908495",
  "input_values": [
    0.0,
    0.0,
    0.0,
    0.0,
    0.0,
    0.0,
    0.0,
    0.0,
    0.0,
    0.0,
    0.0,
    0.0,
    0.0,
    0.0,
    0.0009610990528017282,
    0.00011305782390991226,
    0.016012784093618393,
    0.047117866575717926,
    -0.0001755363482516259,
    0.03194688633084297,
    0.0004393160925246775,
    0.0002524913288652897,
    0.0017448619473725557,
    0.08181782066822052,
    0.06260436028242111,
    -2.8647316867136396e-05,
    2.363200837862678e-05,
    0.018113205209374428,
    0.017732957378029823,
    0.004777305759489536,
    0.005616133101284504,
    0.00021894497331231833,
    0.0018722323002293706,
    8.092902135103941e-05,
    0.0060085514560341835,
    0.004572819918394089,
    0.005461709573864937,
    0.14041659235954285,
    0.1491561084985733,
    0.05626935511827469,
    0.06209421157836914,
    0.47553491592407227,
    0.47544050216674805,
    0.10863590240478516,
    -1.0269573976984248e-05,
    -3.6101191653870046e-05,
    0.0016369030345231295,
    0.02828613668680191,
    0.034364938735961914,
    0.028597254306077957,
    0.03912368789315224,
    0.0
  ],
  "active_shapes": {
    "JawRight": 0.016012784093618393,
    "JawOpen": 0.047117866575717926,
    "MouthFunnel": 0.03194688633084297,
    "MouthSmileLeft": 0.08181782066822052,
    "MouthSmileRight": 0.06260436028242111,
    "MouthDimpleLeft": 0.018113205209374428,
    "MouthDimpleRight": 0.017732957378029823,
    "MouthLowerDownLeft": 0.14041659235954285,
    "MouthLowerDownRight": 0.1491561084985733,
    "MouthUpperUpLeft": 0.05626935511827469,
    "MouthUpperUpRight": 0.06209421157836914,
    "BrowDownLeft": 0.47553491592407227,
    "BrowDownRight": 0.47544050216674805,
    "BrowInnerUp": 0.10863590240478516,
    "CheekSquintLeft": 0.02828613668680191,
    "CheekSquintRight": 0.034364938735961914,
    "NoseSneerLeft": 0.028597254306077957,
    "NoseSneerRight": 0.03912368789315224
  },
  "packet_size": 314,
  "packet_hex_preview": "060000002464646431326362302d333463612d313166302d383166662d3734353633633437336235330000000847616c6146616365003b951afb3d07c8000000"
}