{
  "frame_id": 584,
  "timestamp": "2025-05-19T18:04:35.298973",
  "input_values": [
    0.0,
    0.0,
    0.0,
    0.0,
    0.0,
    0.0,
    0.0,
    0.0,
    0.0,
    0.0,
    0.0,
    0.0,
    0.0,
    0.0,
    0.0008358531631529331,
    3.770079274545424e-05,
    0.006459168158471584,
    0.014631470665335655,
    -3.2030548027250916e-06,
    0.01470425445586443,
    0.00554727204144001,
    -5.9440288168843836e-05,
    0.002525398973375559,
    0.022463273257017136,
    0.018435778096318245,
    3.1188690741146274e-07,
    4.021034783363575e-06,
    0.0033881482668220997,
    0.00323621928691864,
    2.0492323528742418e-05,
    0.00014032507897354662,
    -9.01120529306354e-06,
    0.00026872128364630044,
    0.001178563805297017,
    0.007015117909759283,
    0.002313997596502304,
    0.002571931341663003,
    0.03759170323610306,
    0.042048461735248566,
    0.02605339325964451,
    0.028975430876016617,
    0.1670752316713333,
    0.16703005135059357,
    0.02695630118250847,
    9.218952982337214e-06,
    -7.928878403618e-06,
    0.0002646888606250286,
    0.012724834494292736,
    0.015226942487061024,
    0.029901951551437378,
    0.03323899582028389,
    0.0
  ],
  "active_shapes": {
    "JawOpen": 0.014631470665335655,
    "MouthFunnel": 0.01470425445586443,
    "MouthSmileLeft": 0.022463273257017136,
    "MouthSmileRight": 0.018435778096318245,
    "MouthLowerDownLeft": 0.03759170323610306,
    "MouthLowerDownRight": 0.042048461735248566,
    "MouthUpperUpLeft": 0.02605339325964451,
    "MouthUpperUpRight": 0.028975430876016617,
    "BrowDownLeft": 0.1670752316713333,
    "BrowDownRight": 0.16703005135059357,
    "BrowInnerUp": 0.02695630118250847,
    "CheekSquintLeft": 0.012724834494292736,
    "CheekSquintRight": 0.015226942487061024,
    "NoseSneerLeft": 0.029901951551437378,
    "NoseSneerRight": 0.03323899582028389
  },
  "packet_size": 314,
  "packet_hex_preview": "060000002464646431326362302d333463612d313166302d383166662d3734353633633437336235330000000847616c6146616365003b9405fb3d07c8000000"
}