{
  "frame_id": 59,
  "timestamp": "2025-05-19T18:04:17.433986",
  "input_values": [
    0.0,
    0.0,
    0.0,
    0.0,
    0.0,
    0.0,
    0.0,
    0.0,
    0.0,
    0.0,
    0.0,
    0.0,
    0.0,
    0.0,
    0.004347122274339199,
    3.792178176809102e-05,
    0.007516083773225546,
    0.02611171267926693,
    -3.853692760458216e-05,
    0.022975631058216095,
    0.01153719611465931,
    -0.0001388006203342229,
    0.0011997615220025182,
    0.009467738680541515,
    0.008793732151389122,
    -2.4128401491907425e-05,
    4.718457057606429e-05,
    0.00337740546092391,
    0.003399144159629941,
    0.00013332939124666154,
    0.00022774185345042497,
    -4.419403921929188e-05,
    0.00019306402828078717,
    5.105983655084856e-05,
    0.00210430845618248,
    0.0018748240545392036,
    0.0020809858106076717,
    0.05645463988184929,
    0.05930684879422188,
    0.021864814683794975,
    0.023447412997484207,
    0.14682596921920776,
    0.14681510627269745,
    0.03415631502866745,
    -1.728246388665866e-05,
    -2.20692454604432e-05,
    0.0004133132169954479,
    0.009758403524756432,
    0.011480262503027916,
    0.012858213856816292,
    0.014674047008156776,
    0.0
  ],
  "active_shapes": {
    "JawOpen": 0.02611171267926693,
    "MouthFunnel": 0.022975631058216095,
    "MouthPucker": 0.01153719611465931,
    "MouthLowerDownLeft": 0.05645463988184929,
    "MouthLowerDownRight": 0.05930684879422188,
    "MouthUpperUpLeft": 0.021864814683794975,
    "MouthUpperUpRight": 0.023447412997484207,
    "BrowDownLeft": 0.14682596921920776,
    "BrowDownRight": 0.14681510627269745,
    "BrowInnerUp": 0.03415631502866745,
    "CheekSquintRight": 0.011480262503027916,
    "NoseSneerLeft": 0.012858213856816292,
    "NoseSneerRight": 0.014674047008156776
  },
  "packet_size": 314,
  "packet_hex_preview": "060000002464646431326362302d333463612d313166302d383166662d3734353633633437336235330000000847616c6146616365003b8fd6fb3d07c8000000"
}