{
  "frame_id": 400,
  "timestamp": "2025-05-19T18:04:28.090112",
  "input_values": [
    0.0,
    0.0,
    0.0,
    0.0,
    0.0,
    0.0,
    0.0,
    0.0,
    0.0,
    0.0,
    0.0,
    0.0,
    0.0,
    0.0,
    0.004753788001835346,
    7.562602695543319e-05,
    0.011709763668477535,
    0.016152149066329002,
    -5.236999277258292e-05,
    0.001948108314536512,
    0.00047959177754819393,
    -0.00021502221352420747,
    0.0037695784121751785,
    0.06271275877952576,
    0.05869511887431145,
    -1.3315844626049511e-05,
    -2.95093468594132e-06,
    0.013116324320435524,
    0.01363788079470396,
    0.003479457926005125,
    0.0041295746341347694,
    4.692555376095697e-05,
    0.0009502603788860142,
    8.260856702690944e-05,
    0.0029079518280923367,
    0.002142552752047777,
    0.0027577891014516354,
    0.05985444784164429,
    0.06650044023990631,
    0.027881011366844177,
    0.030531903728842735,
    0.30469512939453125,
    0.3046954870223999,
    0.08563282340765,
    -3.6873774661216885e-05,
    -6.408268382074311e-05,
    0.0008529218030162156,
    0.030393347144126892,
    0.038074977695941925,
    0.033158302307128906,
    0.042340684682130814,
    0.0
  ],
  "active_shapes": {
    "JawRight": 0.011709763668477535,
    "JawOpen": 0.016152149066329002,
    "MouthSmileLeft": 0.06271275877952576,
    "MouthSmileRight": 0.05869511887431145,
    "MouthDimpleLeft": 0.013116324320435524,
    "MouthDimpleRight": 0.01363788079470396,
    "MouthLowerDownLeft": 0.05985444784164429,
    "MouthLowerDownRight": 0.06650044023990631,
    "MouthUpperUpLeft": 0.027881011366844177,
    "MouthUpperUpRight": 0.030531903728842735,
    "BrowDownLeft": 0.30469512939453125,
    "BrowDownRight": 0.3046954870223999,
    "BrowInnerUp": 0.08563282340765,
    "CheekSquintLeft": 0.030393347144126892,
    "CheekSquintRight": 0.038074977695941925,
    "NoseSneerLeft": 0.033158302307128906,
    "NoseSneerRight": 0.042340684682130814
  },
  "packet_size": 314,
  "packet_hex_preview": "060000002464646431326362302d333463612d313166302d383166662d3734353633633437336235330000000847616c6146616365003b9255fb3d07c8000000"
}