{
  "frame_id": 582,
  "timestamp": "2025-05-19T18:04:35.019601",
  "input_values": [
    0.0,
    0.0,
    0.0,
    0.0,
    0.0,
    0.0,
    0.0,
    0.0,
    0.0,
    0.0,
    0.0,
    0.0,
    0.0,
    0.0,
    0.0068735103122889996,
    0.00018853825167752802,
    0.031418781727552414,
    0.09294932335615158,
    -0.0002509410260245204,
    0.07837837189435959,
    0.0010713307419791818,
    -0.00022544007515534759,
    0.004227223340421915,
    0.11599244177341461,
    0.09465748816728592,
    -8.378696657018736e-05,
    4.6726396249141544e-05,
    0.027651982381939888,
    0.02767448127269745,
    0.010835869237780571,
    0.016098130494356155,
    0.00011137517140014097,
    0.0032234445679932833,
    -5.584720565821044e-05,
    0.005228320136666298,
    0.006440393161028624,
    0.007599707692861557,
    0.262546569108963,
    0.27698737382888794,
    0.1006014347076416,
    0.1102878674864769,
    0.779459536075592,
    0.7793220281600952,
    0.21494056284427643,
    4.4075361074646935e-05,
    2.4659484552103095e-05,
    0.0015007674228399992,
    0.06065605953335762,
    0.07096293568611145,
    0.04854276031255722,
    0.05865093320608139,
    0.0
  ],
  "active_shapes": {
    "JawRight": 0.031418781727552414,
    "JawOpen": 0.09294932335615158,
    "MouthFunnel": 0.07837837189435959,
    "MouthSmileLeft": 0.11599244177341461,
    "MouthSmileRight": 0.09465748816728592,
    "MouthDimpleLeft": 0.027651982381939888,
    "MouthDimpleRight": 0.02767448127269745,
    "MouthStretchLeft": 0.010835869237780571,
    "MouthStretchRight": 0.016098130494356155,
    "MouthLowerDownLeft": 0.262546569108963,
    "MouthLowerDownRight": 0.27698737382888794,
    "MouthUpperUpLeft": 0.1006014347076416,
    "MouthUpperUpRight": 0.1102878674864769,
    "BrowDownLeft": 0.779459536075592,
    "BrowDownRight": 0.7793220281600952,
    "BrowInnerUp": 0.21494056284427643,
    "CheekSquintLeft": 0.06065605953335762,
    "CheekSquintRight": 0.07096293568611145,
    "NoseSneerLeft": 0.04854276031255722,
    "NoseSneerRight": 0.05865093320608139
  },
  "packet_size": 314,
  "packet_hex_preview": "060000002464646431326362302d333463612d313166302d383166662d3734353633633437336235330000000847616c6146616365003b93f5fb3d07c8000000"
}