{
  "frame_id": 525,
  "timestamp": "2025-05-19T18:04:32.325509",
  "input_values": [
    0.0,
    0.0,
    0.0,
    0.0,
    0.0,
    0.0,
    0.0,
    0.0,
    0.0,
    0.0,
    0.0,
    0.0,
    0.0,
    0.0,
    0.014347963035106659,
    0.00011298168101347983,
    0.007710124831646681,
    0.10308048129081726,
    0.044071782380342484,
    0.13931754231452942,
    0.0003851679794024676,
    -0.000163895427249372,
    0.006966031156480312,
    0.042897313833236694,
    0.06059666723012924,
    3.359960101079196e-05,
    -0.0001207613167935051,
    0.02430088259279728,
    0.026032868772745132,
    0.051727645099163055,
    0.05399606004357338,
    0.00029421455110423267,
    0.009235773235559464,
    -0.00013688164472114295,
    0.00044008888653479517,
    0.0011601799633353949,
    0.0016885001678019762,
    0.09671573340892792,
    0.1013462245464325,
    0.021178899332880974,
    0.02588203176856041,
    0.033387281000614166,
    0.033357881009578705,
    0.06509009003639221,
    0.00014841170923318714,
    0.00022113087470643222,
    0.00041995375067926943,
    0.061208438128232956,
    0.07403132319450378,
    0.039530813694000244,
    0.05112547427415848,
    0.0
  ],
  "active_shapes": {
    "JawForward": 0.014347963035106659,
    "JawOpen": 0.10308048129081726,
    "MouthClose": 0.044071782380342484,
    "MouthFunnel": 0.13931754231452942,
    "MouthSmileLeft": 0.042897313833236694,
    "MouthSmileRight": 0.06059666723012924,
    "MouthDimpleLeft": 0.02430088259279728,
    "MouthDimpleRight": 0.026032868772745132,
    "MouthStretchLeft": 0.051727645099163055,
    "MouthStretchRight": 0.05399606004357338,
    "MouthLowerDownLeft": 0.09671573340892792,
    "MouthLowerDownRight": 0.1013462245464325,
    "MouthUpperUpLeft": 0.021178899332880974,
    "MouthUpperUpRight": 0.02588203176856041,
    "BrowDownLeft": 0.033387281000614166,
    "BrowDownRight": 0.033357881009578705,
    "BrowInnerUp": 0.06509009003639221,
    "CheekSquintLeft": 0.061208438128232956,
    "CheekSquintRight": 0.07403132319450378,
    "NoseSneerLeft": 0.039530813694000244,
    "NoseSneerRight": 0.05112547427415848
  },
  "packet_size": 314,
  "packet_hex_preview": "060000002464646431326362302d333463612d313166302d383166662d3734353633633437336235330000000847616c6146616365003b9353fb3d07c8000000"
}