{
  "frame_id": 713,
  "timestamp": "2025-05-19T18:04:42.271538",
  "input_values": [
    0.0,
    0.0,
    0.0,
    0.0,
    0.0,
    0.0,
    0.0,
    0.0,
    0.0,
    0.0,
    0.0,
    0.0,
    0.0,
    0.0,
    0.0011590167414397001,
    0.00015089017688296735,
    0.014104122295975685,
    0.03275530785322189,
    -1.5006624380475841e-05,
    0.03383885696530342,
    0.00936831720173359,
    0.00039948889752849936,
    0.0040833717212080956,
    0.08506973087787628,
    0.06741607189178467,
    -8.578635970479809e-06,
    9.093397966353223e-05,
    0.024930063635110855,
    0.02433970384299755,
    0.018242454156279564,
    0.014217955991625786,
    0.00044786380021832883,
    0.0025634176563471556,
    0.0008849649457260966,
    0.0077354745008051395,
    0.00639306241646409,
    0.007775742560625076,
    0.13299398124217987,
    0.1415625512599945,
    0.039599575102329254,
    0.04660281911492348,
    0.6353143453598022,
    0.6351580619812012,
    0.1969352662563324,
    2.1987050786265172e-05,
    -1.5327572327805683e-05,
    0.002583305584266782,
    0.04145931825041771,
    0.0525035485625267,
    0.025777745991945267,
    0.03824426233768463,
    0.0
  ],
  "active_shapes": {
    "JawRight": 0.014104122295975685,
    "JawOpen": 0.03275530785322189,
    "MouthFunnel": 0.03383885696530342,
    "MouthSmileLeft": 0.08506973087787628,
    "MouthSmileRight": 0.06741607189178467,
    "MouthDimpleLeft": 0.024930063635110855,
    "MouthDimpleRight": 0.02433970384299755,
    "MouthStretchLeft": 0.018242454156279564,
    "MouthStretchRight": 0.014217955991625786,
    "MouthLowerDownLeft": 0.13299398124217987,
    "MouthLowerDownRight": 0.1415625512599945,
    "MouthUpperUpLeft": 0.039599575102329254,
    "MouthUpperUpRight": 0.04660281911492348,
    "BrowDownLeft": 0.6353143453598022,
    "BrowDownRight": 0.6351580619812012,
    "BrowInnerUp": 0.1969352662563324,
    "CheekSquintLeft": 0.04145931825041771,
    "CheekSquintRight": 0.0525035485625267,
    "NoseSneerLeft": 0.025777745991945267,
    "NoseSneerRight": 0.03824426233768463
  },
  "packet_size": 314,
  "packet_hex_preview": "060000002464646431326362302d333463612d313166302d383166662d3734353633633437336235330000000847616c6146616365003b95a8fb3d07c8000000"
}