{
  "frame_id": 424,
  "timestamp": "2025-05-19T18:04:29.067755",
  "input_values": [
    0.0,
    0.0,
    0.0,
    0.0,
    0.0,
    0.0,
    0.0,
    0.0,
    0.0,
    0.0,
    0.0,
    0.0,
    0.0,
    0.0,
    0.016508938744664192,
    7.282022124854848e-05,
    0.011730741709470749,
    0.029775002971291542,
    1.8263537640450522e-05,
    0.057846181094646454,
    0.0002250556426588446,
    0.008269228041172028,
    0.0003949320816900581,
    0.03415730595588684,
    0.031292397528886795,
    5.882333880435908e-06,
    0.00011887750588357449,
    0.00875313300639391,
    0.007188369985669851,
    0.03676914423704147,
    0.036894820630550385,
    0.0015235559549182653,
    0.004107080865651369,
    3.516182232488063e-06,
    0.0006687924033030868,
    -0.00017304750508628786,
    0.00033958154381252825,
    0.09903394430875778,
    0.09581974148750305,
    0.04246992617845535,
    0.04399413615465164,
    0.00010384291090304032,
    7.146120333345607e-05,
    0.220473974943161,
    0.1355397254228592,
    0.1357322782278061,
    0.0002957897668238729,
    0.0263239536434412,
    0.028763428330421448,
    -0.0003118442837148905,
    0.00034926022635772824,
    0.0
  ],
  "active_shapes": {
    "JawForward": 0.016508938744664192,
    "JawRight": 0.011730741709470749,
    "JawOpen": 0.029775002971291542,
    "MouthFunnel": 0.057846181094646454,
    "MouthSmileLeft": 0.03415730595588684,
    "MouthSmileRight": 0.031292397528886795,
    "MouthStretchLeft": 0.03676914423704147,
    "MouthStretchRight": 0.036894820630550385,
    "MouthLowerDownLeft": 0.09903394430875778,
    "MouthLowerDownRight": 0.09581974148750305,
    "MouthUpperUpLeft": 0.04246992617845535,
    "MouthUpperUpRight": 0.04399413615465164,
    "BrowInnerUp": 0.220473974943161,
    "BrowOuterUpLeft": 0.1355397254228592,
    "BrowOuterUpRight": 0.1357322782278061,
    "CheekSquintLeft": 0.0263239536434412,
    "CheekSquintRight": 0.028763428330421448
  },
  "packet_size": 314,
  "packet_hex_preview": "060000002464646431326362302d333463612d313166302d383166662d3734353633633437336235330000000847616c6146616365003b9290fb3d07c8000000"
}