{
  "frame_id": 608,
  "timestamp": "2025-05-19T18:04:36.617314",
  "input_values": [
    0.0,
    0.0,
    0.0,
    0.0,
    0.0,
    0.0,
    0.0,
    0.0,
    0.0,
    0.0,
    0.0,
    0.0,
    0.0,
    0.0,
    0.00703803077340126,
    0.00015164059004746377,
    0.01124508772045374,
    0.04086430370807648,
    0.005508174188435078,
    0.023334834724664688,
    0.00041542138205841184,
    0.002157157752662897,
    0.0001674104860285297,
    0.11468800157308578,
    0.10682255029678345,
    -3.8038349885027856e-05,
    -3.55710944859311e-05,
    0.02266591414809227,
    0.023627234622836113,
    0.011813781224191189,
    0.013166596181690693,
    0.0001653659564908594,
    0.00474701588973403,
    -5.691149999620393e-05,
    0.00027276884065940976,
    0.002532380633056164,
    0.0029335347935557365,
    0.1223510280251503,
    0.11887960135936737,
    0.016621580347418785,
    0.01753615215420723,
    0.14988577365875244,
    0.14958736300468445,
    0.020934022963047028,
    7.657140486116987e-06,
    -3.367054523550905e-05,
    0.0007699168054386973,
    0.03437522053718567,
    0.04126927629113197,
    0.0011097823735326529,
    0.0012497752904891968,
    0.0
  ],
  "active_shapes": {
    "JawRight": 0.01124508772045374,
    "JawOpen": 0.04086430370807648,
    "MouthFunnel": 0.023334834724664688,
    "MouthSmileLeft": 0.11468800157308578,
    "MouthSmileRight": 0.10682255029678345,
    "MouthDimpleLeft": 0.02266591414809227,
    "MouthDimpleRight": 0.023627234622836113,
    "MouthStretchLeft": 0.011813781224191189,
    "MouthStretchRight": 0.013166596181690693,
    "MouthLowerDownLeft": 0.1223510280251503,
    "MouthLowerDownRight": 0.11887960135936737,
    "MouthUpperUpLeft": 0.016621580347418785,
    "MouthUpperUpRight": 0.01753615215420723,
    "BrowDownLeft": 0.14988577365875244,
    "BrowDownRight": 0.14958736300468445,
    "BrowInnerUp": 0.020934022963047028,
    "CheekSquintLeft": 0.03437522053718567,
    "CheekSquintRight": 0.04126927629113197
  },
  "packet_size": 314,
  "packet_hex_preview": "060000002464646431326362302d333463612d313166302d383166662d3734353633633437336235330000000847616c6146616365003b9455fb3d07c8000000"
}