{
  "frame_id": 111,
  "timestamp": "2025-05-19T18:04:18.809093",
  "input_values": [
    0.0,
    0.0,
    0.0,
    0.0,
    0.0,
    0.0,
    0.0,
    0.0,
    0.0,
    0.0,
    0.0,
    0.0,
    0.0,
    0.0,
    0.005196269601583481,
    0.00018764898413792253,
    0.03450626879930496,
    0.11061585694551468,
    -0.00026061487733386457,
    0.08987880498170853,
    0.0005716054001823068,
    0.00019358722784090787,
    0.008475038222968578,
    0.1626989245414734,
    0.13752718269824982,
    1.1597452612477355e-05,
    -1.6120742657221854e-05,
    0.027588732540607452,
    0.026859072968363762,
    0.013624914921820164,
    0.014611804857850075,
    7.993610779521987e-05,
    0.002510941820219159,
    0.0005333804874680936,
    0.02687404304742813,
    0.008619618602097034,
    0.01030987873673439,
    0.3123195171356201,
    0.3274138569831848,
    0.16246968507766724,
    0.18035802245140076,
    0.8257203102111816,
    0.8257086873054504,
    0.20837122201919556,
    1.8837563402485102e-05,
    2.506121927581262e-05,
    0.0018312584143131971,
    0.07166466116905212,
    0.0870392769575119,
    0.09982255101203918,
    0.13075388967990875,
    0.0
  ],
  "active_shapes": {
    "JawRight": 0.03450626879930496,
    "JawOpen": 0.11061585694551468,
    "MouthFunnel": 0.08987880498170853,
    "MouthSmileLeft": 0.1626989245414734,
    "MouthSmileRight": 0.13752718269824982,
    "MouthDimpleLeft": 0.027588732540607452,
    "MouthDimpleRight": 0.026859072968363762,
    "MouthStretchLeft": 0.013624914921820164,
    "MouthStretchRight": 0.014611804857850075,
    "MouthShrugUpper": 0.02687404304742813,
    "MouthPressRight": 0.01030987873673439,
    "MouthLowerDownLeft": 0.3123195171356201,
    "MouthLowerDownRight": 0.3274138569831848,
    "MouthUpperUpLeft": 0.16246968507766724,
    "MouthUpperUpRight": 0.18035802245140076,
    "BrowDownLeft": 0.8257203102111816,
    "BrowDownRight": 0.8257086873054504,
    "BrowInnerUp": 0.20837122201919556,
    "CheekSquintLeft": 0.07166466116905212,
    "CheekSquintRight": 0.0870392769575119,
    "NoseSneerLeft": 0.09982255101203918,
    "NoseSneerRight": 0.13075388967990875
  },
  "packet_size": 314,
  "packet_hex_preview": "060000002464646431326362302d333463612d313166302d383166662d3734353633633437336235330000000847616c6146616365003b9028fb3d07c8000000"
}