{
  "frame_id": 518,
  "timestamp": "2025-05-19T18:04:31.907783",
  "input_values": [
    0.0,
    0.0,
    0.0,
    0.0,
    0.0,
    0.0,
    0.0,
    0.0,
    0.0,
    0.0,
    0.0,
    0.0,
    0.0,
    0.0,
    0.02389517053961754,
    0.00017759854381438345,
    0.03247115761041641,
    0.11738324165344238,
    0.028329772874712944,
    0.08233055472373962,
    0.0001939021167345345,
    0.001587121281772852,
    0.0013607193250209093,
    0.18531058728694916,
    0.18201452493667603,
    -0.00018658381304703653,
    -0.00010890431440202519,
    0.039228230714797974,
    0.039855197072029114,
    0.039656661450862885,
    0.04908847436308861,
    -0.0005124995368532836,
    0.00926984939724207,
    -0.00035842243232764304,
    5.4428390285465866e-05,
    0.0018478832207620144,
    0.002658684505149722,
    0.2563185393810272,
    0.25333264470100403,
    0.06990930438041687,
    0.07272465527057648,
    0.09357427805662155,
    0.09351839870214462,
    0.02151627466082573,
    0.011561371386051178,
    0.011526360176503658,
    -0.0008221215102821589,
    0.07796172052621841,
    0.0919942781329155,
    0.044391702860593796,
    0.05091520771384239,
    0.0
  ],
  "active_shapes": {
    "JawForward": 0.02389517053961754,
    "JawRight": 0.03247115761041641,
    "JawOpen": 0.11738324165344238,
    "MouthClose": 0.028329772874712944,
    "MouthFunnel": 0.08233055472373962,
    "MouthSmileLeft": 0.18531058728694916,
    "MouthSmileRight": 0.18201452493667603,
    "MouthDimpleLeft": 0.039228230714797974,
    "MouthDimpleRight": 0.039855197072029114,
    "MouthStretchLeft": 0.039656661450862885,
    "MouthStretchRight": 0.04908847436308861,
    "MouthLowerDownLeft": 0.2563185393810272,
    "MouthLowerDownRight": 0.25333264470100403,
    "MouthUpperUpLeft": 0.06990930438041687,
    "MouthUpperUpRight": 0.07272465527057648,
    "BrowDownLeft": 0.09357427805662155,
    "BrowDownRight": 0.09351839870214462,
    "BrowInnerUp": 0.02151627466082573,
    "BrowOuterUpLeft": 0.011561371386051178,
    "BrowOuterUpRight": 0.011526360176503658,
    "CheekSquintLeft": 0.07796172052621841,
    "CheekSquintRight": 0.0919942781329155,
    "NoseSneerLeft": 0.044391702860593796,
    "NoseSneerRight": 0.05091520771384239
  },
  "packet_size": 314,
  "packet_hex_preview": "060000002464646431326362302d333463612d313166302d383166662d3734353633633437336235330000000847616c6146616365003b933afb3d07c8000000"
}