{
  "frame_id": 154,
  "timestamp": "2025-05-19T18:04:20.108852",
  "input_values": [
    0.0,
    0.0,
    0.0,
    0.0,
    0.0,
    0.0,
    0.0,
    0.0,
    0.0,
    0.0,
    0.0,
    0.0,
    0.0,
    0.0,
    0.03122001141309738,
    0.00018536658899392933,
    0.011607167311012745,
    0.19985029101371765,
    0.0538775697350502,
    0.15843406319618225,
    0.007958280853927135,
    0.00601265300065279,
    -1.3796799294141238e-06,
    0.03357020020484924,
    0.04373186081647873,
    0.00014358657062985003,
    9.205780952470377e-05,
    0.031058333814144135,
    0.030455589294433594,
    0.10762401670217514,
    0.10621602088212967,
    0.002540979068726301,
    0.024805136024951935,
    9.428225894225761e-06,
    -0.0003759523096960038,
    0.0002517573593650013,
    0.0006760701653547585,
    0.24990546703338623,
    0.24817468225955963,
    0.006389098707586527,
    0.009457052685320377,
    0.003332416992634535,
    0.0033243647776544094,
    0.3944512903690338,
    0.2818392813205719,
    0.2819753885269165,
    0.0009473642567172647,
    0.060402289032936096,
    0.06538591533899307,
    -0.00025063264183700085,
    0.00011358896153979003,
    0.0
  ],
  "active_shapes": {
    "JawForward": 0.03122001141309738,
    "JawRight": 0.011607167311012745,
    "JawOpen": 0.19985029101371765,
    "MouthClose": 0.0538775697350502,
    "MouthFunnel": 0.15843406319618225,
    "MouthSmileLeft": 0.03357020020484924,
    "MouthSmileRight": 0.04373186081647873,
    "MouthDimpleLeft": 0.031058333814144135,
    "MouthDimpleRight": 0.030455589294433594,
    "MouthStretchLeft": 0.10762401670217514,
    "MouthStretchRight": 0.10621602088212967,
    "MouthRollUpper": 0.024805136024951935,
    "MouthLowerDownLeft": 0.24990546703338623,
    "MouthLowerDownRight": 0.24817468225955963,
    "BrowInnerUp": 0.3944512903690338,
    "BrowOuterUpLeft": 0.2818392813205719,
    "BrowOuterUpRight": 0.2819753885269165,
    "CheekSquintLeft": 0.060402289032936096,
    "CheekSquintRight": 0.06538591533899307
  },
  "packet_size": 314,
  "packet_hex_preview": "060000002464646431326362302d333463612d313166302d383166662d3734353633633437336235330000000847616c6146616365003b9076fb3d07c8000000"
}