{
  "frame_id": 538,
  "timestamp": "2025-05-19T18:04:32.746010",
  "input_values": [
    0.0,
    0.0,
    0.0,
    0.0,
    0.0,
    0.0,
    0.0,
    0.0,
    0.0,
    0.0,
    0.0,
    0.0,
    0.0,
    0.0,
    0.0011531645432114601,
    0.00015133264241740108,
    0.01314301323145628,
    0.023454543203115463,
    0.003037701128050685,
    0.04029352590441704,
    0.0023424862883985043,
    0.00015111264656297863,
    0.0011791385477408767,
    0.09735973179340363,
    0.0886419340968132,
    -3.7324287404771894e-05,
    -4.4757900468539447e-05,
    0.011839032173156738,
    0.012777984142303467,
    0.0002018824015976861,
    0.0018367369193583727,
    0.00025222013937309384,
    0.003688898403197527,
    0.0001776122662704438,
    0.001534636365249753,
    0.003987052012234926,
    0.003896771464496851,
    0.07995183765888214,
    0.0886228010058403,
    0.03600818291306496,
    0.03935500606894493,
    0.21461324393749237,
    0.2144213169813156,
    0.012811809778213501,
    -4.263106166035868e-05,
    -5.4652329708915204e-05,
    -0.00021354982163757086,
    0.039801038801670074,
    0.04382266104221344,
    0.041561711579561234,
    0.032356493175029755,
    0.0
  ],
  "active_shapes": {
    "JawRight": 0.01314301323145628,
    "JawOpen": 0.023454543203115463,
    "MouthFunnel": 0.04029352590441704,
    "MouthSmileLeft": 0.09735973179340363,
    "MouthSmileRight": 0.0886419340968132,
    "MouthDimpleLeft": 0.011839032173156738,
    "MouthDimpleRight": 0.012777984142303467,
    "MouthLowerDownLeft": 0.07995183765888214,
    "MouthLowerDownRight": 0.0886228010058403,
    "MouthUpperUpLeft": 0.03600818291306496,
    "MouthUpperUpRight": 0.03935500606894493,
    "BrowDownLeft": 0.21461324393749237,
    "BrowDownRight": 0.2144213169813156,
    "BrowInnerUp": 0.012811809778213501,
    "CheekSquintLeft": 0.039801038801670074,
    "CheekSquintRight": 0.04382266104221344,
    "NoseSneerLeft": 0.041561711579561234,
    "NoseSneerRight": 0.032356493175029755
  },
  "packet_size": 314,
  "packet_hex_preview": "060000002464646431326362302d333463612d313166302d383166662d3734353633633437336235330000000847616c6146616365003b936cfb3d07c8000000"
}