{
  "frame_id": 245,
  "timestamp": "2025-05-19T18:04:23.202512",
  "input_values": [
    0.0,
    0.0,
    0.0,
    0.0,
    0.0,
    0.0,
    0.0,
    0.0,
    0.0,
    0.0,
    0.0,
    0.0,
    0.0,
    0.0,
    0.0029447642154991627,
    3.789110269281082e-05,
    0.0004019059706479311,
    0.012834763154387474,
    0.014659273438155651,
    0.00016402795154135674,
    0.0003377168031875044,
    0.0009615864837542176,
    3.4569402487250045e-05,
    0.02781771495938301,
    0.029044702649116516,
    -8.821391929814126e-06,
    2.1740058855357347e-06,
    0.007321171462535858,
    0.007712152786552906,
    0.004094426520168781,
    0.0022935080341994762,
    0.004557034000754356,
    0.004712722729891539,
    6.397818651748821e-05,
    -1.5001096471678466e-05,
    0.0010660880943760276,
    0.0012034859973937273,
    0.020500728860497475,
    0.020376786589622498,
    -6.125311483629048e-05,
    0.00016034537111409009,
    0.004355371929705143,
    0.0043298122473061085,
    0.01071405503898859,
    1.738419450703077e-05,
    2.0192474039504305e-05,
    0.00039646803634241223,
    0.012672297656536102,
    0.014136699959635735,
    0.00018135239952243865,
    0.0001174603239633143,
    0.0
  ],
  "active_shapes": {
    "JawOpen": 0.012834763154387474,
    "MouthClose": 0.014659273438155651,
    "MouthSmileLeft": 0.02781771495938301,
    "MouthSmileRight": 0.029044702649116516,
    "MouthLowerDownLeft": 0.020500728860497475,
    "MouthLowerDownRight": 0.020376786589622498,
    "BrowInnerUp": 0.01071405503898859,
    "CheekSquintLeft": 0.012672297656536102,
    "CheekSquintRight": 0.014136699959635735
  },
  "packet_size": 314,
  "packet_hex_preview": "060000002464646431326362302d333463612d313166302d383166662d3734353633633437336235330000000847616c6146616365003b9130fb3d07c8000000"
}