{
  "frame_id": 151,
  "timestamp": "2025-05-19T18:04:20.088982",
  "input_values": [
    0.0,
    0.0,
    0.0,
    0.0,
    0.0,
    0.0,
    0.0,
    0.0,
    0.0,
    0.0,
    0.0,
    0.0,
    0.0,
    0.0,
    0.009175018407404423,
    0.00020581438730005175,
    0.01817883923649788,
    0.0952681228518486,
    0.00032128620659932494,
    0.06157878413796425,
    0.00077939493348822,
    0.0005118087865412235,
    0.004192877560853958,
    0.10127584636211395,
    0.08688680827617645,
    -0.00012003880692645907,
    -9.700543887447566e-05,
    0.024683676660060883,
    0.025802383199334145,
    0.024458883330225945,
    0.03281621262431145,
    3.71226851711981e-05,
    0.0049815708771348,
    7.285233732545748e-05,
    0.00104572344571352,
    0.004786574747413397,
    0.005047132261097431,
    0.20898418128490448,
    0.2286440134048462,
    0.06407155096530914,
    0.07284129410982132,
    0.39057034254074097,
    0.3903309106826782,
    0.027945492416620255,
    -0.0002347146364627406,
    -0.0002467687299940735,
    0.00011662617180263624,
    0.044928230345249176,
    0.05447177588939667,
    0.03905752673745155,
    0.03937395662069321,
    0.0
  ],
  "active_shapes": {
    "JawRight": 0.01817883923649788,
    "JawOpen": 0.0952681228518486,
    "MouthFunnel": 0.06157878413796425,
    "MouthSmileLeft": 0.10127584636211395,
    "MouthSmileRight": 0.08688680827617645,
    "MouthDimpleLeft": 0.024683676660060883,
    "MouthDimpleRight": 0.025802383199334145,
    "MouthStretchLeft": 0.024458883330225945,
    "MouthStretchRight": 0.03281621262431145,
    "MouthLowerDownLeft": 0.20898418128490448,
    "MouthLowerDownRight": 0.2286440134048462,
    "MouthUpperUpLeft": 0.06407155096530914,
    "MouthUpperUpRight": 0.07284129410982132,
    "BrowDownLeft": 0.39057034254074097,
    "BrowDownRight": 0.3903309106826782,
    "BrowInnerUp": 0.027945492416620255,
    "CheekSquintLeft": 0.044928230345249176,
    "CheekSquintRight": 0.05447177588939667,
    "NoseSneerLeft": 0.03905752673745155,
    "NoseSneerRight": 0.03937395662069321
  },
  "packet_size": 314,
  "packet_hex_preview": "060000002464646431326362302d333463612d313166302d383166662d3734353633633437336235330000000847616c6146616365003b9075fb3d07c8000000"
}