{
  "frame_id": 621,
  "timestamp": "2025-05-19T18:04:37.345910",
  "input_values": [
    0.0,
    0.0,
    0.0,
    0.0,
    0.0,
    0.0,
    0.0,
    0.0,
    0.0,
    0.0,
    0.0,
    0.0,
    0.0,
    0.0,
    0.0038965558633208275,
    0.00011411074956413358,
    0.008543459698557854,
    0.014864410273730755,
    0.008568684570491314,
    -0.00043791451025754213,
    0.010251960717141628,
    0.0002117670956067741,
    0.003788118250668049,
    0.06294699013233185,
    0.054745547473430634,
    4.7956931666703895e-05,
    2.8858739824499935e-05,
    0.015600503422319889,
    0.01597200706601143,
    0.0005430214805528522,
    0.0004962906241416931,
    0.003572638612240553,
    0.002670669462531805,
    0.002613465068861842,
    0.0022034309804439545,
    0.007204075343906879,
    0.008064575493335724,
    0.03722985088825226,
    0.037464890629053116,
    0.0012392658973112702,
    0.001801470061764121,
    0.37968844175338745,
    0.379569947719574,
    0.07359247654676437,
    -0.00016088670236058533,
    -0.00016991267330013216,
    0.0018080815207213163,
    0.034983012825250626,
    0.04359301179647446,
    0.03442059084773064,
    0.03791627287864685,
    0.0
  ],
  "active_shapes": {
    "JawOpen": 0.014864410273730755,
    "MouthPucker": 0.010251960717141628,
    "MouthSmileLeft": 0.06294699013233185,
    "MouthSmileRight": 0.054745547473430634,
    "MouthDimpleLeft": 0.015600503422319889,
    "MouthDimpleRight": 0.01597200706601143,
    "MouthLowerDownLeft": 0.03722985088825226,
    "MouthLowerDownRight": 0.037464890629053116,
    "BrowDownLeft": 0.37968844175338745,
    "BrowDownRight": 0.379569947719574,
    "BrowInnerUp": 0.07359247654676437,
    "CheekSquintLeft": 0.034983012825250626,
    "CheekSquintRight": 0.04359301179647446,
    "NoseSneerLeft": 0.03442059084773064,
    "NoseSneerRight": 0.03791627287864685
  },
  "packet_size": 314,
  "packet_hex_preview": "060000002464646431326362302d333463612d313166302d383166662d3734353633633437336235330000000847616c6146616365003b9480fb3d07c8000000"
}