{
  "frame_id": 370,
  "timestamp": "2025-05-19T18:04:27.225878",
  "input_values": [
    0.0,
    0.0,
    0.0,
    0.0,
    0.0,
    0.0,
    0.0,
    0.0,
    0.0,
    0.0,
    0.0,
    0.0,
    0.0,
    0.0,
    0.0013277631951496005,
    4.177316804998554e-05,
    0.004641394596546888,
    0.015493696555495262,
    7.315734364965465e-06,
    0.01156384963542223,
    0.00023010447330307215,
    -1.7331994968117215e-05,
    0.0004645955632440746,
    0.02064245380461216,
    0.017913121730089188,
    -1.0696077879401855e-05,
    -9.614838745619636e-06,
    0.004383061546832323,
    0.004269592929631472,
    0.0012383353896439075,
    0.00030358126969076693,
    3.2838644983712584e-05,
    0.0006450708606280386,
    2.2636466383119114e-05,
    0.0005520805716514587,
    0.0013843935448676348,
    0.0015992855187505484,
    0.04334123805165291,
    0.04740756005048752,
    0.01746099255979061,
    0.019691087305545807,
    0.149175226688385,
    0.1491284966468811,
    0.030862251296639442,
    -1.5107609215192497e-05,
    -3.536489748512395e-05,
    0.0004891298594884574,
    0.00971448514610529,
    0.011834046803414822,
    0.01451697014272213,
    0.015565572306513786,
    0.0
  ],
  "active_shapes": {
    "JawOpen": 0.015493696555495262,
    "MouthFunnel": 0.01156384963542223,
    "MouthSmileLeft": 0.02064245380461216,
    "MouthSmileRight": 0.017913121730089188,
    "MouthLowerDownLeft": 0.04334123805165291,
    "MouthLowerDownRight": 0.04740756005048752,
    "MouthUpperUpLeft": 0.01746099255979061,
    "MouthUpperUpRight": 0.019691087305545807,
    "BrowDownLeft": 0.149175226688385,
    "BrowDownRight": 0.1491284966468811,
    "BrowInnerUp": 0.030862251296639442,
    "CheekSquintRight": 0.011834046803414822,
    "NoseSneerLeft": 0.01451697014272213,
    "NoseSneerRight": 0.015565572306513786
  },
  "packet_size": 314,
  "packet_hex_preview": "060000002464646431326362302d333463612d313166302d383166662d3734353633633437336235330000000847616c6146616365003b9221fb3d07c8000000"
}