{
  "frame_id": 580,
  "timestamp": "2025-05-19T18:04:34.980941",
  "input_values": [
    0.0,
    0.0,
    0.0,
    0.0,
    0.0,
    0.0,
    0.0,
    0.0,
    0.0,
    0.0,
    0.0,
    0.0,
    0.0,
    0.0,
    0.00442346790805459,
    0.00015101862663868815,
    0.0243047047406435,
    0.06070844456553459,
    -0.000198931316845119,
    0.049965355545282364,
    0.0008016961510293186,
    -0.0001908148842630908,
    0.002957079093903303,
    0.1091746836900711,
    0.09018342196941376,
    -5.045042053097859e-05,
    2.5139752324321307e-05,
    0.021520446985960007,
    0.02165849320590496,
    0.0006210832507349551,
    0.003006166312843561,
    0.00015229870041366667,
    0.0027511194348335266,
    -1.0326415576855652e-05,
    0.0037616505287587643,
    0.005347041878849268,
    0.006214197725057602,
    0.2038576900959015,
    0.21612556278705597,
    0.08540259301662445,
    0.09281545132398605,
    0.625724196434021,
    0.6256204843521118,
    0.16982263326644897,
    5.440801487566205e-06,
    -1.7868162103695795e-05,
    0.0012931290548294783,
    0.0526912696659565,
    0.06065387278795242,
    0.05028992146253586,
    0.056706856936216354,
    0.0
  ],
  "active_shapes": {
    "JawRight": 0.0243047047406435,
    "JawOpen": 0.06070844456553459,
    "MouthFunnel": 0.049965355545282364,
    "MouthSmileLeft": 0.1091746836900711,
    "MouthSmileRight": 0.09018342196941376,
    "MouthDimpleLeft": 0.021520446985960007,
    "MouthDimpleRight": 0.02165849320590496,
    "MouthLowerDownLeft": 0.2038576900959015,
    "MouthLowerDownRight": 0.21612556278705597,
    "MouthUpperUpLeft": 0.08540259301662445,
    "MouthUpperUpRight": 0.09281545132398605,
    "BrowDownLeft": 0.625724196434021,
    "BrowDownRight": 0.6256204843521118,
    "BrowInnerUp": 0.16982263326644897,
    "CheekSquintLeft": 0.0526912696659565,
    "CheekSquintRight": 0.06065387278795242,
    "NoseSneerLeft": 0.05028992146253586,
    "NoseSneerRight": 0.056706856936216354
  },
  "packet_size": 314,
  "packet_hex_preview": "060000002464646431326362302d333463612d313166302d383166662d3734353633633437336235330000000847616c6146616365003b93f2fb3d07c8000000"
}