{
  "frame_id": 181,
  "timestamp": "2025-05-19T18:04:20.985352",
  "input_values": [
    0.0,
    0.0,
    0.0,
    0.0,
    0.0,
    0.0,
    0.0,
    0.0,
    0.0,
    0.0,
    0.0,
    0.0,
    0.0,
    0.0,
    0.007568910717964172,
    0.00018642631766851991,
    -0.0009667726699262857,
    0.001180638326331973,
    0.00540668610483408,
    0.020978061482310295,
    0.07596483826637268,
    0.018721267580986023,
    -0.00019903948123101145,
    0.000730707950424403,
    0.0001073653984349221,
    0.0022826557978987694,
    0.0035520887468010187,
    0.007364756427705288,
    0.0036307857371866703,
    0.020001128315925598,
    0.002199009759351611,
    0.0237558726221323,
    0.008752946741878986,
    0.004729116335511208,
    0.0009614787995815277,
    0.0004605121212080121,
    0.0019117404008284211,
    0.013275440782308578,
    0.0014582205330953002,
    -0.0007736351108178496,
    0.0001147022849181667,
    0.0003751061740331352,
    0.00014042646216694266,
    0.19376705586910248,
    0.06209582835435867,
    0.06235439330339432,
    0.003340878989547491,
    0.017392851412296295,
    0.02616717852652073,
    -0.0002862708643078804,
    -6.10055576544255e-05,
    0.0
  ],
  "active_shapes": {
    "MouthFunnel": 0.020978061482310295,
    "MouthPucker": 0.07596483826637268,
    "MouthLeft": 0.018721267580986023,
    "MouthStretchLeft": 0.020001128315925598,
    "MouthRollLower": 0.0237558726221323,
    "MouthLowerDownLeft": 0.013275440782308578,
    "BrowInnerUp": 0.19376705586910248,
    "BrowOuterUpLeft": 0.06209582835435867,
    "BrowOuterUpRight": 0.06235439330339432,
    "CheekSquintLeft": 0.017392851412296295,
    "CheekSquintRight": 0.02616717852652073
  },
  "packet_size": 314,
  "packet_hex_preview": "060000002464646431326362302d333463612d313166302d383166662d3734353633633437336235330000000847616c6146616365003b90abfb3d07c8000000"
}