{
  "frame_id": 542,
  "timestamp": "2025-05-19T18:04:33.088438",
  "input_values": [
    0.0,
    0.0,
    0.0,
    0.0,
    0.0,
    0.0,
    0.0,
    0.0,
    0.0,
    0.0,
    0.0,
    0.0,
    0.0,
    0.0,
    0.0023174728266894817,
    3.764161010622047e-05,
    0.00663047144189477,
    0.014089834876358509,
    0.0031296785455197096,
    0.017350543290376663,
    0.00315273180603981,
    0.0003122217894997448,
    0.0007727867341600358,
    0.006781201809644699,
    0.00912503246217966,
    -1.1961425116169266e-05,
    1.8528447981225327e-05,
    0.003443791065365076,
    0.003561182413250208,
    0.007349299732595682,
    0.010364746674895287,
    2.9598511446238263e-06,
    0.0008072691853158176,
    -2.6624329620972276e-05,
    3.5435401514405385e-05,
    0.00027577762375585735,
    0.000279654108453542,
    0.024074701592326164,
    0.025858620181679726,
    0.007531595416367054,
    0.007950418628752232,
    0.018955925479531288,
    0.018925515934824944,
    0.010219922289252281,
    0.00528232054784894,
    0.0052765244618058205,
    4.236417225911282e-05,
    0.006560813635587692,
    0.007655259221792221,
    0.00030721380608156323,
    0.000333285192027688,
    0.0
  ],
  "active_shapes": {
    "JawOpen": 0.014089834876358509,
    "MouthFunnel": 0.017350543290376663,
    "MouthStretchRight": 0.010364746674895287,
    "MouthLowerDownLeft": 0.024074701592326164,
    "MouthLowerDownRight": 0.025858620181679726,
    "BrowDownLeft": 0.018955925479531288,
    "BrowDownRight": 0.018925515934824944,
    "BrowInnerUp": 0.010219922289252281
  },
  "packet_size": 314,
  "packet_hex_preview": "060000002464646431326362302d333463612d313166302d383166662d3734353633633437336235330000000847616c6146616365003b9381fb3d07c8000000"
}