{
  "frame_id": 682,
  "timestamp": "2025-05-19T18:04:40.734301",
  "input_values": [
    0.0,
    0.0,
    0.0,
    0.0,
    0.0,
    0.0,
    0.0,
    0.0,
    0.0,
    0.0,
    0.0,
    0.0,
    0.0,
    0.0,
    0.0013439322356134653,
    3.7947149394312873e-05,
    0.0009904787875711918,
    0.0072880894877016544,
    0.0082430774345994,
    0.0027774067129939795,
    0.0037720731925219297,
    6.99481024639681e-05,
    9.452642552787438e-05,
    0.020112771540880203,
    0.02145196869969368,
    -3.2980820833472535e-05,
    9.99520761979511e-06,
    0.004107255954295397,
    0.004489256534725428,
    0.0020641223527491093,
    0.0023010638542473316,
    9.57897282205522e-05,
    0.0019284514710307121,
    -2.4881190256564878e-05,
    1.6984424291877076e-05,
    0.0007240365375764668,
    0.0007813714328221977,
    0.018180102109909058,
    0.018653564155101776,
    8.406872802879661e-05,
    0.00026634358800947666,
    0.04655122384428978,
    0.046480681747198105,
    0.0010934507008641958,
    -4.218337562633678e-05,
    -5.956199674983509e-05,
    0.00022399655426852405,
    0.00981840118765831,
    0.012214869260787964,
    0.005761829670518637,
    0.0052523864433169365,
    0.0
  ],
  "active_shapes": {
    "MouthSmileLeft": 0.020112771540880203,
    "MouthSmileRight": 0.02145196869969368,
    "MouthLowerDownLeft": 0.018180102109909058,
    "MouthLowerDownRight": 0.018653564155101776,
    "BrowDownLeft": 0.04655122384428978,
    "BrowDownRight": 0.046480681747198105,
    "CheekSquintRight": 0.012214869260787964
  },
  "packet_size": 314,
  "packet_hex_preview": "060000002464646431326362302d333463612d313166302d383166662d3734353633633437336235330000000847616c6146616365003b954cfb3d07c8000000"
}