{
  "frame_id": 204,
  "timestamp": "2025-05-19T18:04:21.752384",
  "input_values": [
    0.0,
    0.0,
    0.0,
    0.0,
    0.0,
    0.0,
    0.0,
    0.0,
    0.0,
    0.0,
    0.0,
    0.0,
    0.0,
    0.0,
    0.004754933528602123,
    0.00010636670049279928,
    0.004691231530159712,
    0.04475308954715729,
    0.012833398766815662,
    0.04329046607017517,
    0.019316870719194412,
    4.8679037718102336e-05,
    0.0033894896041601896,
    0.002355188364163041,
    0.003492609364911914,
    0.000215329258935526,
    -0.00018662646471057087,
    0.003951102029532194,
    0.004141035955399275,
    0.007320513017475605,
    0.005198948085308075,
    -6.14176897215657e-05,
    0.0011404174147173762,
    0.00026689362130127847,
    0.000443354801973328,
    0.0005660278839059174,
    0.0006440079305320978,
    0.032336536794900894,
    0.04649106785655022,
    0.009664328768849373,
    0.016950109973549843,
    0.07245461642742157,
    0.07241075485944748,
    0.010102908127009869,
    -0.00012347407755441964,
    -0.00019901902123820037,
    0.0006337621016427875,
    0.010523396544158459,
    0.016856880858540535,
    0.016616560518741608,
    0.018488800153136253,
    0.0
  ],
  "active_shapes": {
    "JawOpen": 0.04475308954715729,
    "MouthClose": 0.012833398766815662,
    "MouthFunnel": 0.04329046607017517,
    "MouthPucker": 0.019316870719194412,
    "MouthLowerDownLeft": 0.032336536794900894,
    "MouthLowerDownRight": 0.04649106785655022,
    "MouthUpperUpRight": 0.016950109973549843,
    "BrowDownLeft": 0.07245461642742157,
    "BrowDownRight": 0.07241075485944748,
    "BrowInnerUp": 0.010102908127009869,
    "CheekSquintLeft": 0.010523396544158459,
    "CheekSquintRight": 0.016856880858540535,
    "NoseSneerLeft": 0.016616560518741608,
    "NoseSneerRight": 0.018488800153136253
  },
  "packet_size": 314,
  "packet_hex_preview": "060000002464646431326362302d333463612d313166302d383166662d3734353633633437336235330000000847616c6146616365003b90d9fb3d07c8000000"
}