{
  "frame_id": 494,
  "timestamp": "2025-05-19T18:04:31.268985",
  "input_values": [
    0.0,
    0.0,
    0.0,
    0.0,
    0.0,
    0.0,
    0.0,
    0.0,
    0.0,
    0.0,
    0.0,
    0.0,
    0.0,
    0.0,
    0.0037953041028231382,
    7.667556928936392e-05,
    0.00860675610601902,
    0.02881699800491333,
    -0.00010169772576773539,
    0.025196274742484093,
    0.012627838179469109,
    -0.00034480649628676474,
    0.0036605633795261383,
    0.03644184023141861,
    0.03855267912149429,
    -8.073251228779554e-05,
    2.265212060592603e-05,
    0.01069257315248251,
    0.011187205091118813,
    8.407165296375751e-05,
    0.0009344693389721215,
    0.00013022540952078998,
    0.001072032144293189,
    0.00042723570368252695,
    0.0017228459473699331,
    0.006359681487083435,
    0.006904284469783306,
    0.06285161525011063,
    0.06930696964263916,
    0.025955647230148315,
    0.02899099327623844,
    0.29597902297973633,
    0.2958988547325134,
    0.0846715047955513,
    0.00023518851958215237,
    0.00020179981947876513,
    0.0021236648317426443,
    0.014557667076587677,
    0.0175715871155262,
    0.015048056840896606,
    0.018314050510525703,
    0.0
  ],
  "active_shapes": {
    "JawOpen": 0.02881699800491333,
    "MouthFunnel": 0.025196274742484093,
    "MouthPucker": 0.012627838179469109,
    "MouthSmileLeft": 0.03644184023141861,
    "MouthSmileRight": 0.03855267912149429,
    "MouthDimpleLeft": 0.01069257315248251,
    "MouthDimpleRight": 0.011187205091118813,
    "MouthLowerDownLeft": 0.06285161525011063,
    "MouthLowerDownRight": 0.06930696964263916,
    "MouthUpperUpLeft": 0.025955647230148315,
    "MouthUpperUpRight": 0.02899099327623844,
    "BrowDownLeft": 0.29597902297973633,
    "BrowDownRight": 0.2958988547325134,
    "BrowInnerUp": 0.0846715047955513,
    "CheekSquintLeft": 0.014557667076587677,
    "CheekSquintRight": 0.0175715871155262,
    "NoseSneerLeft": 0.015048056840896606,
    "NoseSneerRight": 0.018314050510525703
  },
  "packet_size": 314,
  "packet_hex_preview": "060000002464646431326362302d333463612d313166302d383166662d3734353633633437336235330000000847616c6146616365003b9314fb3d07c8000000"
}