{
  "frame_id": 355,
  "timestamp": "2025-05-19T18:04:26.808211",
  "input_values": [
    0.0,
    0.0,
    0.0,
    0.0,
    0.0,
    0.0,
    0.0,
    0.0,
    0.0,
    0.0,
    0.0,
    0.0,
    0.0,
    0.0,
    0.003161617321893573,
    6.85021877870895e-05,
    0.000881207815837115,
    0.014374138787388802,
    0.020624488592147827,
    0.009181108325719833,
    0.042578719556331635,
    0.0030884812586009502,
    0.00015240794164128602,
    0.011801634915173054,
    0.014041517861187458,
    0.0012133334530517459,
    0.0005973310908302665,
    0.004182103555649519,
    0.004030980635434389,
    0.005553321447223425,
    0.005062999669462442,
    0.0022223799023777246,
    0.003357956185936928,
    0.00026480579981580377,
    7.919967259795158e-08,
    0.0008600103901699185,
    0.0010794175323098898,
    0.01163617055863142,
    0.010049155913293362,
    -0.0001439014304196462,
    0.00013846505316905677,
    0.030902544036507607,
    0.03088369406759739,
    0.02499859407544136,
    0.021728990599513054,
    0.021763626486063004,
    0.0015807847958058119,
    0.013354863040149212,
    0.01665729656815529,
    -4.3573811126407236e-05,
    0.0001233398070326075,
    0.0
  ],
  "active_shapes": {
    "JawOpen": 0.014374138787388802,
    "MouthClose": 0.020624488592147827,
    "MouthPucker": 0.042578719556331635,
    "MouthSmileLeft": 0.011801634915173054,
    "MouthSmileRight": 0.014041517861187458,
    "MouthLowerDownLeft": 0.01163617055863142,
    "MouthLowerDownRight": 0.010049155913293362,
    "BrowDownLeft": 0.030902544036507607,
    "BrowDownRight": 0.03088369406759739,
    "BrowInnerUp": 0.02499859407544136,
    "BrowOuterUpLeft": 0.021728990599513054,
    "BrowOuterUpRight": 0.021763626486063004,
    "CheekSquintLeft": 0.013354863040149212,
    "CheekSquintRight": 0.01665729656815529
  },
  "packet_size": 314,
  "packet_hex_preview": "060000002464646431326362302d333463612d313166302d383166662d3734353633633437336235330000000847616c6146616365003b9208fb3d07c8000000"
}