{
  "frame_id": 640,
  "timestamp": "2025-05-19T18:04:38.408899",
  "input_values": [
    0.0,
    0.0,
    0.0,
    0.0,
    0.0,
    0.0,
    0.0,
    0.0,
    0.0,
    0.0,
    0.0,
    0.0,
    0.0,
    0.0,
    0.0018154215067625046,
    3.742277840501629e-05,
    0.005086184479296207,
    0.013452867977321148,
    0.003968722186982632,
    0.01501457579433918,
    -1.3613961300507071e-06,
    0.0024632674176245928,
    -1.7942067643161863e-05,
    0.024637188762426376,
    0.023226963356137276,
    1.8261542209074832e-05,
    6.0207828937564045e-05,
    0.0049943807534873486,
    0.004739110823720694,
    0.016204744577407837,
    0.016950342804193497,
    0.00011152178194606677,
    0.0015928028151392937,
    -2.2397674911189824e-05,
    2.5653085685917176e-05,
    2.3070015231496654e-05,
    5.8468838687986135e-05,
    0.03758297860622406,
    0.03625734895467758,
    0.00713193928822875,
    0.00684366887435317,
    0.0014524448197335005,
    0.0013905715895816684,
    0.016876215115189552,
    0.011074000969529152,
    0.011097374372184277,
    4.288010131858755e-06,
    0.009103795513510704,
    0.010525410063564777,
    0.0009317157091572881,
    0.0006341734551824629,
    0.0
  ],
  "active_shapes": {
    "JawOpen": 0.013452867977321148,
    "MouthFunnel": 0.01501457579433918,
    "MouthSmileLeft": 0.024637188762426376,
    "MouthSmileRight": 0.023226963356137276,
    "MouthStretchLeft": 0.016204744577407837,
    "MouthStretchRight": 0.016950342804193497,
    "MouthLowerDownLeft": 0.03758297860622406,
    "MouthLowerDownRight": 0.03625734895467758,
    "BrowInnerUp": 0.016876215115189552,
    "BrowOuterUpLeft": 0.011074000969529152,
    "BrowOuterUpRight": 0.011097374372184277,
    "CheekSquintRight": 0.010525410063564777
  },
  "packet_size": 314,
  "packet_hex_preview": "060000002464646431326362302d333463612d313166302d383166662d3734353633633437336235330000000847616c6146616365003b94c0fb3d07c8000000"
}