{
  "frame_id": 183,
  "timestamp": "2025-05-19T18:04:21.013048",
  "input_values": [
    0.0,
    0.0,
    0.0,
    0.0,
    0.0,
    0.0,
    0.0,
    0.0,
    0.0,
    0.0,
    0.0,
    0.0,
    0.0,
    0.0,
    0.006054574158042669,
    0.0001886145764729008,
    0.01619803160429001,
    0.09519976377487183,
    0.0003674893523566425,
    0.11601774394512177,
    0.011405140161514282,
    0.0014967285096645355,
    0.0004141632525715977,
    0.10573885589838028,
    0.09147673845291138,
    3.491717507131398e-05,
    3.579609619919211e-05,
    0.01884496957063675,
    0.019413698464632034,
    0.0048336670733988285,
    0.0037116443272680044,
    0.0002036676014540717,
    0.006513327360153198,
    -5.242828410700895e-05,
    0.00047171692131087184,
    0.006042574066668749,
    0.006383646745234728,
    0.2172316014766693,
    0.22089433670043945,
    0.05665982887148857,
    0.062134936451911926,
    0.2401135414838791,
    0.2398502677679062,
    0.015101100318133831,
    4.7029184315761086e-06,
    -3.057733192690648e-05,
    0.0005547089385800064,
    0.046059850603342056,
    0.05422442406415939,
    0.015754420310258865,
    0.015292537398636341,
    0.0
  ],
  "active_shapes": {
    "JawRight": 0.01619803160429001,
    "JawOpen": 0.09519976377487183,
    "MouthFunnel": 0.11601774394512177,
    "MouthPucker": 0.011405140161514282,
    "MouthSmileLeft": 0.10573885589838028,
    "MouthSmileRight": 0.09147673845291138,
    "MouthDimpleLeft": 0.01884496957063675,
    "MouthDimpleRight": 0.019413698464632034,
    "MouthLowerDownLeft": 0.2172316014766693,
    "MouthLowerDownRight": 0.22089433670043945,
    "MouthUpperUpLeft": 0.05665982887148857,
    "MouthUpperUpRight": 0.062134936451911926,
    "BrowDownLeft": 0.2401135414838791,
    "BrowDownRight": 0.2398502677679062,
    "BrowInnerUp": 0.015101100318133831,
    "CheekSquintLeft": 0.046059850603342056,
    "CheekSquintRight": 0.05422442406415939,
    "NoseSneerLeft": 0.015754420310258865,
    "NoseSneerRight": 0.015292537398636341
  },
  "packet_size": 314,
  "packet_hex_preview": "060000002464646431326362302d333463612d313166302d383166662d3734353633633437336235330000000847616c6146616365003b90acfb3d07c8000000"
}