{
  "frame_id": 387,
  "timestamp": "2025-05-19T18:04:27.675160",
  "input_values": [
    0.0,
    0.0,
    0.0,
    0.0,
    0.0,
    0.0,
    0.0,
    0.0,
    0.0,
    0.0,
    0.0,
    0.0,
    0.0,
    0.0,
    0.017333660274744034,
    7.2752263804432e-05,
    0.010913679376244545,
    0.069987453520298,
    0.000150541978655383,
    0.11356401443481445,
    0.002284756861627102,
    0.0031739945989102125,
    -1.5624336811015382e-05,
    0.02767365798354149,
    0.022966008633375168,
    6.248218414839357e-05,
    3.59773330274038e-05,
    0.00426494749262929,
    0.0030278644990175962,
    0.03806547820568085,
    0.038735732436180115,
    1.5775747669977136e-05,
    0.002677143784239888,
    -6.917573773534968e-05,
    0.0009732417529448867,
    -8.781344149610959e-06,
    0.00032721058232709765,
    0.16607621312141418,
    0.16543492674827576,
    0.06799356639385223,
    0.06833721697330475,
    9.736954780237284e-06,
    1.9437433365965262e-05,
    0.22647877037525177,
    0.20359373092651367,
    0.20367005467414856,
    0.00021082675084471703,
    0.027956675738096237,
    0.028918400406837463,
    0.0099988654255867,
    0.013637701980769634,
    0.0
  ],
  "active_shapes": {
    "JawForward": 0.017333660274744034,
    "JawRight": 0.010913679376244545,
    "JawOpen": 0.069987453520298,
    "MouthFunnel": 0.11356401443481445,
    "MouthSmileLeft": 0.02767365798354149,
    "MouthSmileRight": 0.022966008633375168,
    "MouthStretchLeft": 0.03806547820568085,
    "MouthStretchRight": 0.038735732436180115,
    "MouthLowerDownLeft": 0.16607621312141418,
    "MouthLowerDownRight": 0.16543492674827576,
    "MouthUpperUpLeft": 0.06799356639385223,
    "MouthUpperUpRight": 0.06833721697330475,
    "BrowInnerUp": 0.22647877037525177,
    "BrowOuterUpLeft": 0.20359373092651367,
    "BrowOuterUpRight": 0.20367005467414856,
    "CheekSquintLeft": 0.027956675738096237,
    "CheekSquintRight": 0.028918400406837463,
    "NoseSneerRight": 0.013637701980769634
  },
  "packet_size": 314,
  "packet_hex_preview": "060000002464646431326362302d333463612d313166302d383166662d3734353633633437336235330000000847616c6146616365003b923cfb3d07c8000000"
}