{
  "frame_id": 566,
  "timestamp": "2025-05-19T18:04:34.245364",
  "input_values": [
    0.0,
    0.0,
    0.0,
    0.0,
    0.0,
    0.0,
    0.0,
    0.0,
    0.0,
    0.0,
    0.0,
    0.0,
    0.0,
    0.0,
    0.006593025289475918,
    0.00015115030691958964,
    0.020011330023407936,
    0.05451427027583122,
    0.00024212470452766865,
    0.04340080916881561,
    0.0005314272711984813,
    0.0005167188355699182,
    0.002123964484781027,
    0.10910512506961823,
    0.0975787416100502,
    -4.505262404563837e-05,
    3.597177453684708e-07,
    0.019275672733783722,
    0.019874580204486847,
    0.004739647731184959,
    0.013662165030837059,
    8.988405897980556e-05,
    0.002854856662452221,
    8.591719961259514e-05,
    0.003436506260186434,
    0.005073585547506809,
    0.00556903937831521,
    0.1624584048986435,
    0.17082712054252625,
    0.05863385275006294,
    0.060648925602436066,
    0.2563265264034271,
    0.2560642659664154,
    0.0069165960885584354,
    -3.512278271955438e-05,
    -8.246052311733365e-05,
    0.0002271454141009599,
    0.04491071775555611,
    0.05309076979756355,
    0.04114002734422684,
    0.042904771864414215,
    0.0
  ],
  "active_shapes": {
    "JawRight": 0.020011330023407936,
    "JawOpen": 0.05451427027583122,
    "MouthFunnel": 0.04340080916881561,
    "MouthSmileLeft": 0.10910512506961823,
    "MouthSmileRight": 0.0975787416100502,
    "MouthDimpleLeft": 0.019275672733783722,
    "MouthDimpleRight": 0.019874580204486847,
    "MouthStretchRight": 0.013662165030837059,
    "MouthLowerDownLeft": 0.1624584048986435,
    "MouthLowerDownRight": 0.17082712054252625,
    "MouthUpperUpLeft": 0.05863385275006294,
    "MouthUpperUpRight": 0.060648925602436066,
    "BrowDownLeft": 0.2563265264034271,
    "BrowDownRight": 0.2560642659664154,
    "CheekSquintLeft": 0.04491071775555611,
    "CheekSquintRight": 0.05309076979756355,
    "NoseSneerLeft": 0.04114002734422684,
    "NoseSneerRight": 0.042904771864414215
  },
  "packet_size": 314,
  "packet_hex_preview": "060000002464646431326362302d333463612d313166302d383166662d3734353633633437336235330000000847616c6146616365003b93c6fb3d07c8000000"
}