{
  "frame_id": 274,
  "timestamp": "2025-05-19T18:04:24.187801",
  "input_values": [
    0.0,
    0.0,
    0.0,
    0.0,
    0.0,
    0.0,
    0.0,
    0.0,
    0.0,
    0.0,
    0.0,
    0.0,
    0.0,
    0.0,
    0.056545600295066833,
    0.0001872776629170403,
    0.018259596079587936,
    0.09463626146316528,
    0.022342117503285408,
    0.034642934799194336,
    0.0002444361452944577,
    -0.00018138978339266032,
    0.010305707342922688,
    0.42566290497779846,
    0.42670851945877075,
    0.00019402701582293957,
    -0.0002165294426959008,
    0.06070338562130928,
    0.06620290875434875,
    0.0703076422214508,
    0.06499770283699036,
    0.0022519745398312807,
    0.015906939283013344,
    0.0004386663204059005,
    0.03484213724732399,
    0.0030903765000402927,
    0.004070187918841839,
    0.2772708237171173,
    0.284908264875412,
    0.1654636561870575,
    0.1697569489479065,
    0.08731597661972046,
    0.08725551515817642,
    0.06542345136404037,
    -0.0001797221921151504,
    -3.5623459552880377e-05,
    -0.0006277526845224202,
    0.2341994047164917,
    0.26204222440719604,
    0.1787901520729065,
    0.20540107786655426,
    0.0
  ],
  "active_shapes": {
    "JawForward": 0.056545600295066833,
    "JawRight": 0.018259596079587936,
    "JawOpen": 0.09463626146316528,
    "MouthClose": 0.022342117503285408,
    "MouthFunnel": 0.034642934799194336,
    "MouthRight": 0.010305707342922688,
    "MouthSmileLeft": 0.42566290497779846,
    "MouthSmileRight": 0.42670851945877075,
    "MouthDimpleLeft": 0.06070338562130928,
    "MouthDimpleRight": 0.06620290875434875,
    "MouthStretchLeft": 0.0703076422214508,
    "MouthStretchRight": 0.06499770283699036,
    "MouthRollUpper": 0.015906939283013344,
    "MouthShrugUpper": 0.03484213724732399,
    "MouthLowerDownLeft": 0.2772708237171173,
    "MouthLowerDownRight": 0.284908264875412,
    "MouthUpperUpLeft": 0.1654636561870575,
    "MouthUpperUpRight": 0.1697569489479065,
    "BrowDownLeft": 0.08731597661972046,
    "BrowDownRight": 0.08725551515817642,
    "BrowInnerUp": 0.06542345136404037,
    "CheekSquintLeft": 0.2341994047164917,
    "CheekSquintRight": 0.26204222440719604,
    "NoseSneerLeft": 0.1787901520729065,
    "NoseSneerRight": 0.20540107786655426
  },
  "packet_size": 314,
  "packet_hex_preview": "060000002464646431326362302d333463612d313166302d383166662d3734353633633437336235330000000847616c6146616365003b916bfb3d07c8000000"
}