{
  "frame_id": 215,
  "timestamp": "2025-05-19T18:04:22.241797",
  "input_values": [
    0.0,
    0.0,
    0.0,
    0.0,
    0.0,
    0.0,
    0.0,
    0.0,
    0.0,
    0.0,
    0.0,
    0.0,
    0.0,
    0.0,
    0.0004852389101870358,
    7.492060103686526e-05,
    0.009414026513695717,
    0.010638007894158363,
    -0.0001460496714571491,
    0.020662235096096992,
    0.005734405945986509,
    0.0001877907052403316,
    0.001695863320492208,
    0.044945649802684784,
    0.032830946147441864,
    -3.998916508862749e-05,
    2.5106997782131657e-05,
    0.009152432903647423,
    0.008737093769013882,
    0.00623113289475441,
    0.0057802340015769005,
    5.745137605117634e-05,
    0.0008607466006651521,
    0.0006596141029149294,
    0.007311777211725712,
    0.003016127273440361,
    0.00367751088924706,
    0.05131180211901665,
    0.0547323115170002,
    0.03334923833608627,
    0.036336980760097504,
    0.32336950302124023,
    0.32329773902893066,
    0.11499415338039398,
    9.760901775734965e-06,
    -1.1889040251844563e-05,
    0.0011201816378161311,
    0.025627652183175087,
    0.030559569597244263,
    0.027689386159181595,
    0.03561002388596535,
    0.0
  ],
  "active_shapes": {
    "JawOpen": 0.010638007894158363,
    "MouthFunnel": 0.020662235096096992,
    "MouthSmileLeft": 0.044945649802684784,
    "MouthSmileRight": 0.032830946147441864,
    "MouthLowerDownLeft": 0.05131180211901665,
    "MouthLowerDownRight": 0.0547323115170002,
    "MouthUpperUpLeft": 0.03334923833608627,
    "MouthUpperUpRight": 0.036336980760097504,
    "BrowDownLeft": 0.32336950302124023,
    "BrowDownRight": 0.32329773902893066,
    "BrowInnerUp": 0.11499415338039398,
    "CheekSquintLeft": 0.025627652183175087,
    "CheekSquintRight": 0.030559569597244263,
    "NoseSneerLeft": 0.027689386159181595,
    "NoseSneerRight": 0.03561002388596535
  },
  "packet_size": 314,
  "packet_hex_preview": "060000002464646431326362302d333463612d313166302d383166662d3734353633633437336235330000000847616c6146616365003b90f6fb3d07c8000000"
}