{
  "frame_id": 179,
  "timestamp": "2025-05-19T18:04:20.968708",
  "input_values": [
    0.0,
    0.0,
    0.0,
    0.0,
    0.0,
    0.0,
    0.0,
    0.0,
    0.0,
    0.0,
    0.0,
    0.0,
    0.0,
    0.0,
    0.007552320137619972,
    0.000186483099241741,
    -0.0010096266632899642,
    0.0015575858997181058,
    0.007389850448817015,
    0.009785128757357597,
    0.07278547435998917,
    0.019137345254421234,
    -0.00016914834850467741,
    0.0012524297926574945,
    0.000761554401833564,
    0.00020696815045084804,
    0.0006328826420940459,
    0.007589557208120823,
    0.003802858293056488,
    0.019407181069254875,
    0.0018115558195859194,
    0.026048777624964714,
    0.009105668403208256,
    0.0024902033619582653,
    0.0005842576501891017,
    0.0005523902364075184,
    0.001983949914574623,
    0.007866854779422283,
    -0.0010616828221827745,
    -0.0008503439021296799,
    0.00030122697353363037,
    0.0005450104363262653,
    0.00029007942066527903,
    0.18550708889961243,
    0.05621718987822533,
    0.056468211114406586,
    0.003336860565468669,
    0.014933429658412933,
    0.023309355601668358,
    -0.00029287923825904727,
    -0.00010903557995334268,
    0.0
  ],
  "active_shapes": {
    "MouthPucker": 0.07278547435998917,
    "MouthLeft": 0.019137345254421234,
    "MouthStretchLeft": 0.019407181069254875,
    "MouthRollLower": 0.026048777624964714,
    "BrowInnerUp": 0.18550708889961243,
    "BrowOuterUpLeft": 0.05621718987822533,
    "BrowOuterUpRight": 0.056468211114406586,
    "CheekSquintLeft": 0.014933429658412933,
    "CheekSquintRight": 0.023309355601668358
  },
  "packet_size": 314,
  "packet_hex_preview": "060000002464646431326362302d333463612d313166302d383166662d3734353633633437336235330000000847616c6146616365003b90aafb3d07c8000000"
}