{
  "frame_id": 49,
  "timestamp": "2025-05-19T18:04:17.026850",
  "input_values": [
    0.0,
    0.0,
    0.0,
    0.0,
    0.0,
    0.0,
    0.0,
    0.0,
    0.0,
    0.0,
    0.0,
    0.0,
    0.0,
    0.0,
    0.020808691158890724,
    0.0002554803213570267,
    0.01129710953682661,
    0.023936394602060318,
    0.03660782426595688,
    0.0005301858182065189,
    0.02148769237101078,
    0.0005714863655157387,
    0.006952953524887562,
    -0.0005974919768050313,
    0.0006109534297138453,
    0.004831881262362003,
    0.00011081403499701992,
    0.0012930643279105425,
    0.0017180420691147447,
    1.4922171430953313e-05,
    0.0006292610778473318,
    0.041876111179590225,
    0.002054823562502861,
    0.019051816314458847,
    0.006168405991047621,
    4.153639019932598e-05,
    0.00045779990614391863,
    0.0005316418828442693,
    0.0006680888473056257,
    -0.0007279583951458335,
    0.004058337304741144,
    0.004921371582895517,
    0.004880568478256464,
    0.0016605991404503584,
    0.0011392730521038175,
    0.0008552264189347625,
    0.003558521391823888,
    0.029716312885284424,
    0.04777155816555023,
    0.04781295731663704,
    0.0530841127038002,
    0.0
  ],
  "active_shapes": {
    "JawForward": 0.020808691158890724,
    "JawRight": 0.01129710953682661,
    "JawOpen": 0.023936394602060318,
    "MouthClose": 0.03660782426595688,
    "MouthPucker": 0.02148769237101078,
    "MouthRollLower": 0.041876111179590225,
    "MouthShrugLower": 0.019051816314458847,
    "CheekSquintLeft": 0.029716312885284424,
    "CheekSquintRight": 0.04777155816555023,
    "NoseSneerLeft": 0.04781295731663704,
    "NoseSneerRight": 0.0530841127038002
  },
  "packet_size": 314,
  "packet_hex_preview": "060000002464646431326362302d333463612d313166302d383166662d3734353633633437336235330000000847616c6146616365003b8fbdfb3d07c8000000"
}