{
  "frame_id": 68,
  "timestamp": "2025-05-19T18:04:17.511013",
  "input_values": [
    0.0,
    0.0,
    0.0,
    0.0,
    0.0,
    0.0,
    0.0,
    0.0,
    0.0,
    0.0,
    0.0,
    0.0,
    0.0,
    0.0,
    0.02973875030875206,
    0.00014605853357352316,
    0.030809257179498672,
    0.08448784053325653,
    -0.00030273207812570035,
    0.08320631086826324,
    7.023561920505017e-05,
    0.008096790872514248,
    -0.00012015174434054643,
    0.11502546072006226,
    0.09970215708017349,
    -3.212389856344089e-05,
    6.859486893517897e-05,
    0.01702805981040001,
    0.01537027396261692,
    0.0727478414773941,
    0.07151023298501968,
    3.5255208786111325e-05,
    0.0013700525742024183,
    -0.00010960867803078145,
    0.000600125698838383,
    6.240910443011671e-05,
    0.0005422920221462846,
    0.33582407236099243,
    0.3348376750946045,
    0.11699432134628296,
    0.11384499073028564,
    9.490859520155936e-05,
    7.308697968255728e-05,
    0.40402063727378845,
    0.26928162574768066,
    0.26949548721313477,
    -0.00035824839142151177,
    0.03673822805285454,
    0.036230865865945816,
    -0.00027061550645157695,
    0.0009350684704259038,
    0.0
  ],
  "active_shapes": {
    "JawForward": 0.02973875030875206,
    "JawRight": 0.030809257179498672,
    "JawOpen": 0.08448784053325653,
    "MouthFunnel": 0.08320631086826324,
    "MouthSmileLeft": 0.11502546072006226,
    "MouthSmileRight": 0.09970215708017349,
    "MouthDimpleLeft": 0.01702805981040001,
    "MouthDimpleRight": 0.01537027396261692,
    "MouthStretchLeft": 0.0727478414773941,
    "MouthStretchRight": 0.07151023298501968,
    "MouthLowerDownLeft": 0.33582407236099243,
    "MouthLowerDownRight": 0.3348376750946045,
    "MouthUpperUpLeft": 0.11699432134628296,
    "MouthUpperUpRight": 0.11384499073028564,
    "BrowInnerUp": 0.40402063727378845,
    "BrowOuterUpLeft": 0.26928162574768066,
    "BrowOuterUpRight": 0.26949548721313477,
    "CheekSquintLeft": 0.03673822805285454,
    "CheekSquintRight": 0.036230865865945816
  },
  "packet_size": 314,
  "packet_hex_preview": "060000002464646431326362302d333463612d313166302d383166662d3734353633633437336235330000000847616c6146616365003b8fdafb3d07c8000000"
}