{
  "frame_id": 449,
  "timestamp": "2025-05-19T18:04:29.552835",
  "input_values": [
    0.0,
    0.0,
    0.0,
    0.0,
    0.0,
    0.0,
    0.0,
    0.0,
    0.0,
    0.0,
    0.0,
    0.0,
    0.0,
    0.0,
    0.0143404770642519,
    0.000186354445759207,
    0.015001216903328896,
    0.043781839311122894,
    0.003750323550775647,
    0.10446596145629883,
    0.024751417338848114,
    0.002613054122775793,
    0.00035179650876671076,
    0.06226365640759468,
    0.07748042047023773,
    8.990245987661183e-05,
    0.00016313724336214364,
    0.008230512030422688,
    0.007378812413662672,
    0.03968372941017151,
    0.03568829223513603,
    0.00018609018297865987,
    0.0021656539756804705,
    0.000602198182605207,
    0.011596663855016232,
    0.0010428701061755419,
    0.002186576137319207,
    0.1385473757982254,
    0.13499078154563904,
    0.0693705677986145,
    0.07576439529657364,
    0.00428789621219039,
    0.004390351008623838,
    0.16994556784629822,
    0.07722363620996475,
    0.0774255096912384,
    0.00017396453768014908,
    0.06251627951860428,
    0.07864747196435928,
    0.02267996035516262,
    0.036143213510513306,
    0.0
  ],
  "active_shapes": {
    "JawForward": 0.0143404770642519,
    "JawRight": 0.015001216903328896,
    "JawOpen": 0.043781839311122894,
    "MouthFunnel": 0.10446596145629883,
    "MouthPucker": 0.024751417338848114,
    "MouthSmileLeft": 0.06226365640759468,
    "MouthSmileRight": 0.07748042047023773,
    "MouthStretchLeft": 0.03968372941017151,
    "MouthStretchRight": 0.03568829223513603,
    "MouthShrugUpper": 0.011596663855016232,
    "MouthLowerDownLeft": 0.1385473757982254,
    "MouthLowerDownRight": 0.13499078154563904,
    "MouthUpperUpLeft": 0.0693705677986145,
    "MouthUpperUpRight": 0.07576439529657364,
    "BrowInnerUp": 0.16994556784629822,
    "BrowOuterUpLeft": 0.07722363620996475,
    "BrowOuterUpRight": 0.0774255096912384,
    "CheekSquintLeft": 0.06251627951860428,
    "CheekSquintRight": 0.07864747196435928,
    "NoseSneerLeft": 0.02267996035516262,
    "NoseSneerRight": 0.036143213510513306
  },
  "packet_size": 314,
  "packet_hex_preview": "060000002464646431326362302d333463612d313166302d383166662d3734353633633437336235330000000847616c6146616365003b92adfb3d07c8000000"
}