{
  "frame_id": 359,
  "timestamp": "2025-05-19T18:04:26.841696",
  "input_values": [
    0.0,
    0.0,
    0.0,
    0.0,
    0.0,
    0.0,
    0.0,
    0.0,
    0.0,
    0.0,
    0.0,
    0.0,
    0.0,
    0.0,
    0.006234627217054367,
    0.0001371504331473261,
    0.0018722101813182235,
    0.04331057518720627,
    0.037476908415555954,
    0.05620124936103821,
    0.061506133526563644,
    0.005829392466694117,
    0.0006710082525387406,
    0.00762268528342247,
    0.010642161592841148,
    8.149781206157058e-05,
    1.6880932889762335e-05,
    0.00741340359672904,
    0.006945244036614895,
    0.023059140890836716,
    0.023258142173290253,
    0.0005629279767163098,
    0.007022981531918049,
    0.0005526677123270929,
    2.93043558485806e-05,
    0.001593675115145743,
    0.002000566106289625,
    0.05986263230443001,
    0.05577336996793747,
    0.0006269510486163199,
    0.0013802525354549289,
    0.07449943572282791,
    0.07448017597198486,
    0.06546837091445923,
    0.042354516685009,
    0.04241548106074333,
    0.0028831420931965113,
    0.025568600744009018,
    0.0317533053457737,
    -3.315749563626014e-05,
    0.0003946374054066837,
    0.0
  ],
  "active_shapes": {
    "JawOpen": 0.04331057518720627,
    "MouthClose": 0.037476908415555954,
    "MouthFunnel": 0.05620124936103821,
    "MouthPucker": 0.061506133526563644,
    "MouthSmileRight": 0.010642161592841148,
    "MouthStretchLeft": 0.023059140890836716,
    "MouthStretchRight": 0.023258142173290253,
    "MouthLowerDownLeft": 0.05986263230443001,
    "MouthLowerDownRight": 0.05577336996793747,
    "BrowDownLeft": 0.07449943572282791,
    "BrowDownRight": 0.07448017597198486,
    "BrowInnerUp": 0.06546837091445923,
    "BrowOuterUpLeft": 0.042354516685009,
    "BrowOuterUpRight": 0.04241548106074333,
    "CheekSquintLeft": 0.025568600744009018,
    "CheekSquintRight": 0.0317533053457737
  },
  "packet_size": 314,
  "packet_hex_preview": "060000002464646431326362302d333463612d313166302d383166662d3734353633633437336235330000000847616c6146616365003b920afb3d07c8000000"
}