{
  "frame_id": 358,
  "timestamp": "2025-05-19T18:04:26.833683",
  "input_values": [
    0.0,
    0.0,
    0.0,
    0.0,
    0.0,
    0.0,
    0.0,
    0.0,
    0.0,
    0.0,
    0.0,
    0.0,
    0.0,
    0.0,
    0.0010371268726885319,
    7.557148637715727e-05,
    0.006837549619376659,
    0.033815398812294006,
    0.00028223084518685937,
    0.028388720005750656,
    0.011339152231812477,
    0.0008695839205756783,
    0.0005776214529760182,
    0.048082105815410614,
    0.03801213949918747,
    6.721328645653557e-06,
    2.6518555387156084e-05,
    0.008719062432646751,
    0.008316608145833015,
    0.00016909076657611877,
    0.0008182545425370336,
    0.0001140657695941627,
    0.0025146084371954203,
    0.00029658651328645647,
    0.002063469961285591,
    0.0033229440450668335,
    0.003733681980520487,
    0.08386538177728653,
    0.08775700628757477,
    0.0344366654753685,
    0.037414196878671646,
    0.24327845871448517,
    0.24315282702445984,
    0.0010399067541584373,
    -2.3835613319533877e-05,
    -3.069072772632353e-05,
    0.0002148838248103857,
    0.024780025705695152,
    0.027815718203783035,
    0.05939497798681259,
    0.06166733056306839,
    0.0
  ],
  "active_shapes": {
    "JawOpen": 0.033815398812294006,
    "MouthFunnel": 0.028388720005750656,
    "MouthPucker": 0.011339152231812477,
    "MouthSmileLeft": 0.048082105815410614,
    "MouthSmileRight": 0.03801213949918747,
    "MouthLowerDownLeft": 0.08386538177728653,
    "MouthLowerDownRight": 0.08775700628757477,
    "MouthUpperUpLeft": 0.0344366654753685,
    "MouthUpperUpRight": 0.037414196878671646,
    "BrowDownLeft": 0.24327845871448517,
    "BrowDownRight": 0.24315282702445984,
    "CheekSquintLeft": 0.024780025705695152,
    "CheekSquintRight": 0.027815718203783035,
    "NoseSneerLeft": 0.05939497798681259,
    "NoseSneerRight": 0.06166733056306839
  },
  "packet_size": 314,
  "packet_hex_preview": "060000002464646431326362302d333463612d313166302d383166662d3734353633633437336235330000000847616c6146616365003b920afb3d07c8000000"
}