{
  "frame_id": 399,
  "timestamp": "2025-05-19T18:04:28.081935",
  "input_values": [
    0.0,
    0.0,
    0.0,
    0.0,
    0.0,
    0.0,
    0.0,
    0.0,
    0.0,
    0.0,
    0.0,
    0.0,
    0.0,
    0.0,
    0.0030518430285155773,
    0.00011893393093487248,
    0.016191352158784866,
    0.04326212406158447,
    0.0006918616127222776,
    0.011663167737424374,
    0.00042277827742509544,
    0.00046132277930155396,
    0.0022160520311444998,
    0.08747626096010208,
    0.06973747909069061,
    -5.397792119765654e-05,
    -3.954617204726674e-05,
    0.02388293482363224,
    0.023088213056325912,
    0.020652294158935547,
    0.018206138163805008,
    0.00011333425209159032,
    0.0031158023048192263,
    -5.1948154577985406e-05,
    0.000773799023590982,
    0.0033903976436704397,
    0.00448275962844491,
    0.10968135297298431,
    0.11961837857961655,
    0.025305699557065964,
    0.02941037528216839,
    0.4785083532333374,
    0.4783713221549988,
    0.16912773251533508,
    1.4451094102696516e-05,
    -3.5486787965055555e-05,
    0.002067810855805874,
    0.033845316618680954,
    0.04288436844944954,
    0.008077409118413925,
    0.02011251263320446,
    0.0
  ],
  "active_shapes": {
    "JawRight": 0.016191352158784866,
    "JawOpen": 0.04326212406158447,
    "MouthFunnel": 0.011663167737424374,
    "MouthSmileLeft": 0.08747626096010208,
    "MouthSmileRight": 0.06973747909069061,
    "MouthDimpleLeft": 0.02388293482363224,
    "MouthDimpleRight": 0.023088213056325912,
    "MouthStretchLeft": 0.020652294158935547,
    "MouthStretchRight": 0.018206138163805008,
    "MouthLowerDownLeft": 0.10968135297298431,
    "MouthLowerDownRight": 0.11961837857961655,
    "MouthUpperUpLeft": 0.025305699557065964,
    "MouthUpperUpRight": 0.02941037528216839,
    "BrowDownLeft": 0.4785083532333374,
    "BrowDownRight": 0.4783713221549988,
    "BrowInnerUp": 0.16912773251533508,
    "CheekSquintLeft": 0.033845316618680954,
    "CheekSquintRight": 0.04288436844944954,
    "NoseSneerRight": 0.02011251263320446
  },
  "packet_size": 314,
  "packet_hex_preview": "060000002464646431326362302d333463612d313166302d383166662d3734353633633437336235330000000847616c6146616365003b9254fb3d07c8000000"
}