{
  "frame_id": 32,
  "timestamp": "2025-05-19T18:04:16.531907",
  "input_values": [
    0.0,
    0.0,
    0.0,
    0.0,
    0.0,
    0.0,
    0.0,
    0.0,
    0.0,
    0.0,
    0.0,
    0.0,
    0.0,
    0.0,
    0.007620638702064753,
    8.75901387189515e-05,
    0.010990383103489876,
    0.04518934339284897,
    0.0015027944464236498,
    0.02342023327946663,
    0.000264517730101943,
    0.00045302422950044274,
    0.0020312273409217596,
    0.03240321949124336,
    0.030203739181160927,
    -4.34085595770739e-05,
    -3.411367652006447e-05,
    0.012911571189761162,
    0.012947971001267433,
    0.01074568834155798,
    0.013119111768901348,
    -0.00014326012751553208,
    0.0033672689460217953,
    -1.1365666978235822e-05,
    4.601900218403898e-05,
    0.0007785208290442824,
    0.0009552314877510071,
    0.0808185338973999,
    0.08940763026475906,
    0.007978122681379318,
    0.01127275638282299,
    0.09398390352725983,
    0.09385374188423157,
    0.0007061116630211473,
    -7.541962258983403e-05,
    -0.00014747721434105188,
    0.00024779606610536575,
    0.012786373496055603,
    0.016883399337530136,
    0.0008591838413849473,
    0.0016823392361402512,
    0.0
  ],
  "active_shapes": {
    "JawRight": 0.010990383103489876,
    "JawOpen": 0.04518934339284897,
    "MouthFunnel": 0.02342023327946663,
    "MouthSmileLeft": 0.03240321949124336,
    "MouthSmileRight": 0.030203739181160927,
    "MouthDimpleLeft": 0.012911571189761162,
    "MouthDimpleRight": 0.012947971001267433,
    "MouthStretchLeft": 0.01074568834155798,
    "MouthStretchRight": 0.013119111768901348,
    "MouthLowerDownLeft": 0.0808185338973999,
    "MouthLowerDownRight": 0.08940763026475906,
    "MouthUpperUpRight": 0.01127275638282299,
    "BrowDownLeft": 0.09398390352725983,
    "BrowDownRight": 0.09385374188423157,
    "CheekSquintLeft": 0.012786373496055603,
    "CheekSquintRight": 0.016883399337530136
  },
  "packet_size": 314,
  "packet_hex_preview": "060000002464646431326362302d333463612d313166302d383166662d3734353633633437336235330000000847616c6146616365003b8f9ffb3d07c8000000"
}