{
  "frame_id": 143,
  "timestamp": "2025-05-19T18:04:20.021622",
  "input_values": [
    0.0,
    0.0,
    0.0,
    0.0,
    0.0,
    0.0,
    0.0,
    0.0,
    0.0,
    0.0,
    0.0,
    0.0,
    0.0,
    0.0,
    0.00019541398796718568,
    3.9850354369264096e-05,
    0.0003491629904601723,
    0.00015885346510913223,
    0.00016349383804481477,
    -0.00012290831364225596,
    0.0006694045150652528,
    0.0001250925997737795,
    0.00024697923799976707,
    0.015552148222923279,
    0.012212587520480156,
    4.810726295545464e-06,
    -7.312311936402693e-06,
    0.0034767095930874348,
    0.0034930394031107426,
    6.99927841196768e-05,
    9.611893619876355e-05,
    0.001217795186676085,
    0.00102747802156955,
    0.000870989344548434,
    0.0002992660738527775,
    0.0015365562867373228,
    0.0016224170103669167,
    0.0028464787174016237,
    0.0033739511854946613,
    0.00013247336028143764,
    0.00020428234711289406,
    0.09871715307235718,
    0.09865020215511322,
    0.009917059913277626,
    -4.734275717055425e-05,
    -5.178216451895423e-05,
    0.0005821630475111306,
    0.007125404663383961,
    0.007701017893850803,
    0.013287861831486225,
    0.011608646251261234,
    0.0
  ],
  "active_shapes": {
    "MouthSmileLeft": 0.015552148222923279,
    "MouthSmileRight": 0.012212587520480156,
    "BrowDownLeft": 0.09871715307235718,
    "BrowDownRight": 0.09865020215511322,
    "NoseSneerLeft": 0.013287861831486225,
    "NoseSneerRight": 0.011608646251261234
  },
  "packet_size": 314,
  "packet_hex_preview": "060000002464646431326362302d333463612d313166302d383166662d3734353633633437336235330000000847616c6146616365003b9071fb3d07c8000000"
}