{
  "frame_id": 666,
  "timestamp": "2025-05-19T18:04:39.599995",
  "input_values": [
    0.0,
    0.0,
    0.0,
    0.0,
    0.0,
    0.0,
    0.0,
    0.0,
    0.0,
    0.0,
    0.0,
    0.0,
    0.0,
    0.0,
    0.023756681010127068,
    0.00031980403582565486,
    0.022607173770666122,
    0.06467416882514954,
    0.02538367733359337,
    0.05138247460126877,
    0.03927259147167206,
    0.00020946722361259162,
    0.016560278832912445,
    -0.0007904765079729259,
    0.014074841514229774,
    0.0007942367810755968,
    -0.00045489080366678536,
    -0.0005372741725295782,
    0.0013986347476020455,
    -0.00024219717306550592,
    0.007770335767418146,
    0.00035340755130164325,
    0.0007759442669339478,
    0.005940950009971857,
    0.00419594394043088,
    0.0018332484178245068,
    0.001860448275692761,
    0.0035838496405631304,
    0.04552299156785011,
    0.017485368996858597,
    0.039289552718400955,
    -1.7918497178470716e-05,
    6.311685137916356e-05,
    0.0020416551269590855,
    0.0002732039720285684,
    -0.00011454239574959502,
    0.003959262277930975,
    0.013743518851697445,
    0.03856932371854782,
    0.05255874618887901,
    0.06591721624135971,
    0.0
  ],
  "active_shapes": {
    "JawForward": 0.023756681010127068,
    "JawRight": 0.022607173770666122,
    "JawOpen": 0.06467416882514954,
    "MouthClose": 0.02538367733359337,
    "MouthFunnel": 0.05138247460126877,
    "MouthPucker": 0.03927259147167206,
    "MouthRight": 0.016560278832912445,
    "MouthSmileRight": 0.014074841514229774,
    "MouthLowerDownRight": 0.04552299156785011,
    "MouthUpperUpLeft": 0.017485368996858597,
    "MouthUpperUpRight": 0.039289552718400955,
    "CheekSquintLeft": 0.013743518851697445,
    "CheekSquintRight": 0.03856932371854782,
    "NoseSneerLeft": 0.05255874618887901,
    "NoseSneerRight": 0.06591721624135971
  },
  "packet_size": 314,
  "packet_hex_preview": "060000002464646431326362302d333463612d313166302d383166662d3734353633633437336235330000000847616c6146616365003b9507fb3d07c8000000"
}