{
  "frame_id": 559,
  "timestamp": "2025-05-19T18:04:33.881106",
  "input_values": [
    0.0,
    0.0,
    0.0,
    0.0,
    0.0,
    0.0,
    0.0,
    0.0,
    0.0,
    0.0,
    0.0,
    0.0,
    0.0,
    0.0,
    0.0016673288773745298,
    0.000151037733303383,
    0.015385864302515984,
    0.03190312534570694,
    -8.905514550860971e-05,
    0.021136676892638206,
    0.0007316506817005575,
    0.00026384255033917725,
    0.0032737147994339466,
    0.1098257452249527,
    0.09502775967121124,
    4.904173238173826e-06,
    3.9116563129937276e-05,
    0.026217227801680565,
    0.02640240266919136,
    0.019542276859283447,
    0.01940794475376606,
    0.0004340746090747416,
    0.0032190359197556973,
    0.0001761359890224412,
    0.004096324555575848,
    0.005344993434846401,
    0.006660292390733957,
    0.1492723971605301,
    0.1592722237110138,
    0.05201461911201477,
    0.05918944999575615,
    0.6311798095703125,
    0.6310356855392456,
    0.1737881749868393,
    3.2387674764322583e-06,
    -1.3678669347427785e-05,
    0.0021599573083221912,
    0.043131157755851746,
    0.055291254073381424,
    0.031252969056367874,
    0.04511568695306778,
    0.0
  ],
  "active_shapes": {
    "JawRight": 0.015385864302515984,
    "JawOpen": 0.03190312534570694,
    "MouthFunnel": 0.021136676892638206,
    "MouthSmileLeft": 0.1098257452249527,
    "MouthSmileRight": 0.09502775967121124,
    "MouthDimpleLeft": 0.026217227801680565,
    "MouthDimpleRight": 0.02640240266919136,
    "MouthStretchLeft": 0.019542276859283447,
    "MouthStretchRight": 0.01940794475376606,
    "MouthLowerDownLeft": 0.1492723971605301,
    "MouthLowerDownRight": 0.1592722237110138,
    "MouthUpperUpLeft": 0.05201461911201477,
    "MouthUpperUpRight": 0.05918944999575615,
    "BrowDownLeft": 0.6311798095703125,
    "BrowDownRight": 0.6310356855392456,
    "BrowInnerUp": 0.1737881749868393,
    "CheekSquintLeft": 0.043131157755851746,
    "CheekSquintRight": 0.055291254073381424,
    "NoseSneerLeft": 0.031252969056367874,
    "NoseSneerRight": 0.04511568695306778
  },
  "packet_size": 314,
  "packet_hex_preview": "060000002464646431326362302d333463612d313166302d383166662d3734353633633437336235330000000847616c6146616365003b93b0fb3d07c8000000"
}