{
  "frame_id": 360,
  "timestamp": "2025-05-19T18:04:26.850534",
  "input_values": [
    0.0,
    0.0,
    0.0,
    0.0,
    0.0,
    0.0,
    0.0,
    0.0,
    0.0,
    0.0,
    0.0,
    0.0,
    0.0,
    0.0,
    0.0026847345288842916,
    0.00011340469063725322,
    0.01377652958035469,
    0.0663524940609932,
    0.00025275236112065613,
    0.06274765729904175,
    0.015575090423226357,
    0.0015862087020650506,
    0.0017465561395511031,
    0.07139842212200165,
    0.057658396661281586,
    9.54304778133519e-06,
    3.124179056612775e-05,
    0.011529175564646721,
    0.011053696274757385,
    0.00118866132106632,
    0.003248418215662241,
    9.709078585729003e-05,
    0.0034240195527672768,
    0.0017258751904591918,
    0.00857358705252409,
    0.005348789505660534,
    0.005974824074655771,
    0.15197962522506714,
    0.1592911183834076,
    0.07242808490991592,
    0.07838647067546844,
    0.3623546063899994,
    0.36218151450157166,
    0.001098864944651723,
    -9.917872375808656e-05,
    -9.251913434127346e-05,
    -9.955465429811738e-07,
    0.03754395246505737,
    0.04282598942518234,
    0.08979319036006927,
    0.09449221938848495,
    0.0
  ],
  "active_shapes": {
    "JawRight": 0.01377652958035469,
    "JawOpen": 0.0663524940609932,
    "MouthFunnel": 0.06274765729904175,
    "MouthPucker": 0.015575090423226357,
    "MouthSmileLeft": 0.07139842212200165,
    "MouthSmileRight": 0.057658396661281586,
    "MouthDimpleLeft": 0.011529175564646721,
    "MouthDimpleRight": 0.011053696274757385,
    "MouthLowerDownLeft": 0.15197962522506714,
    "MouthLowerDownRight": 0.1592911183834076,
    "MouthUpperUpLeft": 0.07242808490991592,
    "MouthUpperUpRight": 0.07838647067546844,
    "BrowDownLeft": 0.3623546063899994,
    "BrowDownRight": 0.36218151450157166,
    "CheekSquintLeft": 0.03754395246505737,
    "CheekSquintRight": 0.04282598942518234,
    "NoseSneerLeft": 0.08979319036006927,
    "NoseSneerRight": 0.09449221938848495
  },
  "packet_size": 314,
  "packet_hex_preview": "060000002464646431326362302d333463612d313166302d383166662d3734353633633437336235330000000847616c6146616365003b920bfb3d07c8000000"
}