{
  "frame_id": 261,
  "timestamp": "2025-05-19T18:04:23.701443",
  "input_values": [
    0.0,
    0.0,
    0.0,
    0.0,
    0.0,
    0.0,
    0.0,
    0.0,
    0.0,
    0.0,
    0.0,
    0.0,
    0.0,
    0.0,
    0.007948106154799461,
    0.00017060115351341665,
    0.02580016851425171,
    0.04299093037843704,
    0.0002839712251443416,
    0.06302584707736969,
    0.027311867102980614,
    0.00025404628831893206,
    0.005806152708828449,
    0.04441320151090622,
    0.039130568504333496,
    3.0070925276959315e-05,
    -6.387382745742798e-05,
    0.00868289265781641,
    0.008267221972346306,
    -0.00017883011605590582,
    0.0009724579867906868,
    -0.00025871681282296777,
    0.002046874025836587,
    0.004009853582829237,
    0.015009011141955853,
    0.005517583806067705,
    0.005998148582875729,
    0.08644576370716095,
    0.10119231790304184,
    0.05234692245721817,
    0.059749893844127655,
    0.30886805057525635,
    0.3085971474647522,
    0.0009360528783872724,
    -0.00026036828057840466,
    -0.0003259593213442713,
    0.0005662775947712362,
    0.028447046875953674,
    0.03619220107793808,
    0.05317886546254158,
    0.06134553626179695,
    0.0
  ],
  "active_shapes": {
    "JawRight": 0.02580016851425171,
    "JawOpen": 0.04299093037843704,
    "MouthFunnel": 0.06302584707736969,
    "MouthPucker": 0.027311867102980614,
    "MouthSmileLeft": 0.04441320151090622,
    "MouthSmileRight": 0.039130568504333496,
    "MouthShrugUpper": 0.015009011141955853,
    "MouthLowerDownLeft": 0.08644576370716095,
    "MouthLowerDownRight": 0.10119231790304184,
    "MouthUpperUpLeft": 0.05234692245721817,
    "MouthUpperUpRight": 0.059749893844127655,
    "BrowDownLeft": 0.30886805057525635,
    "BrowDownRight": 0.3085971474647522,
    "CheekSquintLeft": 0.028447046875953674,
    "CheekSquintRight": 0.03619220107793808,
    "NoseSneerLeft": 0.05317886546254158,
    "NoseSneerRight": 0.06134553626179695
  },
  "packet_size": 314,
  "packet_hex_preview": "060000002464646431326362302d333463612d313166302d383166662d3734353633633437336235330000000847616c6146616365003b914efb3d07c8000000"
}