{
  "frame_id": 715,
  "timestamp": "2025-05-19T18:04:42.310278",
  "input_values": [
    0.0,
    0.0,
    0.0,
    0.0,
    0.0,
    0.0,
    0.0,
    0.0,
    0.0,
    0.0,
    0.0,
    0.0,
    0.0,
    0.0,
    0.002581583568826318,
    0.0001885012025013566,
    0.02069658599793911,
    0.07566199451684952,
    -6.227563426364213e-05,
    0.07131654024124146,
    0.00797754805535078,
    0.0004729154461529106,
    0.004797632806003094,
    0.0930735170841217,
    0.0728495717048645,
    -2.807062992360443e-05,
    0.00010748617205535993,
    0.032382477074861526,
    0.031444303691387177,
    0.03695789352059364,
    0.0319296270608902,
    0.0005069526960141957,
    0.0032117427326738834,
    4.936035838909447e-05,
    0.004909591283649206,
    0.007578494027256966,
    0.009313764981925488,
    0.23084312677383423,
    0.2412799894809723,
    0.06455333530902863,
    0.0750943124294281,
    0.799167811870575,
    0.7990223169326782,
    0.2546083927154541,
    5.8970563259208575e-05,
    1.6134828911162913e-05,
    0.0031929360702633858,
    0.047885943204164505,
    0.060325976461172104,
    0.021837202832102776,
    0.03734685108065605,
    0.0
  ],
  "active_shapes": {
    "JawRight": 0.02069658599793911,
    "JawOpen": 0.07566199451684952,
    "MouthFunnel": 0.07131654024124146,
    "MouthSmileLeft": 0.0930735170841217,
    "MouthSmileRight": 0.0728495717048645,
    "MouthDimpleLeft": 0.032382477074861526,
    "MouthDimpleRight": 0.031444303691387177,
    "MouthStretchLeft": 0.03695789352059364,
    "MouthStretchRight": 0.0319296270608902,
    "MouthLowerDownLeft": 0.23084312677383423,
    "MouthLowerDownRight": 0.2412799894809723,
    "MouthUpperUpLeft": 0.06455333530902863,
    "MouthUpperUpRight": 0.0750943124294281,
    "BrowDownLeft": 0.799167811870575,
    "BrowDownRight": 0.7990223169326782,
    "BrowInnerUp": 0.2546083927154541,
    "CheekSquintLeft": 0.047885943204164505,
    "CheekSquintRight": 0.060325976461172104,
    "NoseSneerLeft": 0.021837202832102776,
    "NoseSneerRight": 0.03734685108065605
  },
  "packet_size": 314,
  "packet_hex_preview": "060000002464646431326362302d333463612d313166302d383166662d3734353633633437336235330000000847616c6146616365003b95aafb3d07c8000000"
}