{
  "frame_id": 516,
  "timestamp": "2025-05-19T18:04:31.890917",
  "input_values": [
    0.0,
    0.0,
    0.0,
    0.0,
    0.0,
    0.0,
    0.0,
    0.0,
    0.0,
    0.0,
    0.0,
    0.0,
    0.0,
    0.0,
    0.02090160734951496,
    0.00014028769510332495,
    0.028292428702116013,
    0.14833548665046692,
    0.015795787796378136,
    0.10009025037288666,
    0.0002207325742347166,
    0.0011269202223047614,
    0.0006733143236488104,
    0.15079006552696228,
    0.1484387367963791,
    -0.00012490496737882495,
    -7.903868390712887e-05,
    0.033712539821863174,
    0.033865787088871,
    0.03557443991303444,
    0.043281011283397675,
    -0.0003102176124230027,
    0.007004707120358944,
    -0.0001843400241341442,
    8.333763980772346e-05,
    0.0015193226281553507,
    0.0021863230504095554,
    0.27536556124687195,
    0.27060383558273315,
    0.07276983559131622,
    0.07636870443820953,
    0.07039745897054672,
    0.07039042562246323,
    0.015926918014883995,
    0.011468270793557167,
    0.01143017876893282,
    -0.000471814360935241,
    0.06237976625561714,
    0.07309117913246155,
    0.037745554000139236,
    0.044453974813222885,
    0.0
  ],
  "active_shapes": {
    "JawForward": 0.02090160734951496,
    "JawRight": 0.028292428702116013,
    "JawOpen": 0.14833548665046692,
    "MouthClose": 0.015795787796378136,
    "MouthFunnel": 0.10009025037288666,
    "MouthSmileLeft": 0.15079006552696228,
    "MouthSmileRight": 0.1484387367963791,
    "MouthDimpleLeft": 0.033712539821863174,
    "MouthDimpleRight": 0.033865787088871,
    "MouthStretchLeft": 0.03557443991303444,
    "MouthStretchRight": 0.043281011283397675,
    "MouthLowerDownLeft": 0.27536556124687195,
    "MouthLowerDownRight": 0.27060383558273315,
    "MouthUpperUpLeft": 0.07276983559131622,
    "MouthUpperUpRight": 0.07636870443820953,
    "BrowDownLeft": 0.07039745897054672,
    "BrowDownRight": 0.07039042562246323,
    "BrowInnerUp": 0.015926918014883995,
    "BrowOuterUpLeft": 0.011468270793557167,
    "BrowOuterUpRight": 0.01143017876893282,
    "CheekSquintLeft": 0.06237976625561714,
    "CheekSquintRight": 0.07309117913246155,
    "NoseSneerLeft": 0.037745554000139236,
    "NoseSneerRight": 0.044453974813222885
  },
  "packet_size": 314,
  "packet_hex_preview": "060000002464646431326362302d333463612d313166302d383166662d3734353633633437336235330000000847616c6146616365003b9339fb3d07c8000000"
}