{
  "frame_id": 642,
  "timestamp": "2025-05-19T18:04:38.442559",
  "input_values": [
    0.0,
    0.0,
    0.0,
    0.0,
    0.0,
    0.0,
    0.0,
    0.0,
    0.0,
    0.0,
    0.0,
    0.0,
    0.0,
    0.0,
    0.006299410946667194,
    0.00011214363621547818,
    0.018717192113399506,
    0.06307376176118851,
    0.0086829774081707,
    0.09135307371616364,
    3.746215588762425e-05,
    0.0068224407732486725,
    2.6001634978456423e-05,
    0.03601246327161789,
    0.03550313040614128,
    4.731302396976389e-05,
    0.00021498437854461372,
    0.013012781739234924,
    0.012183845974504948,
    0.0542248860001564,
    0.05873800441622734,
    0.0001628038298804313,
    0.004158048890531063,
    -0.0001125680428231135,
    0.0001772913965396583,
    7.724144961684942e-05,
    0.00017263178597204387,
    0.14401015639305115,
    0.1407134085893631,
    0.03301495686173439,
    0.03357884660363197,
    0.002372217131778598,
    0.0021859307307749987,
    0.053541626781225204,
    0.036310404539108276,
    0.0363716296851635,
    -0.00023997014795895666,
    0.02406996302306652,
    0.02706553228199482,
    -5.88068287470378e-05,
    0.00010650324838934466,
    0.0
  ],
  "active_shapes": {
    "JawRight": 0.018717192113399506,
    "JawOpen": 0.06307376176118851,
    "MouthFunnel": 0.09135307371616364,
    "MouthSmileLeft": 0.03601246327161789,
    "MouthSmileRight": 0.03550313040614128,
    "MouthDimpleLeft": 0.013012781739234924,
    "MouthDimpleRight": 0.012183845974504948,
    "MouthStretchLeft": 0.0542248860001564,
    "MouthStretchRight": 0.05873800441622734,
    "MouthLowerDownLeft": 0.14401015639305115,
    "MouthLowerDownRight": 0.1407134085893631,
    "MouthUpperUpLeft": 0.03301495686173439,
    "MouthUpperUpRight": 0.03357884660363197,
    "BrowInnerUp": 0.053541626781225204,
    "BrowOuterUpLeft": 0.036310404539108276,
    "BrowOuterUpRight": 0.0363716296851635,
    "CheekSquintLeft": 0.02406996302306652,
    "CheekSquintRight": 0.02706553228199482
  },
  "packet_size": 314,
  "packet_hex_preview": "060000002464646431326362302d333463612d313166302d383166662d3734353633633437336235330000000847616c6146616365003b94c2fb3d07c8000000"
}