{
  "frame_id": 441,
  "timestamp": "2025-05-19T18:04:29.473957",
  "input_values": [
    0.0,
    0.0,
    0.0,
    0.0,
    0.0,
    0.0,
    0.0,
    0.0,
    0.0,
    0.0,
    0.0,
    0.0,
    0.0,
    0.0,
    0.0023986168671399355,
    0.00011332899157423526,
    0.016219086945056915,
    0.030928106978535652,
    -9.367765414936002e-06,
    0.02693677321076393,
    0.0005957278190180659,
    5.4029052989790216e-05,
    0.002051193965598941,
    0.07167302072048187,
    0.05807208642363548,
    4.2496807850511686e-07,
    2.2321659344015643e-05,
    0.01730993390083313,
    0.016917390748858452,
    0.007412666920572519,
    0.0063083963468670845,
    0.0002977911790367216,
    0.001998073887079954,
    0.000494796026032418,
    0.009214462712407112,
    0.004648901522159576,
    0.0055390577763319016,
    0.10976409167051315,
    0.11572523415088654,
    0.05339401960372925,
    0.05879665166139603,
    0.47733160853385925,
    0.47722920775413513,
    0.08825969696044922,
    -0.00010983031097566709,
    -0.00011907228326890618,
    0.001011670334264636,
    0.03908132389187813,
    0.04747071489691734,
    0.04617489129304886,
    0.054422251880168915,
    0.0
  ],
  "active_shapes": {
    "JawRight": 0.016219086945056915,
    "JawOpen": 0.030928106978535652,
    "MouthFunnel": 0.02693677321076393,
    "MouthSmileLeft": 0.07167302072048187,
    "MouthSmileRight": 0.05807208642363548,
    "MouthDimpleLeft": 0.01730993390083313,
    "MouthDimpleRight": 0.016917390748858452,
    "MouthLowerDownLeft": 0.10976409167051315,
    "MouthLowerDownRight": 0.11572523415088654,
    "MouthUpperUpLeft": 0.05339401960372925,
    "MouthUpperUpRight": 0.05879665166139603,
    "BrowDownLeft": 0.47733160853385925,
    "BrowDownRight": 0.47722920775413513,
    "BrowInnerUp": 0.08825969696044922,
    "CheekSquintLeft": 0.03908132389187813,
    "CheekSquintRight": 0.04747071489691734,
    "NoseSneerLeft": 0.04617489129304886,
    "NoseSneerRight": 0.054422251880168915
  },
  "packet_size": 314,
  "packet_hex_preview": "060000002464646431326362302d333463612d313166302d383166662d3734353633633437336235330000000847616c6146616365003b92a8fb3d07c8000000"
}