{
  "frame_id": 553,
  "timestamp": "2025-05-19T18:04:33.523322",
  "input_values": [
    0.0,
    0.0,
    0.0,
    0.0,
    0.0,
    0.0,
    0.0,
    0.0,
    0.0,
    0.0,
    0.0,
    0.0,
    0.0,
    0.0,
    0.001150444382801652,
    0.00018820160767063498,
    0.025993723422288895,
    0.05931773781776428,
    -3.737909764822689e-06,
    0.06812702119350433,
    0.0029925627168267965,
    0.0008021433604881167,
    0.006634942255914211,
    0.12980489432811737,
    0.10006073117256165,
    2.7525900804903358e-05,
    2.6799370971275494e-05,
    0.025122541934251785,
    0.02396210841834545,
    0.011219581589102745,
    0.012860899791121483,
    0.00034942119964398444,
    0.0035639668349176645,
    0.0007203572895377874,
    0.015239948406815529,
    0.00912636797875166,
    0.010811187326908112,
    0.2071000039577484,
    0.21637870371341705,
    0.09041690081357956,
    0.10053808242082596,
    0.8141863942146301,
    0.8139918446540833,
    0.1682327836751938,
    -2.8555281460285187e-05,
    -6.980553007451817e-05,
    0.00241958349943161,
    0.06690391153097153,
    0.08112731575965881,
    0.0879356786608696,
    0.10380932688713074,
    0.0
  ],
  "active_shapes": {
    "JawRight": 0.025993723422288895,
    "JawOpen": 0.05931773781776428,
    "MouthFunnel": 0.06812702119350433,
    "MouthSmileLeft": 0.12980489432811737,
    "MouthSmileRight": 0.10006073117256165,
    "MouthDimpleLeft": 0.025122541934251785,
    "MouthDimpleRight": 0.02396210841834545,
    "MouthStretchLeft": 0.011219581589102745,
    "MouthStretchRight": 0.012860899791121483,
    "MouthShrugUpper": 0.015239948406815529,
    "MouthPressRight": 0.010811187326908112,
    "MouthLowerDownLeft": 0.2071000039577484,
    "MouthLowerDownRight": 0.21637870371341705,
    "MouthUpperUpLeft": 0.09041690081357956,
    "MouthUpperUpRight": 0.10053808242082596,
    "BrowDownLeft": 0.8141863942146301,
    "BrowDownRight": 0.8139918446540833,
    "BrowInnerUp": 0.1682327836751938,
    "CheekSquintLeft": 0.06690391153097153,
    "CheekSquintRight": 0.08112731575965881,
    "NoseSneerLeft": 0.0879356786608696,
    "NoseSneerRight": 0.10380932688713074
  },
  "packet_size": 314,
  "packet_hex_preview": "060000002464646431326362302d333463612d313166302d383166662d3734353633633437336235330000000847616c6146616365003b939bfb3d07c8000000"
}