{
  "frame_id": 507,
  "timestamp": "2025-05-19T18:04:31.813986",
  "input_values": [
    0.0,
    0.0,
    0.0,
    0.0,
    0.0,
    0.0,
    0.0,
    0.0,
    0.0,
    0.0,
    0.0,
    0.0,
    0.0,
    0.0,
    0.00014957008534111083,
    3.7507757951971143e-05,
    0.003010748652741313,
    0.004290783312171698,
    -1.3636311450682115e-05,
    0.006147976033389568,
    0.034532345831394196,
    0.00017917173681780696,
    0.0010648207971826196,
    0.005036701913923025,
    0.0008721314370632172,
    -3.4456810681149364e-05,
    5.635522393276915e-05,
    0.002905572997406125,
    0.0025604881811887026,
    0.00017237449355889112,
    7.539178477600217e-05,
    5.81709791731555e-05,
    0.0004383180639706552,
    0.0024650904815644026,
    0.004597442224621773,
    0.0017951724585145712,
    0.0021041478030383587,
    0.006840039044618607,
    0.0070944554172456264,
    0.0016062951181083918,
    0.0018610780825838447,
    0.16279931366443634,
    0.16273654997348785,
    0.03836161643266678,
    -9.534507938724346e-08,
    -2.0982057321816683e-05,
    0.001149271847680211,
    0.0082924235612154,
    0.009866133332252502,
    0.009732751175761223,
    0.011993814259767532,
    0.0
  ],
  "active_shapes": {
    "MouthPucker": 0.034532345831394196,
    "BrowDownLeft": 0.16279931366443634,
    "BrowDownRight": 0.16273654997348785,
    "BrowInnerUp": 0.03836161643266678,
    "NoseSneerRight": 0.011993814259767532
  },
  "packet_size": 314,
  "packet_hex_preview": "060000002464646431326362302d333463612d313166302d383166662d3734353633633437336235330000000847616c6146616365003b9334fb3d07c8000000"
}