{
  "frame_id": 362,
  "timestamp": "2025-05-19T18:04:26.867395",
  "input_values": [
    0.0,
    0.0,
    0.0,
    0.0,
    0.0,
    0.0,
    0.0,
    0.0,
    0.0,
    0.0,
    0.0,
    0.0,
    0.0,
    0.0,
    0.0045739817433059216,
    0.00015092983085196465,
    0.020910337567329407,
    0.09798619151115417,
    0.00030257931211963296,
    0.09227968007326126,
    0.01770538091659546,
    0.0020164954476058483,
    0.0024483983870595694,
    0.09620203077793121,
    0.07673440873622894,
    3.817310062004253e-05,
    4.220194023218937e-05,
    0.015948036685585976,
    0.015191744081676006,
    0.00301835173740983,
    0.008108861744403839,
    5.667282312060706e-05,
    0.004398181103169918,
    0.0031304783187806606,
    0.011542626656591892,
    0.006588321179151535,
    0.007381809409707785,
    0.20614197850227356,
    0.2157401591539383,
    0.09245920926332474,
    0.09955129027366638,
    0.46470314264297485,
    0.4644717574119568,
    0.0011662822216749191,
    -6.775465590180829e-05,
    -5.532944487640634e-05,
    1.1818140592367854e-05,
    0.05087050050497055,
    0.057285357266664505,
    0.10298852622509003,
    0.11024703830480576,
    0.0
  ],
  "active_shapes": {
    "JawRight": 0.020910337567329407,
    "JawOpen": 0.09798619151115417,
    "MouthFunnel": 0.09227968007326126,
    "MouthPucker": 0.01770538091659546,
    "MouthSmileLeft": 0.09620203077793121,
    "MouthSmileRight": 0.07673440873622894,
    "MouthDimpleLeft": 0.015948036685585976,
    "MouthDimpleRight": 0.015191744081676006,
    "MouthShrugUpper": 0.011542626656591892,
    "MouthLowerDownLeft": 0.20614197850227356,
    "MouthLowerDownRight": 0.2157401591539383,
    "MouthUpperUpLeft": 0.09245920926332474,
    "MouthUpperUpRight": 0.09955129027366638,
    "BrowDownLeft": 0.46470314264297485,
    "BrowDownRight": 0.4644717574119568,
    "CheekSquintLeft": 0.05087050050497055,
    "CheekSquintRight": 0.057285357266664505,
    "NoseSneerLeft": 0.10298852622509003,
    "NoseSneerRight": 0.11024703830480576
  },
  "packet_size": 314,
  "packet_hex_preview": "060000002464646431326362302d333463612d313166302d383166662d3734353633633437336235330000000847616c6146616365003b920cfb3d07c8000000"
}