{
  "frame_id": 41,
  "timestamp": "2025-05-19T18:04:16.607879",
  "input_values": [
    0.0,
    0.0,
    0.0,
    0.0,
    0.0,
    0.0,
    0.0,
    0.0,
    0.0,
    0.0,
    0.0,
    0.0,
    0.0,
    0.0,
    0.0028303612489253283,
    0.00015132853877730668,
    0.025289034470915794,
    0.04656101390719414,
    -0.0003236504562664777,
    0.051936306059360504,
    0.007201959379017353,
    -0.00039394930354319513,
    0.00457270722836256,
    0.10087865591049194,
    0.08575393259525299,
    -5.2156781748635694e-05,
    8.726662781555206e-05,
    0.0143593056127429,
    0.014112007804214954,
    0.00019471791165415198,
    0.0003539739118423313,
    4.3802039726870134e-05,
    0.00047939541400410235,
    0.0037473912816494703,
    0.01919579692184925,
    0.008710560388863087,
    0.009642630815505981,
    0.16294126212596893,
    0.17652633786201477,
    0.09540116786956787,
    0.10429111868143082,
    0.6224542260169983,
    0.6222617030143738,
    0.12931415438652039,
    7.354935951298103e-05,
    -1.9322515072417445e-05,
    0.0018802685663104057,
    0.04808735474944115,
    0.057501424103975296,
    0.0693201869726181,
    0.07879903167486191,
    0.0
  ],
  "active_shapes": {
    "JawRight": 0.025289034470915794,
    "JawOpen": 0.04656101390719414,
    "MouthFunnel": 0.051936306059360504,
    "MouthSmileLeft": 0.10087865591049194,
    "MouthSmileRight": 0.08575393259525299,
    "MouthDimpleLeft": 0.0143593056127429,
    "MouthDimpleRight": 0.014112007804214954,
    "MouthShrugUpper": 0.01919579692184925,
    "MouthLowerDownLeft": 0.16294126212596893,
    "MouthLowerDownRight": 0.17652633786201477,
    "MouthUpperUpLeft": 0.09540116786956787,
    "MouthUpperUpRight": 0.10429111868143082,
    "BrowDownLeft": 0.6224542260169983,
    "BrowDownRight": 0.6222617030143738,
    "BrowInnerUp": 0.12931415438652039,
    "CheekSquintLeft": 0.04808735474944115,
    "CheekSquintRight": 0.057501424103975296,
    "NoseSneerLeft": 0.0693201869726181,
    "NoseSneerRight": 0.07879903167486191
  },
  "packet_size": 314,
  "packet_hex_preview": "060000002464646431326362302d333463612d313166302d383166662d3734353633633437336235330000000847616c6146616365003b8fa4fb3d07c8000000"
}