{
  "frame_id": 420,
  "timestamp": "2025-05-19T18:04:28.685589",
  "input_values": [
    0.0,
    0.0,
    0.0,
    0.0,
    0.0,
    0.0,
    0.0,
    0.0,
    0.0,
    0.0,
    0.0,
    0.0,
    0.0,
    0.0,
    0.0322672463953495,
    0.00018291773449163884,
    0.02503173053264618,
    0.13365080952644348,
    0.0001615731744095683,
    0.2112722396850586,
    0.02212310954928398,
    0.01735488697886467,
    -1.3888758076063823e-05,
    0.002718169940635562,
    0.0012904561590403318,
    0.0047144051641225815,
    0.009673675522208214,
    0.010851012542843819,
    0.006692311726510525,
    0.053782716393470764,
    0.04778873547911644,
    0.00033668518881313503,
    0.009500608779489994,
    0.00010531421867199242,
    0.00027461748686619103,
    -6.38899946352467e-05,
    0.0008592703379690647,
    0.3597940504550934,
    0.3499947488307953,
    0.10331163555383682,
    0.10601050406694412,
    0.00013081237557344139,
    4.944413740304299e-05,
    0.5394268035888672,
    0.34096115827560425,
    0.34126976132392883,
    0.0018434752710163593,
    0.03435571491718292,
    0.036937300115823746,
    -0.0006762723787687719,
    1.847842759161722e-05,
    0.0
  ],
  "active_shapes": {
    "JawForward": 0.0322672463953495,
    "JawRight": 0.02503173053264618,
    "JawOpen": 0.13365080952644348,
    "MouthFunnel": 0.2112722396850586,
    "MouthPucker": 0.02212310954928398,
    "MouthLeft": 0.01735488697886467,
    "MouthDimpleLeft": 0.010851012542843819,
    "MouthStretchLeft": 0.053782716393470764,
    "MouthStretchRight": 0.04778873547911644,
    "MouthLowerDownLeft": 0.3597940504550934,
    "MouthLowerDownRight": 0.3499947488307953,
    "MouthUpperUpLeft": 0.10331163555383682,
    "MouthUpperUpRight": 0.10601050406694412,
    "BrowInnerUp": 0.5394268035888672,
    "BrowOuterUpLeft": 0.34096115827560425,
    "BrowOuterUpRight": 0.34126976132392883,
    "CheekSquintLeft": 0.03435571491718292,
    "CheekSquintRight": 0.036937300115823746
  },
  "packet_size": 314,
  "packet_hex_preview": "060000002464646431326362302d333463612d313166302d383166662d3734353633633437336235330000000847616c6146616365003b9279fb3d07c8000000"
}