{
  "frame_id": 113,
  "timestamp": "2025-05-19T18:04:18.837303",
  "input_values": [
    0.0,
    0.0,
    0.0,
    0.0,
    0.0,
    0.0,
    0.0,
    0.0,
    0.0,
    0.0,
    0.0,
    0.0,
    0.0,
    0.0,
    0.015444839373230934,
    0.00019861530745401978,
    0.004421120975166559,
    0.06911733746528625,
    0.037662118673324585,
    0.033544011414051056,
    0.008610090240836143,
    0.01021101139485836,
    0.006803449243307114,
    0.026165999472141266,
    0.022902105003595352,
    -0.00021501895389519632,
    -9.845144813880324e-05,
    0.01621837355196476,
    0.015346097759902477,
    0.05436535179615021,
    0.05767849087715149,
    0.0032653340604156256,
    0.008928860537707806,
    -0.00010088298586197197,
    4.587422881741077e-05,
    0.0001702617882983759,
    0.0007164372364059091,
    0.08467921614646912,
    0.08605371415615082,
    0.0004698864358942956,
    0.0010313066886737943,
    -0.00014861002273391932,
    -5.581945151789114e-05,
    0.14955569803714752,
    0.11507035046815872,
    0.11518127471208572,
    0.0003278666699770838,
    0.02689569629728794,
    0.03502439334988594,
    0.0018745709676295519,
    0.006001077126711607,
    0.0
  ],
  "active_shapes": {
    "JawForward": 0.015444839373230934,
    "JawOpen": 0.06911733746528625,
    "MouthClose": 0.037662118673324585,
    "MouthFunnel": 0.033544011414051056,
    "MouthLeft": 0.01021101139485836,
    "MouthSmileLeft": 0.026165999472141266,
    "MouthSmileRight": 0.022902105003595352,
    "MouthDimpleLeft": 0.01621837355196476,
    "MouthDimpleRight": 0.015346097759902477,
    "MouthStretchLeft": 0.05436535179615021,
    "MouthStretchRight": 0.05767849087715149,
    "MouthLowerDownLeft": 0.08467921614646912,
    "MouthLowerDownRight": 0.08605371415615082,
    "BrowInnerUp": 0.14955569803714752,
    "BrowOuterUpLeft": 0.11507035046815872,
    "BrowOuterUpRight": 0.11518127471208572,
    "CheekSquintLeft": 0.02689569629728794,
    "CheekSquintRight": 0.03502439334988594
  },
  "packet_size": 314,
  "packet_hex_preview": "060000002464646431326362302d333463612d313166302d383166662d3734353633633437336235330000000847616c6146616365003b902afb3d07c8000000"
}