{
  "frame_id": 293,
  "timestamp": "2025-05-19T18:04:24.693539",
  "input_values": [
    0.0,
    0.0,
    0.0,
    0.0,
    0.0,
    0.0,
    0.0,
    0.0,
    0.0,
    0.0,
    0.0,
    0.0,
    0.0,
    0.0,
    0.0018293196335434914,
    0.00015874041127972305,
    0.005431295372545719,
    0.03229474276304245,
    0.01769440993666649,
    0.0225304514169693,
    0.003299811389297247,
    0.0007747277850285172,
    0.0018841171404346824,
    0.05958036333322525,
    0.051370274275541306,
    2.3029944713925943e-05,
    -7.372814434347674e-05,
    0.016804691404104233,
    0.016668248921632767,
    0.014593246392905712,
    0.015123088844120502,
    0.00014660264423582703,
    0.0048754471354186535,
    -3.3578424336155877e-05,
    0.00035065063275396824,
    0.0029346547089517117,
    0.0034078240860253572,
    0.07747992873191833,
    0.08651572465896606,
    0.0016809679800644517,
    0.00562246423214674,
    0.2842351794242859,
    0.2839837968349457,
    0.04056643322110176,
    -9.521665924694389e-05,
    -0.0001781645987648517,
    0.0011418871581554413,
    0.02848312258720398,
    0.03585772216320038,
    0.0021057205740362406,
    0.0015964445192366838,
    0.0
  ],
  "active_shapes": {
    "JawOpen": 0.03229474276304245,
    "MouthClose": 0.01769440993666649,
    "MouthFunnel": 0.0225304514169693,
    "MouthSmileLeft": 0.05958036333322525,
    "MouthSmileRight": 0.051370274275541306,
    "MouthDimpleLeft": 0.016804691404104233,
    "MouthDimpleRight": 0.016668248921632767,
    "MouthStretchLeft": 0.014593246392905712,
    "MouthStretchRight": 0.015123088844120502,
    "MouthLowerDownLeft": 0.07747992873191833,
    "MouthLowerDownRight": 0.08651572465896606,
    "BrowDownLeft": 0.2842351794242859,
    "BrowDownRight": 0.2839837968349457,
    "BrowInnerUp": 0.04056643322110176,
    "CheekSquintLeft": 0.02848312258720398,
    "CheekSquintRight": 0.03585772216320038
  },
  "packet_size": 314,
  "packet_hex_preview": "060000002464646431326362302d333463612d313166302d383166662d3734353633633437336235330000000847616c6146616365003b9189fb3d07c8000000"
}