{
  "frame_id": 126,
  "timestamp": "2025-05-19T18:04:19.310995",
  "input_values": [
    0.0,
    0.0,
    0.0,
    0.0,
    0.0,
    0.0,
    0.0,
    0.0,
    0.0,
    0.0,
    0.0,
    0.0,
    0.0,
    0.0,
    0.03080645389854908,
    0.00018704960530158132,
    0.042540181428194046,
    0.1916877180337906,
    -0.0003138668544124812,
    0.1768917441368103,
    0.005925736390054226,
    0.0011455860221758485,
    0.0021075080148875713,
    0.05781612917780876,
    0.04292245954275131,
    -5.472344491863623e-05,
    7.46583245927468e-05,
    0.03379964828491211,
    0.03251228481531143,
    0.027349768206477165,
    0.03468020260334015,
    -0.00031960636260919273,
    0.004987077787518501,
    -0.0002830535522662103,
    0.0012300460366532207,
    0.006629555951803923,
    0.00749105354771018,
    0.3071579039096832,
    0.3121398687362671,
    0.12528541684150696,
    0.13283561170101166,
    0.2979605793952942,
    0.2976621389389038,
    0.011146843433380127,
    -2.387274071224965e-05,
    -6.39595091342926e-05,
    -6.978623787290417e-06,
    0.058509040623903275,
    0.062276870012283325,
    0.01619730517268181,
    0.023101769387722015,
    0.0
  ],
  "active_shapes": {
    "JawForward": 0.03080645389854908,
    "JawRight": 0.042540181428194046,
    "JawOpen": 0.1916877180337906,
    "MouthFunnel": 0.1768917441368103,
    "MouthSmileLeft": 0.05781612917780876,
    "MouthSmileRight": 0.04292245954275131,
    "MouthDimpleLeft": 0.03379964828491211,
    "MouthDimpleRight": 0.03251228481531143,
    "MouthStretchLeft": 0.027349768206477165,
    "MouthStretchRight": 0.03468020260334015,
    "MouthLowerDownLeft": 0.3071579039096832,
    "MouthLowerDownRight": 0.3121398687362671,
    "MouthUpperUpLeft": 0.12528541684150696,
    "MouthUpperUpRight": 0.13283561170101166,
    "BrowDownLeft": 0.2979605793952942,
    "BrowDownRight": 0.2976621389389038,
    "BrowInnerUp": 0.011146843433380127,
    "CheekSquintLeft": 0.058509040623903275,
    "CheekSquintRight": 0.062276870012283325,
    "NoseSneerLeft": 0.01619730517268181,
    "NoseSneerRight": 0.023101769387722015
  },
  "packet_size": 314,
  "packet_hex_preview": "060000002464646431326362302d333463612d313166302d383166662d3734353633633437336235330000000847616c6146616365003b9046fb3d07c8000000"
}