{
  "frame_id": 121,
  "timestamp": "2025-05-19T18:04:19.274411",
  "input_values": [
    0.0,
    0.0,
    0.0,
    0.0,
    0.0,
    0.0,
    0.0,
    0.0,
    0.0,
    0.0,
    0.0,
    0.0,
    0.0,
    0.0,
    0.008463523350656033,
    0.00014835897309239954,
    0.015364830382168293,
    0.0164593905210495,
    0.00028063886566087604,
    0.03619273751974106,
    0.0007672032224945724,
    0.005629341118037701,
    0.0002092652430292219,
    0.07869546115398407,
    0.07513304054737091,
    0.0001252342772204429,
    0.00011854261538246647,
    0.007861616089940071,
    0.006471601314842701,
    0.021787632256746292,
    0.019769825041294098,
    0.0003174405137542635,
    0.001221197540871799,
    0.0044396547600626945,
    0.007740768138319254,
    0.00025202156393788755,
    0.001138918218202889,
    0.09322322905063629,
    0.0914430096745491,
    0.047607921063899994,
    0.04719970375299454,
    7.216919038910419e-05,
    0.00011906171130249277,
    0.1725860983133316,
    0.09259860962629318,
    0.09274359792470932,
    -5.665418575517833e-05,
    0.02604082226753235,
    0.033055249601602554,
    0.00020071300968993455,
    0.004971442744135857,
    0.0
  ],
  "active_shapes": {
    "JawRight": 0.015364830382168293,
    "JawOpen": 0.0164593905210495,
    "MouthFunnel": 0.03619273751974106,
    "MouthSmileLeft": 0.07869546115398407,
    "MouthSmileRight": 0.07513304054737091,
    "MouthStretchLeft": 0.021787632256746292,
    "MouthStretchRight": 0.019769825041294098,
    "MouthLowerDownLeft": 0.09322322905063629,
    "MouthLowerDownRight": 0.0914430096745491,
    "MouthUpperUpLeft": 0.047607921063899994,
    "MouthUpperUpRight": 0.04719970375299454,
    "BrowInnerUp": 0.1725860983133316,
    "BrowOuterUpLeft": 0.09259860962629318,
    "BrowOuterUpRight": 0.09274359792470932,
    "CheekSquintLeft": 0.02604082226753235,
    "CheekSquintRight": 0.033055249601602554
  },
  "packet_size": 314,
  "packet_hex_preview": "060000002464646431326362302d333463612d313166302d383166662d3734353633633437336235330000000847616c6146616365003b9044fb3d07c8000000"
}