{
  "frame_id": 443,
  "timestamp": "2025-05-19T18:04:29.490826",
  "input_values": [
    0.0,
    0.0,
    0.0,
    0.0,
    0.0,
    0.0,
    0.0,
    0.0,
    0.0,
    0.0,
    0.0,
    0.0,
    0.0,
    0.0,
    0.0041865692473948,
    0.00015092999092303216,
    0.020275115966796875,
    0.03523433208465576,
    -4.3400376625868375e-07,
    0.026740845292806625,
    0.013454586267471313,
    7.150074816308916e-05,
    0.0035603116266429424,
    0.07897350937128067,
    0.06264712661504745,
    -6.640110223088413e-05,
    5.357211921364069e-05,
    0.021916817873716354,
    0.021475667133927345,
    0.007369961589574814,
    0.007265844382345676,
    0.00035828136606141925,
    0.002652695868164301,
    0.0018041797447949648,
    0.012653465382754803,
    0.006314718630164862,
    0.007519075181335211,
    0.10104000568389893,
    0.10793968290090561,
    0.04842301458120346,
    0.05461686849594116,
    0.6309306025505066,
    0.6307956576347351,
    0.11768156290054321,
    -0.00013910475536249578,
    -0.00013500702334567904,
    0.0013120250077918172,
    0.05267788842320442,
    0.06428241729736328,
    0.0552607998251915,
    0.06510163843631744,
    0.0
  ],
  "active_shapes": {
    "JawRight": 0.020275115966796875,
    "JawOpen": 0.03523433208465576,
    "MouthFunnel": 0.026740845292806625,
    "MouthPucker": 0.013454586267471313,
    "MouthSmileLeft": 0.07897350937128067,
    "MouthSmileRight": 0.06264712661504745,
    "MouthDimpleLeft": 0.021916817873716354,
    "MouthDimpleRight": 0.021475667133927345,
    "MouthShrugUpper": 0.012653465382754803,
    "MouthLowerDownLeft": 0.10104000568389893,
    "MouthLowerDownRight": 0.10793968290090561,
    "MouthUpperUpLeft": 0.04842301458120346,
    "MouthUpperUpRight": 0.05461686849594116,
    "BrowDownLeft": 0.6309306025505066,
    "BrowDownRight": 0.6307956576347351,
    "BrowInnerUp": 0.11768156290054321,
    "CheekSquintLeft": 0.05267788842320442,
    "CheekSquintRight": 0.06428241729736328,
    "NoseSneerLeft": 0.0552607998251915,
    "NoseSneerRight": 0.06510163843631744
  },
  "packet_size": 314,
  "packet_hex_preview": "060000002464646431326362302d333463612d313166302d383166662d3734353633633437336235330000000847616c6146616365003b92a9fb3d07c8000000"
}