{
  "frame_id": 253,
  "timestamp": "2025-05-19T18:04:23.291187",
  "input_values": [
    0.0,
    0.0,
    0.0,
    0.0,
    0.0,
    0.0,
    0.0,
    0.0,
    0.0,
    0.0,
    0.0,
    0.0,
    0.0,
    0.0,
    0.019048340618610382,
    0.0001936538756126538,
    0.004510078579187393,
    0.056938327848911285,
    0.06240209937095642,
    0.00011265415378147736,
    0.0011140595888718963,
    0.006367381662130356,
    0.0005747053073719144,
    0.11315546929836273,
    0.11626454442739487,
    -4.976552736479789e-05,
    -1.605458055564668e-05,
    0.041063081473112106,
    0.042972445487976074,
    0.026273148134350777,
    0.022388534620404243,
    0.02839306741952896,
    0.02300698310136795,
    0.00023130026238504797,
    -8.712906128494069e-05,
    0.003797265700995922,
    0.00465050246566534,
    0.08216940611600876,
    0.08271662890911102,
    -4.4240579882171005e-05,
    0.0005926498561166227,
    0.02187044359743595,
    0.02166341245174408,
    0.05247708410024643,
    -9.872205737337936e-06,
    6.339654646581039e-05,
    0.002095472766086459,
    0.05788838490843773,
    0.06557371467351913,
    0.0006431080400943756,
    0.0006874469690956175,
    0.0
  ],
  "active_shapes": {
    "JawForward": 0.019048340618610382,
    "JawOpen": 0.056938327848911285,
    "MouthClose": 0.06240209937095642,
    "MouthSmileLeft": 0.11315546929836273,
    "MouthSmileRight": 0.11626454442739487,
    "MouthDimpleLeft": 0.041063081473112106,
    "MouthDimpleRight": 0.042972445487976074,
    "MouthStretchLeft": 0.026273148134350777,
    "MouthStretchRight": 0.022388534620404243,
    "MouthRollLower": 0.02839306741952896,
    "MouthRollUpper": 0.02300698310136795,
    "MouthLowerDownLeft": 0.08216940611600876,
    "MouthLowerDownRight": 0.08271662890911102,
    "BrowDownLeft": 0.02187044359743595,
    "BrowDownRight": 0.02166341245174408,
    "BrowInnerUp": 0.05247708410024643,
    "CheekSquintLeft": 0.05788838490843773,
    "CheekSquintRight": 0.06557371467351913
  },
  "packet_size": 314,
  "packet_hex_preview": "060000002464646431326362302d333463612d313166302d383166662d3734353633633437336235330000000847616c6146616365003b9135fb3d07c8000000"
}