{
  "frame_id": 169,
  "timestamp": "2025-05-19T18:04:20.564563",
  "input_values": [
    0.0,
    0.0,
    0.0,
    0.0,
    0.0,
    0.0,
    0.0,
    0.0,
    0.0,
    0.0,
    0.0,
    0.0,
    0.0,
    0.0,
    0.013295287266373634,
    0.00018584071949589998,
    0.014543955214321613,
    0.08212995529174805,
    0.07298872619867325,
    0.07040443271398544,
    0.0008251391118392348,
    0.008264172822237015,
    0.00036244289367459714,
    0.06166008114814758,
    0.07391208410263062,
    -7.951182487886399e-05,
    3.844373350148089e-05,
    0.02685469202697277,
    0.026522736996412277,
    0.10648604482412338,
    0.11307398974895477,
    0.007255397271364927,
    0.014172947034239769,
    4.603352499543689e-05,
    0.00035462062805891037,
    0.00014383188681676984,
    0.0004817637091036886,
    0.1665765792131424,
    0.1658017486333847,
    0.0053578694351017475,
    0.00648459792137146,
    0.0001179473110823892,
    -1.1791885299317073e-05,
    0.22077977657318115,
    0.24950380623340607,
    0.2496182769536972,
    -0.0006436549010686576,
    0.03456318378448486,
    0.037664879113435745,
    7.821246867933951e-07,
    0.0004436556191649288,
    0.0
  ],
  "active_shapes": {
    "JawForward": 0.013295287266373634,
    "JawRight": 0.014543955214321613,
    "JawOpen": 0.08212995529174805,
    "MouthClose": 0.07298872619867325,
    "MouthFunnel": 0.07040443271398544,
    "MouthSmileLeft": 0.06166008114814758,
    "MouthSmileRight": 0.07391208410263062,
    "MouthDimpleLeft": 0.02685469202697277,
    "MouthDimpleRight": 0.026522736996412277,
    "MouthStretchLeft": 0.10648604482412338,
    "MouthStretchRight": 0.11307398974895477,
    "MouthRollUpper": 0.014172947034239769,
    "MouthLowerDownLeft": 0.1665765792131424,
    "MouthLowerDownRight": 0.1658017486333847,
    "BrowInnerUp": 0.22077977657318115,
    "BrowOuterUpLeft": 0.24950380623340607,
    "BrowOuterUpRight": 0.2496182769536972,
    "CheekSquintLeft": 0.03456318378448486,
    "CheekSquintRight": 0.037664879113435745
  },
  "packet_size": 314,
  "packet_hex_preview": "060000002464646431326362302d333463612d313166302d383166662d3734353633633437336235330000000847616c6146616365003b9091fb3d07c8000000"
}