{
  "frame_id": 430,
  "timestamp": "2025-05-19T18:04:29.118133",
  "input_values": [
    0.0,
    0.0,
    0.0,
    0.0,
    0.0,
    0.0,
    0.0,
    0.0,
    0.0,
    0.0,
    0.0,
    0.0,
    0.0,
    0.0,
    0.02970224618911743,
    0.00018222037761006504,
    0.024166123941540718,
    0.03810180351138115,
    0.00028955269954167306,
    0.1049097329378128,
    0.005089559592306614,
    0.021573541685938835,
    0.0007255396340042353,
    0.08635440468788147,
    0.07199779152870178,
    -1.2848796359321568e-05,
    0.0003253623144701123,
    0.01774822548031807,
    0.013833961449563503,
    0.07280918955802917,
    0.07099159806966782,
    0.005444551818072796,
    0.008871346712112427,
    0.0003895860572811216,
    0.0044697984121739864,
    -0.00040467552025802433,
    0.0008076918311417103,
    0.16834387183189392,
    0.15858156979084015,
    0.07867389172315598,
    0.0804278776049614,
    0.000697256182320416,
    0.00058066874044016,
    0.5427506566047668,
    0.32806476950645447,
    0.3285996615886688,
    0.001101575093343854,
    0.06313326209783554,
    0.06717915087938309,
    -0.00047608185559511185,
    0.0013290982460603118,
    0.0
  ],
  "active_shapes": {
    "JawForward": 0.02970224618911743,
    "JawRight": 0.024166123941540718,
    "JawOpen": 0.03810180351138115,
    "MouthFunnel": 0.1049097329378128,
    "MouthLeft": 0.021573541685938835,
    "MouthSmileLeft": 0.08635440468788147,
    "MouthSmileRight": 0.07199779152870178,
    "MouthDimpleLeft": 0.01774822548031807,
    "MouthDimpleRight": 0.013833961449563503,
    "MouthStretchLeft": 0.07280918955802917,
    "MouthStretchRight": 0.07099159806966782,
    "MouthLowerDownLeft": 0.16834387183189392,
    "MouthLowerDownRight": 0.15858156979084015,
    "MouthUpperUpLeft": 0.07867389172315598,
    "MouthUpperUpRight": 0.0804278776049614,
    "BrowInnerUp": 0.5427506566047668,
    "BrowOuterUpLeft": 0.32806476950645447,
    "BrowOuterUpRight": 0.3285996615886688,
    "CheekSquintLeft": 0.06313326209783554,
    "CheekSquintRight": 0.06717915087938309
  },
  "packet_size": 314,
  "packet_hex_preview": "060000002464646431326362302d333463612d313166302d383166662d3734353633633437336235330000000847616c6146616365003b9293fb3d07c8000000"
}