{
  "frame_id": 348,
  "timestamp": "2025-05-19T18:04:26.451489",
  "input_values": [
    0.0,
    0.0,
    0.0,
    0.0,
    0.0,
    0.0,
    0.0,
    0.0,
    0.0,
    0.0,
    0.0,
    0.0,
    0.0,
    0.0,
    0.025618785992264748,
    0.00014801086217630655,
    0.01580580696463585,
    0.0633685514330864,
    0.023622119799256325,
    0.03638943284749985,
    0.00037141694338060915,
    0.0048109195195138454,
    -6.801275594625622e-05,
    0.06013355404138565,
    0.0486472025513649,
    9.900893928715959e-05,
    1.7661490119280643e-06,
    0.025174221023917198,
    0.023594019934535027,
    0.09725888073444366,
    0.09948986023664474,
    0.002918858313933015,
    0.009184489957988262,
    0.00014989945339038968,
    -2.158322968170978e-05,
    -2.44855897335583e-07,
    0.0002727501268964261,
    0.10368596017360687,
    0.0988193154335022,
    0.0044948202557861805,
    0.0026163861621171236,
    -7.644998549949378e-05,
    -2.6843787054531276e-05,
    0.24201497435569763,
    0.17884477972984314,
    0.17913666367530823,
    0.00022646912839263678,
    0.04034312069416046,
    0.04140327125787735,
    -0.00010664883302524686,
    6.0981587012065575e-05,
    0.0
  ],
  "active_shapes": {
    "JawForward": 0.025618785992264748,
    "JawRight": 0.01580580696463585,
    "JawOpen": 0.0633685514330864,
    "MouthClose": 0.023622119799256325,
    "MouthFunnel": 0.03638943284749985,
    "MouthSmileLeft": 0.06013355404138565,
    "MouthSmileRight": 0.0486472025513649,
    "MouthDimpleLeft": 0.025174221023917198,
    "MouthDimpleRight": 0.023594019934535027,
    "MouthStretchLeft": 0.09725888073444366,
    "MouthStretchRight": 0.09948986023664474,
    "MouthLowerDownLeft": 0.10368596017360687,
    "MouthLowerDownRight": 0.0988193154335022,
    "BrowInnerUp": 0.24201497435569763,
    "BrowOuterUpLeft": 0.17884477972984314,
    "BrowOuterUpRight": 0.17913666367530823,
    "CheekSquintLeft": 0.04034312069416046,
    "CheekSquintRight": 0.04140327125787735
  },
  "packet_size": 314,
  "packet_hex_preview": "060000002464646431326362302d333463612d313166302d383166662d3734353633633437336235330000000847616c6146616365003b91f3fb3d07c8000000"
}