{
  "frame_id": 64,
  "timestamp": "2025-05-19T18:04:17.477350",
  "input_values": [
    0.0,
    0.0,
    0.0,
    0.0,
    0.0,
    0.0,
    0.0,
    0.0,
    0.0,
    0.0,
    0.0,
    0.0,
    0.0,
    0.0,
    0.014607282355427742,
    7.299635035451502e-05,
    0.015503006987273693,
    0.033939946442842484,
    -0.00020163992303423584,
    0.03889518603682518,
    2.734274312388152e-05,
    0.0038443554658442736,
    -5.852990580024198e-05,
    0.06430156528949738,
    0.056094639003276825,
    -1.657121356402058e-05,
    3.083631600020453e-05,
    0.008831600658595562,
    0.008089619688689709,
    0.033699922263622284,
    0.03288783133029938,
    -1.9242688722442836e-06,
    0.0006839805864728987,
    -8.497192175127566e-05,
    0.00039456598460674286,
    2.6973753847414628e-05,
    0.00026971858460456133,
    0.1553877741098404,
    0.15538428723812103,
    0.06065194681286812,
    0.05864469334483147,
    1.9721925127669238e-05,
    1.1463761438790243e-05,
    0.19993385672569275,
    0.13584615290164948,
    0.1359710693359375,
    -0.00020072337065357715,
    0.019575154408812523,
    0.019205719232559204,
    -0.00018126124632544816,
    0.0007371283136308193,
    0.0
  ],
  "active_shapes": {
    "JawForward": 0.014607282355427742,
    "JawRight": 0.015503006987273693,
    "JawOpen": 0.033939946442842484,
    "MouthFunnel": 0.03889518603682518,
    "MouthSmileLeft": 0.06430156528949738,
    "MouthSmileRight": 0.056094639003276825,
    "MouthStretchLeft": 0.033699922263622284,
    "MouthStretchRight": 0.03288783133029938,
    "MouthLowerDownLeft": 0.1553877741098404,
    "MouthLowerDownRight": 0.15538428723812103,
    "MouthUpperUpLeft": 0.06065194681286812,
    "MouthUpperUpRight": 0.05864469334483147,
    "BrowInnerUp": 0.19993385672569275,
    "BrowOuterUpLeft": 0.13584615290164948,
    "BrowOuterUpRight": 0.1359710693359375,
    "CheekSquintLeft": 0.019575154408812523,
    "CheekSquintRight": 0.019205719232559204
  },
  "packet_size": 314,
  "packet_hex_preview": "060000002464646431326362302d333463612d313166302d383166662d3734353633633437336235330000000847616c6146616365003b8fd8fb3d07c8000000"
}