{
  "frame_id": 232,
  "timestamp": "2025-05-19T18:04:22.733517",
  "input_values": [
    0.0,
    0.0,
    0.0,
    0.0,
    0.0,
    0.0,
    0.0,
    0.0,
    0.0,
    0.0,
    0.0,
    0.0,
    0.0,
    0.0,
    0.010927402414381504,
    0.00017484059208072722,
    0.01655738800764084,
    0.053071506321430206,
    0.00012115709250792861,
    0.04541470482945442,
    0.0008276270818896592,
    0.0008375408942811191,
    0.000929288740735501,
    0.06596958637237549,
    0.05766197293996811,
    4.7441622882615775e-05,
    -7.960420771269128e-05,
    0.01984858326613903,
    0.02000763639807701,
    0.024361195042729378,
    0.0211372971534729,
    -0.0002135059767169878,
    0.003784987609833479,
    -0.00014887264114804566,
    0.0005363387172110379,
    0.0015838571125641465,
    0.0018785469001159072,
    0.1357647329568863,
    0.14690208435058594,
    0.045159269124269485,
    0.05070239305496216,
    0.13539554178714752,
    0.1352628618478775,
    0.03313503414392471,
    0.030588144436478615,
    0.030529946088790894,
    -8.98793077794835e-05,
    0.020911768078804016,
    0.027139225974678993,
    0.011560386046767235,
    0.011864839121699333,
    0.0
  ],
  "active_shapes": {
    "JawForward": 0.010927402414381504,
    "JawRight": 0.01655738800764084,
    "JawOpen": 0.053071506321430206,
    "MouthFunnel": 0.04541470482945442,
    "MouthSmileLeft": 0.06596958637237549,
    "MouthSmileRight": 0.05766197293996811,
    "MouthDimpleLeft": 0.01984858326613903,
    "MouthDimpleRight": 0.02000763639807701,
    "MouthStretchLeft": 0.024361195042729378,
    "MouthStretchRight": 0.0211372971534729,
    "MouthLowerDownLeft": 0.1357647329568863,
    "MouthLowerDownRight": 0.14690208435058594,
    "MouthUpperUpLeft": 0.045159269124269485,
    "MouthUpperUpRight": 0.05070239305496216,
    "BrowDownLeft": 0.13539554178714752,
    "BrowDownRight": 0.1352628618478775,
    "BrowInnerUp": 0.03313503414392471,
    "BrowOuterUpLeft": 0.030588144436478615,
    "BrowOuterUpRight": 0.030529946088790894,
    "CheekSquintLeft": 0.020911768078804016,
    "CheekSquintRight": 0.027139225974678993,
    "NoseSneerLeft": 0.011560386046767235,
    "NoseSneerRight": 0.011864839121699333
  },
  "packet_size": 314,
  "packet_hex_preview": "060000002464646431326362302d333463612d313166302d383166662d3734353633633437336235330000000847616c6146616365003b9113fb3d07c8000000"
}