{
  "frame_id": 335,
  "timestamp": "2025-05-19T18:04:26.075347",
  "input_values": [
    0.0,
    0.0,
    0.0,
    0.0,
    0.0,
    0.0,
    0.0,
    0.0,
    0.0,
    0.0,
    0.0,
    0.0,
    0.0,
    0.0,
    0.004345675464719534,
    0.00019168294966220856,
    0.018803797662258148,
    0.058068159967660904,
    8.498956594849005e-05,
    0.034493058919906616,
    0.005711589474231005,
    9.311672329204157e-05,
    0.00644163740798831,
    0.1256643533706665,
    0.10510557889938354,
    -3.5537901567295194e-05,
    -6.47173001198098e-05,
    0.028240149840712547,
    0.028649304062128067,
    0.02175714820623398,
    0.019600244238972664,
    0.00015550943498965353,
    0.0027624755166471004,
    0.00018131401157006621,
    0.0026802888605743647,
    0.00677868165075779,
    0.00829683430492878,
    0.19157002866268158,
    0.2088163197040558,
    0.06969895958900452,
    0.07960322499275208,
    0.7947731614112854,
    0.7946294546127319,
    0.23602394759655,
    -3.714449803737807e-06,
    -3.1134040909819305e-05,
    0.0022632305044680834,
    0.05094713345170021,
    0.06647384911775589,
    0.060744188725948334,
    0.07656765729188919,
    0.0
  ],
  "active_shapes": {
    "JawRight": 0.018803797662258148,
    "JawOpen": 0.058068159967660904,
    "MouthFunnel": 0.034493058919906616,
    "MouthSmileLeft": 0.1256643533706665,
    "MouthSmileRight": 0.10510557889938354,
    "MouthDimpleLeft": 0.028240149840712547,
    "MouthDimpleRight": 0.028649304062128067,
    "MouthStretchLeft": 0.02175714820623398,
    "MouthStretchRight": 0.019600244238972664,
    "MouthLowerDownLeft": 0.19157002866268158,
    "MouthLowerDownRight": 0.2088163197040558,
    "MouthUpperUpLeft": 0.06969895958900452,
    "MouthUpperUpRight": 0.07960322499275208,
    "BrowDownLeft": 0.7947731614112854,
    "BrowDownRight": 0.7946294546127319,
    "BrowInnerUp": 0.23602394759655,
    "CheekSquintLeft": 0.05094713345170021,
    "CheekSquintRight": 0.06647384911775589,
    "NoseSneerLeft": 0.060744188725948334,
    "NoseSneerRight": 0.07656765729188919
  },
  "packet_size": 314,
  "packet_hex_preview": "060000002464646431326362302d333463612d313166302d383166662d3734353633633437336235330000000847616c6146616365003b91dcfb3d07c8000000"
}