{
  "frame_id": 351,
  "timestamp": "2025-05-19T18:04:26.486107",
  "input_values": [
    0.0,
    0.0,
    0.0,
    0.0,
    0.0,
    0.0,
    0.0,
    0.0,
    0.0,
    0.0,
    0.0,
    0.0,
    0.0,
    0.0,
    0.025339506566524506,
    0.00018494969117455184,
    0.010554254055023193,
    0.05392800271511078,
    0.04971616342663765,
    0.016316495835781097,
    0.0007050810963846743,
    0.007926782593131065,
    -0.0001210808550240472,
    0.08060314506292343,
    0.06706667691469193,
    0.00010821389878401533,
    1.6551692169741727e-05,
    0.02863287925720215,
    0.02679239585995674,
    0.1067565381526947,
    0.10722888261079788,
    0.016895534470677376,
    0.013682994060218334,
    0.00018995310529135168,
    -1.2645609785977285e-05,
    3.733836274477653e-05,
    0.00044011027785018086,
    0.07431641221046448,
    0.06912770867347717,
    0.0003885570913553238,
    -0.0002776345645543188,
    -6.233229942154139e-05,
    5.795061497337883e-06,
    0.2975263297557831,
    0.21002808213233948,
    0.21040162444114685,
    0.00025603125686757267,
    0.05006074532866478,
    0.0520251989364624,
    -0.00022046831145416945,
    0.00039095699321478605,
    0.0
  ],
  "active_shapes": {
    "JawForward": 0.025339506566524506,
    "JawRight": 0.010554254055023193,
    "JawOpen": 0.05392800271511078,
    "MouthClose": 0.04971616342663765,
    "MouthFunnel": 0.016316495835781097,
    "MouthSmileLeft": 0.08060314506292343,
    "MouthSmileRight": 0.06706667691469193,
    "MouthDimpleLeft": 0.02863287925720215,
    "MouthDimpleRight": 0.02679239585995674,
    "MouthStretchLeft": 0.1067565381526947,
    "MouthStretchRight": 0.10722888261079788,
    "MouthRollLower": 0.016895534470677376,
    "MouthRollUpper": 0.013682994060218334,
    "MouthLowerDownLeft": 0.07431641221046448,
    "MouthLowerDownRight": 0.06912770867347717,
    "BrowInnerUp": 0.2975263297557831,
    "BrowOuterUpLeft": 0.21002808213233948,
    "BrowOuterUpRight": 0.21040162444114685,
    "CheekSquintLeft": 0.05006074532866478,
    "CheekSquintRight": 0.0520251989364624
  },
  "packet_size": 314,
  "packet_hex_preview": "060000002464646431326362302d333463612d313166302d383166662d3734353633633437336235330000000847616c6146616365003b91f5fb3d07c8000000"
}