{
  "frame_id": 75,
  "timestamp": "2025-05-19T18:04:17.898673",
  "input_values": [
    0.0,
    0.0,
    0.0,
    0.0,
    0.0,
    0.0,
    0.0,
    0.0,
    0.0,
    0.0,
    0.0,
    0.0,
    0.0,
    0.0,
    0.0018589787650853395,
    7.519564678659663e-05,
    0.009900788776576519,
    0.017115939408540726,
    -8.868555596563965e-05,
    0.010119156911969185,
    0.00024560399469919503,
    0.00024177895102184266,
    0.0006214975146576762,
    0.05249723047018051,
    0.04036734625697136,
    -2.960174242616631e-05,
    2.9103728593327105e-05,
    0.007903823629021645,
    0.007631986401975155,
    0.0009304251288995147,
    0.000802267633844167,
    5.7110672059934586e-05,
    0.0013102191733196378,
    6.069014852982946e-05,
    0.0023916331119835377,
    0.00318509410135448,
    0.003475656732916832,
    0.06250111758708954,
    0.06486480683088303,
    0.026668105274438858,
    0.027401739731431007,
    0.23513002693653107,
    0.23500458896160126,
    0.045241884887218475,
    -5.996699837851338e-05,
    -8.107620669761673e-05,
    0.0005667650839313865,
    0.021509619429707527,
    0.023429494351148605,
    0.021907160058617592,
    0.02413753606379032,
    0.0
  ],
  "active_shapes": {
    "JawOpen": 0.017115939408540726,
    "MouthFunnel": 0.010119156911969185,
    "MouthSmileLeft": 0.05249723047018051,
    "MouthSmileRight": 0.04036734625697136,
    "MouthLowerDownLeft": 0.06250111758708954,
    "MouthLowerDownRight": 0.06486480683088303,
    "MouthUpperUpLeft": 0.026668105274438858,
    "MouthUpperUpRight": 0.027401739731431007,
    "BrowDownLeft": 0.23513002693653107,
    "BrowDownRight": 0.23500458896160126,
    "BrowInnerUp": 0.045241884887218475,
    "CheekSquintLeft": 0.021509619429707527,
    "CheekSquintRight": 0.023429494351148605,
    "NoseSneerLeft": 0.021907160058617592,
    "NoseSneerRight": 0.02413753606379032
  },
  "packet_size": 314,
  "packet_hex_preview": "060000002464646431326362302d333463612d313166302d383166662d3734353633633437336235330000000847616c6146616365003b8ff1fb3d07c8000000"
}