{
  "frame_id": 173,
  "timestamp": "2025-05-19T18:04:20.918794",
  "input_values": [
    0.0,
    0.0,
    0.0,
    0.0,
    0.0,
    0.0,
    0.0,
    0.0,
    0.0,
    0.0,
    0.0,
    0.0,
    0.0,
    0.0,
    0.0029607813339680433,
    7.472591823898256e-05,
    -0.0005525220767594874,
    0.0006979302270337939,
    0.0034346256870776415,
    2.4925306206569076e-05,
    0.007312921341508627,
    0.009558606892824173,
    -7.490521238651127e-05,
    0.006537173874676228,
    0.0034937262535095215,
    5.472130578709766e-05,
    0.00019602462998591363,
    0.004454595968127251,
    0.0027951858937740326,
    0.010431678034365177,
    0.001149066025391221,
    0.014253892004489899,
    0.004651419818401337,
    0.0003084657364524901,
    3.360061236890033e-05,
    0.0005231940886005759,
    0.0010741669684648514,
    0.0016325863543897867,
    -0.0008317673346027732,
    -0.0003565893857739866,
    0.00010979544458677992,
    0.003765600500628352,
    0.0035970855969935656,
    0.06893063336610794,
    0.017341557890176773,
    0.017452500760555267,
    0.0013772908132523298,
    0.004547100979834795,
    0.007330319844186306,
    -3.1889871024759486e-05,
    -0.00015117057773750275,
    0.0
  ],
  "active_shapes": {
    "MouthStretchLeft": 0.010431678034365177,
    "MouthRollLower": 0.014253892004489899,
    "BrowInnerUp": 0.06893063336610794,
    "BrowOuterUpLeft": 0.017341557890176773,
    "BrowOuterUpRight": 0.017452500760555267
  },
  "packet_size": 314,
  "packet_hex_preview": "060000002464646431326362302d333463612d313166302d383166662d3734353633633437336235330000000847616c6146616365003b90a7fb3d07c8000000"
}