{
  "frame_id": 673,
  "timestamp": "2025-05-19T18:04:39.964262",
  "input_values": [
    0.0,
    0.0,
    0.0,
    0.0,
    0.0,
    0.0,
    0.0,
    0.0,
    0.0,
    0.0,
    0.0,
    0.0,
    0.0,
    0.0,
    0.003490727860480547,
    0.00018828542670235038,
    0.028244825080037117,
    0.09540579468011856,
    -0.00030729244463145733,
    0.06753087788820267,
    0.0007294570095837116,
    0.0004785550700034946,
    0.002968801883980632,
    0.13100868463516235,
    0.10105130821466446,
    -2.5967183319153264e-05,
    5.1323106163181365e-05,
    0.031059445813298225,
    0.030244264751672745,
    0.015040772967040539,
    0.019118495285511017,
    0.00024961086455732584,
    0.0032193788792937994,
    0.00016013857384677976,
    0.010701310820877552,
    0.007640508934855461,
    0.009099471382796764,
    0.2489851713180542,
    0.2623858153820038,
    0.09922894835472107,
    0.109642393887043,
    0.7995175719261169,
    0.7993949055671692,
    0.18098032474517822,
    3.567468229448423e-05,
    5.2462519306573085e-06,
    0.002630713628605008,
    0.046353794634342194,
    0.05597129464149475,
    0.039889026433229446,
    0.056645188480615616,
    0.0
  ],
  "active_shapes": {
    "JawRight": 0.028244825080037117,
    "JawOpen": 0.09540579468011856,
    "MouthFunnel": 0.06753087788820267,
    "MouthSmileLeft": 0.13100868463516235,
    "MouthSmileRight": 0.10105130821466446,
    "MouthDimpleLeft": 0.031059445813298225,
    "MouthDimpleRight": 0.030244264751672745,
    "MouthStretchLeft": 0.015040772967040539,
    "MouthStretchRight": 0.019118495285511017,
    "MouthShrugUpper": 0.010701310820877552,
    "MouthLowerDownLeft": 0.2489851713180542,
    "MouthLowerDownRight": 0.2623858153820038,
    "MouthUpperUpLeft": 0.09922894835472107,
    "MouthUpperUpRight": 0.109642393887043,
    "BrowDownLeft": 0.7995175719261169,
    "BrowDownRight": 0.7993949055671692,
    "BrowInnerUp": 0.18098032474517822,
    "CheekSquintLeft": 0.046353794634342194,
    "CheekSquintRight": 0.05597129464149475,
    "NoseSneerLeft": 0.039889026433229446,
    "NoseSneerRight": 0.056645188480615616
  },
  "packet_size": 314,
  "packet_hex_preview": "060000002464646431326362302d333463612d313166302d383166662d3734353633633437336235330000000847616c6146616365003b951dfb3d07c8000000"
}