{
  "frame_id": 43,
  "timestamp": "2025-05-19T18:04:16.651184",
  "input_values": [
    0.0,
    0.0,
    0.0,
    0.0,
    0.0,
    0.0,
    0.0,
    0.0,
    0.0,
    0.0,
    0.0,
    0.0,
    0.0,
    0.0,
    0.004707382991909981,
    0.00018905433535110205,
    0.03078162483870983,
    0.09305756539106369,
    -0.0001777548750396818,
    0.09109586477279663,
    0.009934656322002411,
    -0.0002660378522705287,
    0.005050161853432655,
    0.10403403639793396,
    0.08655589073896408,
    -3.362310235388577e-05,
    0.00011771314166253433,
    0.019351422786712646,
    0.01869059167802334,
    0.006321784108877182,
    0.004427358042448759,
    0.00011095734225818887,
    0.0008179295109584928,
    0.00271329702809453,
    0.019734082743525505,
    0.00961789395660162,
    0.010832389816641808,
    0.2371620386838913,
    0.25415393710136414,
    0.11411415785551071,
    0.12694986164569855,
    0.7752938270568848,
    0.7751083970069885,
    0.18350009620189667,
    0.0003200866049155593,
    0.00019769772188737988,
    0.002524816431105137,
    0.05565929785370827,
    0.06736475229263306,
    0.06958764791488647,
    0.08168413490056992,
    0.0
  ],
  "active_shapes": {
    "JawRight": 0.03078162483870983,
    "JawOpen": 0.09305756539106369,
    "MouthFunnel": 0.09109586477279663,
    "MouthSmileLeft": 0.10403403639793396,
    "MouthSmileRight": 0.08655589073896408,
    "MouthDimpleLeft": 0.019351422786712646,
    "MouthDimpleRight": 0.01869059167802334,
    "MouthShrugUpper": 0.019734082743525505,
    "MouthPressRight": 0.010832389816641808,
    "MouthLowerDownLeft": 0.2371620386838913,
    "MouthLowerDownRight": 0.25415393710136414,
    "MouthUpperUpLeft": 0.11411415785551071,
    "MouthUpperUpRight": 0.12694986164569855,
    "BrowDownLeft": 0.7752938270568848,
    "BrowDownRight": 0.7751083970069885,
    "BrowInnerUp": 0.18350009620189667,
    "CheekSquintLeft": 0.05565929785370827,
    "CheekSquintRight": 0.06736475229263306,
    "NoseSneerLeft": 0.06958764791488647,
    "NoseSneerRight": 0.08168413490056992
  },
  "packet_size": 314,
  "packet_hex_preview": "060000002464646431326362302d333463612d313166302d383166662d3734353633633437336235330000000847616c6146616365003b8fa7fb3d07c8000000"
}