{
  "frame_id": 407,
  "timestamp": "2025-05-19T18:04:28.157995",
  "input_values": [
    0.0,
    0.0,
    0.0,
    0.0,
    0.0,
    0.0,
    0.0,
    0.0,
    0.0,
    0.0,
    0.0,
    0.0,
    0.0,
    0.0,
    0.012334526516497135,
    0.00018891530635301024,
    0.030404474586248398,
    0.0863766297698021,
    -0.00018541765166446567,
    0.04501812532544136,
    0.0012197575997561216,
    -0.0005610333755612373,
    0.008912340737879276,
    0.16647978127002716,
    0.161056250333786,
    -4.730087675852701e-05,
    8.599688044341747e-06,
    0.027462873607873917,
    0.0287372637540102,
    0.00818062387406826,
    0.01085571013391018,
    5.380125730880536e-05,
    0.0018475443357601762,
    0.005406941287219524,
    0.020879335701465607,
    0.005765730515122414,
    0.007379461079835892,
    0.28161969780921936,
    0.2988263964653015,
    0.11624128371477127,
    0.12775160372257233,
    0.7564762830734253,
    0.7564468383789062,
    0.19068722426891327,
    -8.287656964967027e-05,
    -0.0002050735056400299,
    0.0018328021978959441,
    0.08486319333314896,
    0.1077527105808258,
    0.10159344971179962,
    0.12650223076343536,
    0.0
  ],
  "active_shapes": {
    "JawForward": 0.012334526516497135,
    "JawRight": 0.030404474586248398,
    "JawOpen": 0.0863766297698021,
    "MouthFunnel": 0.04501812532544136,
    "MouthSmileLeft": 0.16647978127002716,
    "MouthSmileRight": 0.161056250333786,
    "MouthDimpleLeft": 0.027462873607873917,
    "MouthDimpleRight": 0.0287372637540102,
    "MouthStretchRight": 0.01085571013391018,
    "MouthShrugUpper": 0.020879335701465607,
    "MouthLowerDownLeft": 0.28161969780921936,
    "MouthLowerDownRight": 0.2988263964653015,
    "MouthUpperUpLeft": 0.11624128371477127,
    "MouthUpperUpRight": 0.12775160372257233,
    "BrowDownLeft": 0.7564762830734253,
    "BrowDownRight": 0.7564468383789062,
    "BrowInnerUp": 0.19068722426891327,
    "CheekSquintLeft": 0.08486319333314896,
    "CheekSquintRight": 0.1077527105808258,
    "NoseSneerLeft": 0.10159344971179962,
    "NoseSneerRight": 0.12650223076343536
  },
  "packet_size": 314,
  "packet_hex_preview": "060000002464646431326362302d333463612d313166302d383166662d3734353633633437336235330000000847616c6146616365003b9259fb3d07c8000000"
}