{
  "frame_id": 67,
  "timestamp": "2025-05-19T18:04:17.501375",
  "input_values": [
    0.0,
    0.0,
    0.0,
    0.0,
    0.0,
    0.0,
    0.0,
    0.0,
    0.0,
    0.0,
    0.0,
    0.0,
    0.0,
    0.0,
    0.014142551459372044,
    0.00018954651022795588,
    0.03384901210665703,
    0.08473558723926544,
    -8.220026938943192e-05,
    0.08159782737493515,
    0.039417777210474014,
    -0.00041732328827492893,
    0.006986856926232576,
    0.10148825496435165,
    0.09038428217172623,
    -6.901961751282215e-05,
    0.0001515390758868307,
    0.020555511116981506,
    0.020837314426898956,
    0.002503410680219531,
    0.0009801436681300402,
    -0.00012115238496335223,
    0.001309279236011207,
    0.0003491502720862627,
    0.01097562164068222,
    0.009000400081276894,
    0.010218163952231407,
    0.22849459946155548,
    0.24165748059749603,
    0.10199305415153503,
    0.10834379494190216,
    0.753170371055603,
    0.7530719637870789,
    0.21241901814937592,
    -0.0001502763043390587,
    -0.00018299951625522226,
    0.0023058103397488594,
    0.05729910358786583,
    0.06804630905389786,
    0.0707605853676796,
    0.08156654983758926,
    0.0
  ],
  "active_shapes": {
    "JawForward": 0.014142551459372044,
    "JawRight": 0.03384901210665703,
    "JawOpen": 0.08473558723926544,
    "MouthFunnel": 0.08159782737493515,
    "MouthPucker": 0.039417777210474014,
    "MouthSmileLeft": 0.10148825496435165,
    "MouthSmileRight": 0.09038428217172623,
    "MouthDimpleLeft": 0.020555511116981506,
    "MouthDimpleRight": 0.020837314426898956,
    "MouthShrugUpper": 0.01097562164068222,
    "MouthPressRight": 0.010218163952231407,
    "MouthLowerDownLeft": 0.22849459946155548,
    "MouthLowerDownRight": 0.24165748059749603,
    "MouthUpperUpLeft": 0.10199305415153503,
    "MouthUpperUpRight": 0.10834379494190216,
    "BrowDownLeft": 0.753170371055603,
    "BrowDownRight": 0.7530719637870789,
    "BrowInnerUp": 0.21241901814937592,
    "CheekSquintLeft": 0.05729910358786583,
    "CheekSquintRight": 0.06804630905389786,
    "NoseSneerLeft": 0.0707605853676796,
    "NoseSneerRight": 0.08156654983758926
  },
  "packet_size": 314,
  "packet_hex_preview": "060000002464646431326362302d333463612d313166302d383166662d3734353633633437336235330000000847616c6146616365003b8fdafb3d07c8000000"
}