{
  "frame_id": 325,
  "timestamp": "2025-05-19T18:04:25.991456",
  "input_values": [
    0.0,
    0.0,
    0.0,
    0.0,
    0.0,
    0.0,
    0.0,
    0.0,
    0.0,
    0.0,
    0.0,
    0.0,
    0.0,
    0.0,
    0.0005118724657222629,
    3.790790287894197e-05,
    0.0034327730536460876,
    0.014299889095127583,
    3.98405572923366e-05,
    0.012152999639511108,
    0.003349459497258067,
    1.687549774942454e-05,
    0.0010426572989672422,
    0.019475078210234642,
    0.01673571579158306,
    2.620374743855791e-06,
    6.649122042290401e-06,
    0.00526923593133688,
    0.0052318209782242775,
    0.003415952203795314,
    0.001932246028445661,
    7.690745405852795e-05,
    0.0006807417958043516,
    4.5293440052773803e-05,
    0.000359781231964007,
    0.0015517694409936666,
    0.001862335717305541,
    0.042989812791347504,
    0.04592638835310936,
    0.012369649484753609,
    0.014375811442732811,
    0.15957580506801605,
    0.15954186022281647,
    0.042291060090065,
    5.644820703309961e-06,
    -3.6466419714997755e-06,
    0.0005815307958982885,
    0.009309107437729836,
    0.01211709063500166,
    0.01372578740119934,
    0.01688835397362709,
    0.0
  ],
  "active_shapes": {
    "JawOpen": 0.014299889095127583,
    "MouthFunnel": 0.012152999639511108,
    "MouthSmileLeft": 0.019475078210234642,
    "MouthSmileRight": 0.01673571579158306,
    "MouthLowerDownLeft": 0.042989812791347504,
    "MouthLowerDownRight": 0.04592638835310936,
    "MouthUpperUpLeft": 0.012369649484753609,
    "MouthUpperUpRight": 0.014375811442732811,
    "BrowDownLeft": 0.15957580506801605,
    "BrowDownRight": 0.15954186022281647,
    "BrowInnerUp": 0.042291060090065,
    "CheekSquintRight": 0.01211709063500166,
    "NoseSneerLeft": 0.01372578740119934,
    "NoseSneerRight": 0.01688835397362709
  },
  "packet_size": 314,
  "packet_hex_preview": "060000002464646431326362302d333463612d313166302d383166662d3734353633633437336235330000000847616c6146616365003b91d7fb3d07c8000000"
}