{
  "frame_id": 694,
  "timestamp": "2025-05-19T18:04:41.197394",
  "input_values": [
    0.0,
    0.0,
    0.0,
    0.0,
    0.0,
    0.0,
    0.0,
    0.0,
    0.0,
    0.0,
    0.0,
    0.0,
    0.0,
    0.0,
    0.003152782330289483,
    0.00018857831310015172,
    0.017858944833278656,
    0.04339418560266495,
    0.0003101234615314752,
    0.03306517004966736,
    0.01826346665620804,
    0.0008896490908227861,
    0.003038136288523674,
    0.040468279272317886,
    0.02194790169596672,
    -3.739786188816652e-05,
    0.0002624922199174762,
    0.01911715418100357,
    0.018165068700909615,
    0.03263852372765541,
    0.03409260883927345,
    0.000319223094265908,
    0.004237484652549028,
    0.0004067614208906889,
    0.0008761464268900454,
    0.006007317453622818,
    0.0070327394641935825,
    0.1271102875471115,
    0.1356378048658371,
    0.008797438815236092,
    0.011814705096185207,
    0.7546672224998474,
    0.7544543743133545,
    0.300252228975296,
    4.5986285840626806e-05,
    -6.438642685679952e-06,
    0.005310086067765951,
    0.03463120386004448,
    0.041447483003139496,
    -0.0003039466100744903,
    0.0025533654261380434,
    0.0
  ],
  "active_shapes": {
    "JawRight": 0.017858944833278656,
    "JawOpen": 0.04339418560266495,
    "MouthFunnel": 0.03306517004966736,
    "MouthPucker": 0.01826346665620804,
    "MouthSmileLeft": 0.040468279272317886,
    "MouthSmileRight": 0.02194790169596672,
    "MouthDimpleLeft": 0.01911715418100357,
    "MouthDimpleRight": 0.018165068700909615,
    "MouthStretchLeft": 0.03263852372765541,
    "MouthStretchRight": 0.03409260883927345,
    "MouthLowerDownLeft": 0.1271102875471115,
    "MouthLowerDownRight": 0.1356378048658371,
    "MouthUpperUpRight": 0.011814705096185207,
    "BrowDownLeft": 0.7546672224998474,
    "BrowDownRight": 0.7544543743133545,
    "BrowInnerUp": 0.300252228975296,
    "CheekSquintLeft": 0.03463120386004448,
    "CheekSquintRight": 0.041447483003139496
  },
  "packet_size": 314,
  "packet_hex_preview": "060000002464646431326362302d333463612d313166302d383166662d3734353633633437336235330000000847616c6146616365003b9567fb3d07c8000000"
}