{
  "frame_id": 504,
  "timestamp": "2025-05-19T18:04:31.484103",
  "input_values": [
    0.0,
    0.0,
    0.0,
    0.0,
    0.0,
    0.0,
    0.0,
    0.0,
    0.0,
    0.0,
    0.0,
    0.0,
    0.0,
    0.0,
    0.0072309356182813644,
    0.00020017128554172814,
    0.019670668989419937,
    0.02893347293138504,
    0.020005442202091217,
    0.026927486062049866,
    0.03459112346172333,
    0.0008936163503676653,
    0.005659680347889662,
    0.052394967526197433,
    0.054121121764183044,
    -4.541021917248145e-05,
    -0.00014765448577236384,
    0.014533884823322296,
    0.015100686810910702,
    0.006655198521912098,
    0.014983287081122398,
    4.4084506953367963e-05,
    0.006359472870826721,
    0.0001594383647898212,
    0.0003731815086212009,
    0.0033458846155554056,
    0.0034425915218889713,
    0.056934889405965805,
    0.06667912751436234,
    0.002348134759813547,
    0.0072144148871302605,
    0.11935602128505707,
    0.1191890686750412,
    0.009029488079249859,
    0.013867724686861038,
    0.013863831758499146,
    0.0003466802882030606,
    0.04277278110384941,
    0.04935479536652565,
    0.018568838015198708,
    0.016429860144853592,
    0.0
  ],
  "active_shapes": {
    "JawRight": 0.019670668989419937,
    "JawOpen": 0.02893347293138504,
    "MouthClose": 0.020005442202091217,
    "MouthFunnel": 0.026927486062049866,
    "MouthPucker": 0.03459112346172333,
    "MouthSmileLeft": 0.052394967526197433,
    "MouthSmileRight": 0.054121121764183044,
    "MouthDimpleLeft": 0.014533884823322296,
    "MouthDimpleRight": 0.015100686810910702,
    "MouthStretchRight": 0.014983287081122398,
    "MouthLowerDownLeft": 0.056934889405965805,
    "MouthLowerDownRight": 0.06667912751436234,
    "BrowDownLeft": 0.11935602128505707,
    "BrowDownRight": 0.1191890686750412,
    "BrowOuterUpLeft": 0.013867724686861038,
    "BrowOuterUpRight": 0.013863831758499146,
    "CheekSquintLeft": 0.04277278110384941,
    "CheekSquintRight": 0.04935479536652565,
    "NoseSneerLeft": 0.018568838015198708,
    "NoseSneerRight": 0.016429860144853592
  },
  "packet_size": 314,
  "packet_hex_preview": "060000002464646431326362302d333463612d313166302d383166662d3734353633633437336235330000000847616c6146616365003b9320fb3d07c8000000"
}