{
  "frame_id": 463,
  "timestamp": "2025-05-19T18:04:29.996084",
  "input_values": [
    0.0,
    0.0,
    0.0,
    0.0,
    0.0,
    0.0,
    0.0,
    0.0,
    0.0,
    0.0,
    0.0,
    0.0,
    0.0,
    0.0,
    0.01843630149960518,
    0.00018688797717913985,
    0.024171920493245125,
    0.1599520742893219,
    0.0018223599763587117,
    0.08039543032646179,
    0.00026570961927063763,
    0.01596125401556492,
    -0.00010373359691584483,
    0.15634971857070923,
    0.13529843091964722,
    -0.00010441106860525906,
    -4.8483085265615955e-05,
    0.03389988839626312,
    0.03243069350719452,
    0.06925550103187561,
    0.07310111075639725,
    0.0003667363489512354,
    0.008245251141488552,
    -7.302108861040324e-05,
    8.803915261523798e-05,
    0.0006448499043472111,
    0.0010332807432860136,
    0.3289066553115845,
    0.3189548850059509,
    0.07271496951580048,
    0.06778918206691742,
    0.0052523138001561165,
    0.0049077835865318775,
    0.07358117401599884,
    0.06784982234239578,
    0.06808672100305557,
    -0.0005707672098651528,
    0.040402911603450775,
    0.042584024369716644,
    0.00024299751385115087,
    0.0006730095483362675,
    0.0
  ],
  "active_shapes": {
    "JawForward": 0.01843630149960518,
    "JawRight": 0.024171920493245125,
    "JawOpen": 0.1599520742893219,
    "MouthFunnel": 0.08039543032646179,
    "MouthLeft": 0.01596125401556492,
    "MouthSmileLeft": 0.15634971857070923,
    "MouthSmileRight": 0.13529843091964722,
    "MouthDimpleLeft": 0.03389988839626312,
    "MouthDimpleRight": 0.03243069350719452,
    "MouthStretchLeft": 0.06925550103187561,
    "MouthStretchRight": 0.07310111075639725,
    "MouthLowerDownLeft": 0.3289066553115845,
    "MouthLowerDownRight": 0.3189548850059509,
    "MouthUpperUpLeft": 0.07271496951580048,
    "MouthUpperUpRight": 0.06778918206691742,
    "BrowInnerUp": 0.07358117401599884,
    "BrowOuterUpLeft": 0.06784982234239578,
    "BrowOuterUpRight": 0.06808672100305557,
    "CheekSquintLeft": 0.040402911603450775,
    "CheekSquintRight": 0.042584024369716644
  },
  "packet_size": 314,
  "packet_hex_preview": "060000002464646431326362302d333463612d313166302d383166662d3734353633633437336235330000000847616c6146616365003b92c7fb3d07c8000000"
}