{
  "frame_id": 561,
  "timestamp": "2025-05-19T18:04:33.919710",
  "input_values": [
    0.0,
    0.0,
    0.0,
    0.0,
    0.0,
    0.0,
    0.0,
    0.0,
    0.0,
    0.0,
    0.0,
    0.0,
    0.0,
    0.0,
    0.002651156159117818,
    0.00018877923139370978,
    0.019539397209882736,
    0.052056122571229935,
    -4.379282836453058e-05,
    0.026523374021053314,
    0.0010459248442202806,
    0.0004105420084670186,
    0.004330372903496027,
    0.13163451850414276,
    0.11588849127292633,
    3.824112809525104e-06,
    6.0800542996730655e-05,
    0.033855900168418884,
    0.03396498039364815,
    0.03150688484311104,
    0.03097786009311676,
    0.0005628295475617051,
    0.004079138860106468,
    0.0002458446833770722,
    0.004811662249267101,
    0.00672952551394701,
    0.00837052334100008,
    0.20231913030147552,
    0.21515457332134247,
    0.059423476457595825,
    0.06855398416519165,
    0.7886796593666077,
    0.7885105013847351,
    0.22338317334651947,
    5.2490344387479126e-05,
    2.5318711777799763e-05,
    0.0027108234353363514,
    0.05285663530230522,
    0.06781627237796783,
    0.03197723254561424,
    0.048757605254650116,
    0.0
  ],
  "active_shapes": {
    "JawRight": 0.019539397209882736,
    "JawOpen": 0.052056122571229935,
    "MouthFunnel": 0.026523374021053314,
    "MouthSmileLeft": 0.13163451850414276,
    "MouthSmileRight": 0.11588849127292633,
    "MouthDimpleLeft": 0.033855900168418884,
    "MouthDimpleRight": 0.03396498039364815,
    "MouthStretchLeft": 0.03150688484311104,
    "MouthStretchRight": 0.03097786009311676,
    "MouthLowerDownLeft": 0.20231913030147552,
    "MouthLowerDownRight": 0.21515457332134247,
    "MouthUpperUpLeft": 0.059423476457595825,
    "MouthUpperUpRight": 0.06855398416519165,
    "BrowDownLeft": 0.7886796593666077,
    "BrowDownRight": 0.7885105013847351,
    "BrowInnerUp": 0.22338317334651947,
    "CheekSquintLeft": 0.05285663530230522,
    "CheekSquintRight": 0.06781627237796783,
    "NoseSneerLeft": 0.03197723254561424,
    "NoseSneerRight": 0.048757605254650116
  },
  "packet_size": 314,
  "packet_hex_preview": "060000002464646431326362302d333463612d313166302d383166662d3734353633633437336235330000000847616c6146616365003b93b3fb3d07c8000000"
}