{
  "frame_id": 483,
  "timestamp": "2025-05-19T18:04:30.817860",
  "input_values": [
    0.0,
    0.0,
    0.0,
    0.0,
    0.0,
    0.0,
    0.0,
    0.0,
    0.0,
    0.0,
    0.0,
    0.0,
    0.0,
    0.0,
    2.407221109024249e-05,
    3.776396988541819e-05,
    0.0013930879067629576,
    0.00027043407317250967,
    8.07069955044426e-05,
    9.107712685363367e-05,
    0.00580040505155921,
    0.00017130855121649802,
    0.00026512256590649486,
    0.014792799949645996,
    0.01167744118720293,
    7.144129085645545e-06,
    2.270732875331305e-05,
    0.003780483501031995,
    0.0037311124615371227,
    0.00032077290234155953,
    0.0002940826816484332,
    0.00011844122491311282,
    0.0008328692056238651,
    0.00011143847223138437,
    0.00017462321557104588,
    0.0013031717389822006,
    0.0014389257412403822,
    0.01208292692899704,
    0.012573053129017353,
    0.00011016108328476548,
    0.00014954501239117235,
    0.10404650866985321,
    0.10399514436721802,
    0.026795417070388794,
    -1.2443997547961771e-05,
    -1.3927250620326959e-05,
    0.0005280615878291428,
    0.007885320112109184,
    0.009013127535581589,
    0.005952041130512953,
    0.004952173214405775,
    0.0
  ],
  "active_shapes": {
    "MouthSmileLeft": 0.014792799949645996,
    "MouthSmileRight": 0.01167744118720293,
    "MouthLowerDownLeft": 0.01208292692899704,
    "MouthLowerDownRight": 0.012573053129017353,
    "BrowDownLeft": 0.10404650866985321,
    "BrowDownRight": 0.10399514436721802,
    "BrowInnerUp": 0.026795417070388794
  },
  "packet_size": 314,
  "packet_hex_preview": "060000002464646431326362302d333463612d313166302d383166662d3734353633633437336235330000000847616c6146616365003b92f9fb3d07c8000000"
}