{
  "frame_id": 474,
  "timestamp": "2025-05-19T18:04:30.366383",
  "input_values": [
    0.0,
    0.0,
    0.0,
    0.0,
    0.0,
    0.0,
    0.0,
    0.0,
    0.0,
    0.0,
    0.0,
    0.0,
    0.0,
    0.0,
    0.003754718229174614,
    0.00015192388673312962,
    0.00856732577085495,
    0.00992951076477766,
    0.0005682300543412566,
    0.0007313882233574986,
    0.0005727395182475448,
    0.00018052181985694915,
    0.0009435879183001816,
    0.10615794360637665,
    0.09887068718671799,
    -1.9019619230675744e-06,
    3.4340326237725094e-05,
    0.01641203835606575,
    0.017967242747545242,
    0.004859809763729572,
    0.008104161359369755,
    0.0002778618363663554,
    0.0026467253919690847,
    0.000495646963827312,
    0.0005417913198471069,
    0.004140139557421207,
    0.004395064432173967,
    0.06967193633317947,
    0.0708790123462677,
    0.01340794749557972,
    0.015075023286044598,
    0.2687530219554901,
    0.26851198077201843,
    0.003453062381595373,
    -0.00011670199455693364,
    -0.0001766997593222186,
    0.0006689345464110374,
    0.03519603610038757,
    0.04541993886232376,
    0.01944958046078682,
    0.019395267590880394,
    0.0
  ],
  "active_shapes": {
    "MouthSmileLeft": 0.10615794360637665,
    "MouthSmileRight": 0.09887068718671799,
    "MouthDimpleLeft": 0.01641203835606575,
    "MouthDimpleRight": 0.017967242747545242,
    "MouthLowerDownLeft": 0.06967193633317947,
    "MouthLowerDownRight": 0.0708790123462677,
    "MouthUpperUpLeft": 0.01340794749557972,
    "MouthUpperUpRight": 0.015075023286044598,
    "BrowDownLeft": 0.2687530219554901,
    "BrowDownRight": 0.26851198077201843,
    "CheekSquintLeft": 0.03519603610038757,
    "CheekSquintRight": 0.04541993886232376,
    "NoseSneerLeft": 0.01944958046078682,
    "NoseSneerRight": 0.019395267590880394
  },
  "packet_size": 314,
  "packet_hex_preview": "060000002464646431326362302d333463612d313166302d383166662d3734353633633437336235330000000847616c6146616365003b92ddfb3d07c8000000"
}