{
  "frame_id": 206,
  "timestamp": "2025-05-19T18:04:21.769202",
  "input_values": [
    0.0,
    0.0,
    0.0,
    0.0,
    0.0,
    0.0,
    0.0,
    0.0,
    0.0,
    0.0,
    0.0,
    0.0,
    0.0,
    0.0,
    0.010730987414717674,
    0.00016604011761955917,
    0.00922393798828125,
    0.08789342641830444,
    0.020327536389231682,
    0.08169466257095337,
    0.02956686168909073,
    8.025954593904316e-05,
    0.006497377995401621,
    -0.00015621667262166739,
    0.002105151070281863,
    0.0002780614886432886,
    -0.0002524677838664502,
    0.005478305276483297,
    0.005816081538796425,
    0.011364281177520752,
    0.009701821953058243,
    -0.00011316363816149533,
    0.0017372590955346823,
    0.0004973350442014635,
    0.0006885923212394118,
    0.0005244585336185992,
    0.0006362742278724909,
    0.07231365889310837,
    0.09620427340269089,
    0.01710410974919796,
    0.030770685523748398,
    0.08160912245512009,
    0.08153965324163437,
    0.02148202434182167,
    0.0002708717074710876,
    0.00012515178241301328,
    0.0008881727117113769,
    0.01624535582959652,
    0.026912981644272804,
    0.026372317224740982,
    0.029898956418037415,
    0.0
  ],
  "active_shapes": {
    "JawForward": 0.010730987414717674,
    "JawOpen": 0.08789342641830444,
    "MouthClose": 0.020327536389231682,
    "MouthFunnel": 0.08169466257095337,
    "MouthPucker": 0.02956686168909073,
    "MouthStretchLeft": 0.011364281177520752,
    "MouthLowerDownLeft": 0.07231365889310837,
    "MouthLowerDownRight": 0.09620427340269089,
    "MouthUpperUpLeft": 0.01710410974919796,
    "MouthUpperUpRight": 0.030770685523748398,
    "BrowDownLeft": 0.08160912245512009,
    "BrowDownRight": 0.08153965324163437,
    "BrowInnerUp": 0.02148202434182167,
    "CheekSquintLeft": 0.01624535582959652,
    "CheekSquintRight": 0.026912981644272804,
    "NoseSneerLeft": 0.026372317224740982,
    "NoseSneerRight": 0.029898956418037415
  },
  "packet_size": 314,
  "packet_hex_preview": "060000002464646431326362302d333463612d313166302d383166662d3734353633633437336235330000000847616c6146616365003b90dafb3d07c8000000"
}