{
  "frame_id": 574,
  "timestamp": "2025-05-19T18:04:34.636884",
  "input_values": [
    0.0,
    0.0,
    0.0,
    0.0,
    0.0,
    0.0,
    0.0,
    0.0,
    0.0,
    0.0,
    0.0,
    0.0,
    0.0,
    0.0,
    0.006375584751367569,
    0.0001900488859973848,
    0.023296482861042023,
    0.09532573819160461,
    0.0001448850816814229,
    0.0859282910823822,
    0.0005472932825796306,
    0.0010480902856215835,
    0.0011199121363461018,
    0.09932173788547516,
    0.09066586196422577,
    -3.199500133632682e-05,
    -7.774121331749484e-05,
    0.016516851261258125,
    0.017348064109683037,
    0.006205495446920395,
    0.013364975340664387,
    -0.00010381249740021303,
    0.0045071556232869625,
    -3.6146677302895114e-05,
    0.0004947743727825582,
    0.003970865625888109,
    0.004104891791939735,
    0.2088732123374939,
    0.22024977207183838,
    0.07084542512893677,
    0.07872035354375839,
    0.1982664167881012,
    0.19801516830921173,
    0.009347699582576752,
    0.0066713630221784115,
    0.006675636861473322,
    -5.560953286476433e-05,
    0.0414084829390049,
    0.045883335173130035,
    0.016524355858564377,
    0.015233098529279232,
    0.0
  ],
  "active_shapes": {
    "JawRight": 0.023296482861042023,
    "JawOpen": 0.09532573819160461,
    "MouthFunnel": 0.0859282910823822,
    "MouthSmileLeft": 0.09932173788547516,
    "MouthSmileRight": 0.09066586196422577,
    "MouthDimpleLeft": 0.016516851261258125,
    "MouthDimpleRight": 0.017348064109683037,
    "MouthStretchRight": 0.013364975340664387,
    "MouthLowerDownLeft": 0.2088732123374939,
    "MouthLowerDownRight": 0.22024977207183838,
    "MouthUpperUpLeft": 0.07084542512893677,
    "MouthUpperUpRight": 0.07872035354375839,
    "BrowDownLeft": 0.1982664167881012,
    "BrowDownRight": 0.19801516830921173,
    "CheekSquintLeft": 0.0414084829390049,
    "CheekSquintRight": 0.045883335173130035,
    "NoseSneerLeft": 0.016524355858564377,
    "NoseSneerRight": 0.015233098529279232
  },
  "packet_size": 314,
  "packet_hex_preview": "060000002464646431326362302d333463612d313166302d383166662d3734353633633437336235330000000847616c6146616365003b93defb3d07c8000000"
}