{
  "frame_id": 36,
  "timestamp": "2025-05-19T18:04:16.565510",
  "input_values": [
    0.0,
    0.0,
    0.0,
    0.0,
    0.0,
    0.0,
    0.0,
    0.0,
    0.0,
    0.0,
    0.0,
    0.0,
    0.0,
    0.0,
    0.010451408103108406,
    0.0001764561457093805,
    0.018237167969346046,
    0.04262163117527962,
    0.014503946527838707,
    0.003134616184979677,
    0.0006261030212044716,
    0.0009261168306693435,
    0.0041224053129553795,
    0.06757912784814835,
    0.05888230353593826,
    -1.9663191778818145e-05,
    -7.523519161622971e-05,
    0.023116035386919975,
    0.023264454677700996,
    0.013536566868424416,
    0.017169151455163956,
    -0.00013754246174357831,
    0.006195227149873972,
    -8.374264871235937e-05,
    0.0002536247775424272,
    0.0014785423409193754,
    0.0018695835024118423,
    0.07636570930480957,
    0.08858701586723328,
    6.843214941909537e-05,
    0.0032490298617631197,
    0.19062723219394684,
    0.1903441697359085,
    0.003965622745454311,
    -0.0001745375629980117,
    -0.00029494392219930887,
    0.0003546560474205762,
    0.026244724169373512,
    0.03421049565076828,
    0.0062562404200434685,
    0.0071106115356087685,
    0.0
  ],
  "active_shapes": {
    "JawForward": 0.010451408103108406,
    "JawRight": 0.018237167969346046,
    "JawOpen": 0.04262163117527962,
    "MouthClose": 0.014503946527838707,
    "MouthSmileLeft": 0.06757912784814835,
    "MouthSmileRight": 0.05888230353593826,
    "MouthDimpleLeft": 0.023116035386919975,
    "MouthDimpleRight": 0.023264454677700996,
    "MouthStretchLeft": 0.013536566868424416,
    "MouthStretchRight": 0.017169151455163956,
    "MouthLowerDownLeft": 0.07636570930480957,
    "MouthLowerDownRight": 0.08858701586723328,
    "BrowDownLeft": 0.19062723219394684,
    "BrowDownRight": 0.1903441697359085,
    "CheekSquintLeft": 0.026244724169373512,
    "CheekSquintRight": 0.03421049565076828
  },
  "packet_size": 314,
  "packet_hex_preview": "060000002464646431326362302d333463612d313166302d383166662d3734353633633437336235330000000847616c6146616365003b8fa1fb3d07c8000000"
}