{
  "frame_id": 627,
  "timestamp": "2025-05-19T18:04:37.695913",
  "input_values": [
    0.0,
    0.0,
    0.0,
    0.0,
    0.0,
    0.0,
    0.0,
    0.0,
    0.0,
    0.0,
    0.0,
    0.0,
    0.0,
    0.0,
    0.0017492255428805947,
    9.025924373418093e-05,
    0.004275991581380367,
    0.02317763864994049,
    0.002850297372788191,
    0.016222652047872543,
    0.0005411209422163665,
    0.0008294702274724841,
    0.00047646084567531943,
    0.01579485833644867,
    0.012205814942717552,
    -3.708232270582812e-06,
    -4.672005889005959e-05,
    0.005544024985283613,
    0.005347709637135267,
    0.0018969860393553972,
    0.002974370028823614,
    9.449911885894835e-05,
    0.0022534537129104137,
    -1.0680690138542559e-05,
    0.00017744008800946176,
    0.0008261328330263495,
    0.0009366883896291256,
    0.0333813913166523,
    0.03715424984693527,
    0.003211134346202016,
    0.005284982267767191,
    0.06548473984003067,
    0.06538061797618866,
    0.012354657053947449,
    -0.00013596720236819237,
    -0.0001565108832437545,
    0.0008717401069588959,
    0.013008099980652332,
    0.01587061770260334,
    0.00023002628586255014,
    0.00023819175839889795,
    0.0
  ],
  "active_shapes": {
    "JawOpen": 0.02317763864994049,
    "MouthFunnel": 0.016222652047872543,
    "MouthSmileLeft": 0.01579485833644867,
    "MouthSmileRight": 0.012205814942717552,
    "MouthLowerDownLeft": 0.0333813913166523,
    "MouthLowerDownRight": 0.03715424984693527,
    "BrowDownLeft": 0.06548473984003067,
    "BrowDownRight": 0.06538061797618866,
    "BrowInnerUp": 0.012354657053947449,
    "CheekSquintLeft": 0.013008099980652332,
    "CheekSquintRight": 0.01587061770260334
  },
  "packet_size": 314,
  "packet_hex_preview": "060000002464646431326362302d333463612d313166302d383166662d3734353633633437336235330000000847616c6146616365003b9495fb3d07c8000000"
}