{
  "frame_id": 706,
  "timestamp": "2025-05-19T18:04:41.899261",
  "input_values": [
    0.0,
    0.0,
    0.0,
    0.0,
    0.0,
    0.0,
    0.0,
    0.0,
    0.0,
    0.0,
    0.0,
    0.0,
    0.0,
    0.0,
    0.0019896032754331827,
    0.0001503829553257674,
    0.02074284665286541,
    0.04161335155367851,
    -0.00013557443162426353,
    0.03924587368965149,
    0.00077581632649526,
    0.00011666306818369776,
    0.006484456360340118,
    0.08574548363685608,
    0.07040341943502426,
    -2.000174754357431e-05,
    3.7895624700468034e-05,
    0.018739981576800346,
    0.01837042346596718,
    0.02330382540822029,
    0.02145327627658844,
    0.0001714966492727399,
    0.001721484586596489,
    9.66167135629803e-05,
    0.005031685344874859,
    0.004833425395190716,
    0.006002531386911869,
    0.1674923300743103,
    0.17915204167366028,
    0.07114846259355545,
    0.08076420426368713,
    0.6416826844215393,
    0.641562283039093,
    0.22969341278076172,
    6.946668145246804e-05,
    2.1503328753169626e-05,
    0.0022017706651240587,
    0.03980591148138046,
    0.0512235164642334,
    0.04196537286043167,
    0.058198340237140656,
    0.0
  ],
  "active_shapes": {
    "JawRight": 0.02074284665286541,
    "JawOpen": 0.04161335155367851,
    "MouthFunnel": 0.03924587368965149,
    "MouthSmileLeft": 0.08574548363685608,
    "MouthSmileRight": 0.07040341943502426,
    "MouthDimpleLeft": 0.018739981576800346,
    "MouthDimpleRight": 0.01837042346596718,
    "MouthStretchLeft": 0.02330382540822029,
    "MouthStretchRight": 0.02145327627658844,
    "MouthLowerDownLeft": 0.1674923300743103,
    "MouthLowerDownRight": 0.17915204167366028,
    "MouthUpperUpLeft": 0.07114846259355545,
    "MouthUpperUpRight": 0.08076420426368713,
    "BrowDownLeft": 0.6416826844215393,
    "BrowDownRight": 0.641562283039093,
    "BrowInnerUp": 0.22969341278076172,
    "CheekSquintLeft": 0.03980591148138046,
    "CheekSquintRight": 0.0512235164642334,
    "NoseSneerLeft": 0.04196537286043167,
    "NoseSneerRight": 0.058198340237140656
  },
  "packet_size": 314,
  "packet_hex_preview": "060000002464646431326362302d333463612d313166302d383166662d3734353633633437336235330000000847616c6146616365003b9591fb3d07c8000000"
}