{
  "frame_id": 656,
  "timestamp": "2025-05-19T18:04:39.170707",
  "input_values": [
    0.0,
    0.0,
    0.0,
    0.0,
    0.0,
    0.0,
    0.0,
    0.0,
    0.0,
    0.0,
    0.0,
    0.0,
    0.0,
    0.0,
    0.009192119352519512,
    0.0001589202438481152,
    0.01177883055061102,
    0.07270696014165878,
    0.001976805506274104,
    0.08171326667070389,
    0.0074902987107634544,
    2.3380347556667402e-05,
    0.0020442018285393715,
    0.009828489273786545,
    0.019655738025903702,
    0.00010515200847294182,
    -0.00012263099779374897,
    0.006868033204227686,
    0.007448266260325909,
    0.018852824345231056,
    0.025130921974778175,
    -2.096002208418213e-05,
    0.002199255395680666,
    3.706381539814174e-05,
    0.00035359838511794806,
    0.00045883809798397124,
    0.0005333709414117038,
    0.10719983279705048,
    0.12414085119962692,
    0.03398183733224869,
    0.045112788677215576,
    0.10191184282302856,
    0.1017950177192688,
    6.93644760758616e-05,
    -0.00014493578055407852,
    -0.00030184193747118115,
    0.0006494487752206624,
    0.0018937303684651852,
    0.011090259067714214,
    0.007053964771330357,
    0.012333747930824757,
    0.0
  ],
  "active_shapes": {
    "JawRight": 0.01177883055061102,
    "JawOpen": 0.07270696014165878,
    "MouthFunnel": 0.08171326667070389,
    "MouthSmileRight": 0.019655738025903702,
    "MouthStretchLeft": 0.018852824345231056,
    "MouthStretchRight": 0.025130921974778175,
    "MouthLowerDownLeft": 0.10719983279705048,
    "MouthLowerDownRight": 0.12414085119962692,
    "MouthUpperUpLeft": 0.03398183733224869,
    "MouthUpperUpRight": 0.045112788677215576,
    "BrowDownLeft": 0.10191184282302856,
    "BrowDownRight": 0.1017950177192688,
    "CheekSquintRight": 0.011090259067714214,
    "NoseSneerRight": 0.012333747930824757
  },
  "packet_size": 314,
  "packet_hex_preview": "060000002464646431326362302d333463612d313166302d383166662d3734353633633437336235330000000847616c6146616365003b94eefb3d07c8000000"
}