{
  "frame_id": 259,
  "timestamp": "2025-05-19T18:04:23.684602",
  "input_values": [
    0.0,
    0.0,
    0.0,
    0.0,
    0.0,
    0.0,
    0.0,
    0.0,
    0.0,
    0.0,
    0.0,
    0.0,
    0.0,
    0.0,
    0.008002344518899918,
    0.00013173562183510512,
    0.020155172795057297,
    0.048036087304353714,
    0.00027783619589172304,
    0.056981638073921204,
    0.011148175224661827,
    0.0001598851231392473,
    0.0044708047062158585,
    0.027896607294678688,
    0.023051999509334564,
    1.2655572390940506e-05,
    -4.67255522380583e-05,
    0.007270411588251591,
    0.006783372722566128,
    0.0034890968818217516,
    0.0056544155813753605,
    -0.00017847078561317176,
    0.0016507403925061226,
    0.001920212060213089,
    0.01152200810611248,
    0.0041300770826637745,
    0.004553372040390968,
    0.0810370072722435,
    0.09447123110294342,
    0.04785596579313278,
    0.05549691244959831,
    0.2640809118747711,
    0.26390206813812256,
    0.0016054061707109213,
    3.6583965993486345e-05,
    -1.988348230952397e-05,
    0.0003981545742135495,
    0.020087378099560738,
    0.02666398696601391,
    0.04291778802871704,
    0.050426945090293884,
    0.0
  ],
  "active_shapes": {
    "JawRight": 0.020155172795057297,
    "JawOpen": 0.048036087304353714,
    "MouthFunnel": 0.056981638073921204,
    "MouthPucker": 0.011148175224661827,
    "MouthSmileLeft": 0.027896607294678688,
    "MouthSmileRight": 0.023051999509334564,
    "MouthShrugUpper": 0.01152200810611248,
    "MouthLowerDownLeft": 0.0810370072722435,
    "MouthLowerDownRight": 0.09447123110294342,
    "MouthUpperUpLeft": 0.04785596579313278,
    "MouthUpperUpRight": 0.05549691244959831,
    "BrowDownLeft": 0.2640809118747711,
    "BrowDownRight": 0.26390206813812256,
    "CheekSquintLeft": 0.020087378099560738,
    "CheekSquintRight": 0.02666398696601391,
    "NoseSneerLeft": 0.04291778802871704,
    "NoseSneerRight": 0.050426945090293884
  },
  "packet_size": 314,
  "packet_hex_preview": "060000002464646431326362302d333463612d313166302d383166662d3734353633633437336235330000000847616c6146616365003b914dfb3d07c8000000"
}