{
  "frame_id": 109,
  "timestamp": "2025-05-19T18:04:18.791951",
  "input_values": [
    0.0,
    0.0,
    0.0,
    0.0,
    0.0,
    0.0,
    0.0,
    0.0,
    0.0,
    0.0,
    0.0,
    0.0,
    0.0,
    0.0,
    0.003486688481643796,
    0.00018785049906000495,
    0.03314454108476639,
    0.10238491743803024,
    -0.00021580528118647635,
    0.09865140169858932,
    0.0007599888485856354,
    0.00011186618212377653,
    0.007648023311048746,
    0.15109553933143616,
    0.12786589562892914,
    1.0364828995079733e-05,
    1.3466705240716692e-05,
    0.025141991674900055,
    0.024415502324700356,
    0.008032501675188541,
    0.009209346026182175,
    2.766998477454763e-05,
    0.0026023187674582005,
    0.0006106364307925105,
    0.026765817776322365,
    0.008358556777238846,
    0.010064776986837387,
    0.2906613349914551,
    0.3065132200717926,
    0.16091662645339966,
    0.179493248462677,
    0.8221856951713562,
    0.8221291899681091,
    0.20632873475551605,
    4.651080962503329e-05,
    3.0428022000705823e-05,
    0.0021318963263183832,
    0.0688268169760704,
    0.08402685821056366,
    0.10127323865890503,
    0.1333584189414978,
    0.0
  ],
  "active_shapes": {
    "JawRight": 0.03314454108476639,
    "JawOpen": 0.10238491743803024,
    "MouthFunnel": 0.09865140169858932,
    "MouthSmileLeft": 0.15109553933143616,
    "MouthSmileRight": 0.12786589562892914,
    "MouthDimpleLeft": 0.025141991674900055,
    "MouthDimpleRight": 0.024415502324700356,
    "MouthShrugUpper": 0.026765817776322365,
    "MouthPressRight": 0.010064776986837387,
    "MouthLowerDownLeft": 0.2906613349914551,
    "MouthLowerDownRight": 0.3065132200717926,
    "MouthUpperUpLeft": 0.16091662645339966,
    "MouthUpperUpRight": 0.179493248462677,
    "BrowDownLeft": 0.8221856951713562,
    "BrowDownRight": 0.8221291899681091,
    "BrowInnerUp": 0.20632873475551605,
    "CheekSquintLeft": 0.0688268169760704,
    "CheekSquintRight": 0.08402685821056366,
    "NoseSneerLeft": 0.10127323865890503,
    "NoseSneerRight": 0.1333584189414978
  },
  "packet_size": 314,
  "packet_hex_preview": "060000002464646431326362302d333463612d313166302d383166662d3734353633633437336235330000000847616c6146616365003b9027fb3d07c8000000"
}