{
  "frame_id": 609,
  "timestamp": "2025-05-19T18:04:36.635771",
  "input_values": [
    0.0,
    0.0,
    0.0,
    0.0,
    0.0,
    0.0,
    0.0,
    0.0,
    0.0,
    0.0,
    0.0,
    0.0,
    0.0,
    0.0,
    0.008896179497241974,
    0.00018867957987822592,
    0.014646890573203564,
    0.06743758916854858,
    0.012915443629026413,
    0.05251031741499901,
    0.00043367251055315137,
    0.0026854423340409994,
    0.00020070293976459652,
    0.1255711019039154,
    0.12151549011468887,
    -6.675523763988167e-05,
    3.242664388380945e-05,
    0.0281723253428936,
    0.029320893809199333,
    0.024485085159540176,
    0.024766407907009125,
    0.00011756213643820956,
    0.005927068181335926,
    -0.00013222667621448636,
    0.0007457528845407069,
    0.002734642941504717,
    0.0032784969080239534,
    0.18136849999427795,
    0.1761014312505722,
    0.024508334696292877,
    0.025672437623143196,
    0.18390268087387085,
    0.18361635506153107,
    0.03910934552550316,
    0.002335438970476389,
    0.0022693572100251913,
    0.000496844295412302,
    0.04425840824842453,
    0.05355469137430191,
    0.0009286846034228802,
    0.0014419369399547577,
    0.0
  ],
  "active_shapes": {
    "JawRight": 0.014646890573203564,
    "JawOpen": 0.06743758916854858,
    "MouthClose": 0.012915443629026413,
    "MouthFunnel": 0.05251031741499901,
    "MouthSmileLeft": 0.1255711019039154,
    "MouthSmileRight": 0.12151549011468887,
    "MouthDimpleLeft": 0.0281723253428936,
    "MouthDimpleRight": 0.029320893809199333,
    "MouthStretchLeft": 0.024485085159540176,
    "MouthStretchRight": 0.024766407907009125,
    "MouthLowerDownLeft": 0.18136849999427795,
    "MouthLowerDownRight": 0.1761014312505722,
    "MouthUpperUpLeft": 0.024508334696292877,
    "MouthUpperUpRight": 0.025672437623143196,
    "BrowDownLeft": 0.18390268087387085,
    "BrowDownRight": 0.18361635506153107,
    "BrowInnerUp": 0.03910934552550316,
    "CheekSquintLeft": 0.04425840824842453,
    "CheekSquintRight": 0.05355469137430191
  },
  "packet_size": 314,
  "packet_hex_preview": "060000002464646431326362302d333463612d313166302d383166662d3734353633633437336235330000000847616c6146616365003b9456fb3d07c8000000"
}