{
  "frame_id": 427,
  "timestamp": "2025-05-19T18:04:29.093103",
  "input_values": [
    0.0,
    0.0,
    0.0,
    0.0,
    0.0,
    0.0,
    0.0,
    0.0,
    0.0,
    0.0,
    0.0,
    0.0,
    0.0,
    0.0,
    0.0005341441137716174,
    3.768169699469581e-05,
    0.003293754532933235,
    0.017255928367376328,
    7.947728590806946e-05,
    0.016620013862848282,
    0.010485397651791573,
    3.086378637817688e-05,
    0.0006972843548282981,
    0.011389072053134441,
    0.009212398901581764,
    -1.2345517461653799e-05,
    4.734073445433751e-05,
    0.004037811420857906,
    0.0038986585568636656,
    0.0029862725641578436,
    0.0010447287932038307,
    5.7015840866370127e-05,
    0.0005056959926150739,
    5.7413089962210506e-05,
    0.00032268435461446643,
    0.0013051696587353945,
    0.0015721656382083893,
    0.044143665581941605,
    0.046847619116306305,
    0.009001752361655235,
    0.010486248880624771,
    0.15587767958641052,
    0.1558506041765213,
    0.055862028151750565,
    8.782886652625166e-06,
    1.0767668754851911e-05,
    0.0006891045486554503,
    0.010400941595435143,
    0.012624082155525684,
    0.0057450393214821815,
    0.007460740394890308,
    0.0
  ],
  "active_shapes": {
    "JawOpen": 0.017255928367376328,
    "MouthFunnel": 0.016620013862848282,
    "MouthPucker": 0.010485397651791573,
    "MouthSmileLeft": 0.011389072053134441,
    "MouthLowerDownLeft": 0.044143665581941605,
    "MouthLowerDownRight": 0.046847619116306305,
    "MouthUpperUpRight": 0.010486248880624771,
    "BrowDownLeft": 0.15587767958641052,
    "BrowDownRight": 0.1558506041765213,
    "BrowInnerUp": 0.055862028151750565,
    "CheekSquintLeft": 0.010400941595435143,
    "CheekSquintRight": 0.012624082155525684
  },
  "packet_size": 314,
  "packet_hex_preview": "060000002464646431326362302d333463612d313166302d383166662d3734353633633437336235330000000847616c6146616365003b9291fb3d07c8000000"
}