{
  "frame_id": 500,
  "timestamp": "2025-05-19T18:04:31.319548",
  "input_values": [
    0.0,
    0.0,
    0.0,
    0.0,
    0.0,
    0.0,
    0.0,
    0.0,
    0.0,
    0.0,
    0.0,
    0.0,
    0.0,
    0.0,
    0.014038825407624245,
    0.000191951883607544,
    0.023870695382356644,
    0.09179642051458359,
    -0.00019396614516153932,
    0.07125681638717651,
    0.024047227576375008,
    -0.0008559167617931962,
    0.010928213596343994,
    0.10030055046081543,
    0.10461830347776413,
    -0.00013751251390203834,
    3.8869013224029914e-05,
    0.03265569731593132,
    0.03405974432826042,
    0.005549737252295017,
    0.009432020597159863,
    0.00034509479883126915,
    0.004108283668756485,
    0.0006946104695089161,
    0.0020429978612810373,
    0.016377847641706467,
    0.017968345433473587,
    0.18005608022212982,
    0.1998686045408249,
    0.07500102370977402,
    0.0862809494137764,
    0.7637086510658264,
    0.7634800672531128,
    0.20672710239887238,
    5.068890914117219e-06,
    -0.00010347142961109057,
    0.005384155083447695,
    0.036126915365457535,
    0.04743910953402519,
    0.033752910792827606,
    0.04918090999126434,
    0.0
  ],
  "active_shapes": {
    "JawForward": 0.014038825407624245,
    "JawRight": 0.023870695382356644,
    "JawOpen": 0.09179642051458359,
    "MouthFunnel": 0.07125681638717651,
    "MouthPucker": 0.024047227576375008,
    "MouthRight": 0.010928213596343994,
    "MouthSmileLeft": 0.10030055046081543,
    "MouthSmileRight": 0.10461830347776413,
    "MouthDimpleLeft": 0.03265569731593132,
    "MouthDimpleRight": 0.03405974432826042,
    "MouthPressLeft": 0.016377847641706467,
    "MouthPressRight": 0.017968345433473587,
    "MouthLowerDownLeft": 0.18005608022212982,
    "MouthLowerDownRight": 0.1998686045408249,
    "MouthUpperUpLeft": 0.07500102370977402,
    "MouthUpperUpRight": 0.0862809494137764,
    "BrowDownLeft": 0.7637086510658264,
    "BrowDownRight": 0.7634800672531128,
    "BrowInnerUp": 0.20672710239887238,
    "CheekSquintLeft": 0.036126915365457535,
    "CheekSquintRight": 0.04743910953402519,
    "NoseSneerLeft": 0.033752910792827606,
    "NoseSneerRight": 0.04918090999126434
  },
  "packet_size": 314,
  "packet_hex_preview": "060000002464646431326362302d333463612d313166302d383166662d3734353633633437336235330000000847616c6146616365003b9317fb3d07c8000000"
}