{
  "frame_id": 31,
  "timestamp": "2025-05-19T18:04:16.514777",
  "input_values": [
    0.0,
    0.0,
    0.0,
    0.0,
    0.0,
    0.0,
    0.0,
    0.0,
    0.0,
    0.0,
    0.0,
    0.0,
    0.0,
    0.0,
    0.004529079422354698,
    4.401616388349794e-05,
    0.005337202921509743,
    0.028957050293684006,
    0.001074657659046352,
    0.013753433711826801,
    0.00013468667748384178,
    0.0002284277434227988,
    0.0009477717685513198,
    0.015084654092788696,
    0.014719381928443909,
    -2.265676266688388e-05,
    -2.3613943994860165e-05,
    0.0070465439930558205,
    0.006993560586124659,
    0.0067242784425616264,
    0.007828610017895699,
    -8.114892261801288e-05,
    0.0017891752067953348,
    -1.6482063074363396e-05,
    2.2572241505258717e-05,
    0.0004034261219203472,
    0.0004914336604997516,
    0.047687362879514694,
    0.05218227952718735,
    0.0035204957239329815,
    0.005210479721426964,
    0.044793225824832916,
    0.04472824186086655,
    0.0003006549959536642,
    -4.565952258417383e-05,
    -8.610156510258093e-05,
    0.00011847187852254137,
    0.0062624611891806126,
    0.008287375792860985,
    6.928970833541825e-05,
    0.0003060456074308604,
    0.0
  ],
  "active_shapes": {
    "JawOpen": 0.028957050293684006,
    "MouthFunnel": 0.013753433711826801,
    "MouthSmileLeft": 0.015084654092788696,
    "MouthSmileRight": 0.014719381928443909,
    "MouthLowerDownLeft": 0.047687362879514694,
    "MouthLowerDownRight": 0.05218227952718735,
    "BrowDownLeft": 0.044793225824832916,
    "BrowDownRight": 0.04472824186086655
  },
  "packet_size": 314,
  "packet_hex_preview": "060000002464646431326362302d333463612d313166302d383166662d3734353633633437336235330000000847616c6146616365003b8f9efb3d07c8000000"
}