{
  "frame_id": 369,
  "timestamp": "2025-05-19T18:04:27.216084",
  "input_values": [
    0.0,
    0.0,
    0.0,
    0.0,
    0.0,
    0.0,
    0.0,
    0.0,
    0.0,
    0.0,
    0.0,
    0.0,
    0.0,
    0.0,
    0.005616576410830021,
    7.369435479631647e-05,
    0.00043005458428524435,
    -0.0001228128676302731,
    0.0003570501576177776,
    0.0002702187921386212,
    0.00019533580052666366,
    0.009508027695119381,
    -1.6685575587871426e-07,
    0.01694835163652897,
    0.010020335204899311,
    3.9582086174050346e-05,
    0.00044013140723109245,
    0.005782380700111389,
    0.004126100800931454,
    0.0197512898594141,
    0.013724148273468018,
    0.015427839942276478,
    0.004863877315074205,
    0.0021057957783341408,
    0.00021525530610233545,
    9.402087016496807e-05,
    0.0005643282202072442,
    0.008617613464593887,
    0.004653553944081068,
    0.00013161006791051477,
    7.106542852852726e-06,
    0.0033934935927391052,
    0.0033026128076016903,
    0.15784117579460144,
    0.10332049429416656,
    0.10350269079208374,
    0.0009984023636206985,
    0.012125935405492783,
    0.014305099844932556,
    -0.00011922355042770505,
    -8.338626503245905e-05,
    0.0
  ],
  "active_shapes": {
    "MouthSmileLeft": 0.01694835163652897,
    "MouthSmileRight": 0.010020335204899311,
    "MouthStretchLeft": 0.0197512898594141,
    "MouthStretchRight": 0.013724148273468018,
    "MouthRollLower": 0.015427839942276478,
    "BrowInnerUp": 0.15784117579460144,
    "BrowOuterUpLeft": 0.10332049429416656,
    "BrowOuterUpRight": 0.10350269079208374,
    "CheekSquintLeft": 0.012125935405492783,
    "CheekSquintRight": 0.014305099844932556
  },
  "packet_size": 314,
  "packet_hex_preview": "060000002464646431326362302d333463612d313166302d383166662d3734353633633437336235330000000847616c6146616365003b9220fb3d07c8000000"
}