{
  "frame_id": 655,
  "timestamp": "2025-05-19T18:04:39.153968",
  "input_values": [
    0.0,
    0.0,
    0.0,
    0.0,
    0.0,
    0.0,
    0.0,
    0.0,
    0.0,
    0.0,
    0.0,
    0.0,
    0.0,
    0.0,
    0.0042408001609146595,
    0.00010271553037455305,
    0.006220615468919277,
    0.03945489972829819,
    0.0027060031425207853,
    0.04786264896392822,
    0.004944500047713518,
    -5.384236487770977e-07,
    0.0008912168559618294,
    0.00671412656083703,
    0.012900660745799541,
    6.412454240489751e-05,
    -7.057645416352898e-05,
    0.0048685502260923386,
    0.005303195212036371,
    0.012118473649024963,
    0.015398663468658924,
    9.356811574434687e-07,
    0.0015414911322295666,
    0.00011288236419204623,
    0.00022443597845267504,
    0.0004945968394167721,
    0.0005658138543367386,
    0.06162276118993759,
    0.07115012407302856,
    0.017800074070692062,
    0.024148497730493546,
    0.09514439105987549,
    0.09507635235786438,
    0.0005183913744986057,
    -0.00016414161655120552,
    -0.00024952631792984903,
    0.0005287434905767441,
    0.0012654070742428303,
    0.0069818682968616486,
    0.004367283545434475,
    0.007390561513602734,
    0.0
  ],
  "active_shapes": {
    "JawOpen": 0.03945489972829819,
    "MouthFunnel": 0.04786264896392822,
    "MouthSmileRight": 0.012900660745799541,
    "MouthStretchLeft": 0.012118473649024963,
    "MouthStretchRight": 0.015398663468658924,
    "MouthLowerDownLeft": 0.06162276118993759,
    "MouthLowerDownRight": 0.07115012407302856,
    "MouthUpperUpLeft": 0.017800074070692062,
    "MouthUpperUpRight": 0.024148497730493546,
    "BrowDownLeft": 0.09514439105987549,
    "BrowDownRight": 0.09507635235786438
  },
  "packet_size": 314,
  "packet_hex_preview": "060000002464646431326362302d333463612d313166302d383166662d3734353633633437336235330000000847616c6146616365003b94edfb3d07c8000000"
}