{
  "frame_id": 376,
  "timestamp": "2025-05-19T18:04:27.276321",
  "input_values": [
    0.0,
    0.0,
    0.0,
    0.0,
    0.0,
    0.0,
    0.0,
    0.0,
    0.0,
    0.0,
    0.0,
    0.0,
    0.0,
    0.0,
    0.006393998861312866,
    0.00015992324915714562,
    0.025523966178297997,
    0.08300115168094635,
    -6.784590368624777e-05,
    0.08729434013366699,
    0.01451708935201168,
    -1.7242698959307745e-05,
    0.0026562069542706013,
    0.06927892565727234,
    0.057632870972156525,
    -3.85170933441259e-05,
    3.3888762118294835e-05,
    0.015507979318499565,
    0.015065048821270466,
    0.004002776928246021,
    0.007105889264494181,
    -0.00019429657550062984,
    0.001998468767851591,
    0.0002927450987044722,
    0.00970666017383337,
    0.005656362045556307,
    0.006508368067443371,
    0.18492403626441956,
    0.20226240158081055,
    0.09045536071062088,
    0.10111415386199951,
    0.6067885756492615,
    0.6066176891326904,
    0.11735626310110092,
    0.00011849412840092555,
    7.111155719030648e-05,
    0.0013885294320061803,
    0.041389647871255875,
    0.04902230575680733,
    0.061622463166713715,
    0.0691169947385788,
    0.0
  ],
  "active_shapes": {
    "JawRight": 0.025523966178297997,
    "JawOpen": 0.08300115168094635,
    "MouthFunnel": 0.08729434013366699,
    "MouthPucker": 0.01451708935201168,
    "MouthSmileLeft": 0.06927892565727234,
    "MouthSmileRight": 0.057632870972156525,
    "MouthDimpleLeft": 0.015507979318499565,
    "MouthDimpleRight": 0.015065048821270466,
    "MouthLowerDownLeft": 0.18492403626441956,
    "MouthLowerDownRight": 0.20226240158081055,
    "MouthUpperUpLeft": 0.09045536071062088,
    "MouthUpperUpRight": 0.10111415386199951,
    "BrowDownLeft": 0.6067885756492615,
    "BrowDownRight": 0.6066176891326904,
    "BrowInnerUp": 0.11735626310110092,
    "CheekSquintLeft": 0.041389647871255875,
    "CheekSquintRight": 0.04902230575680733,
    "NoseSneerLeft": 0.061622463166713715,
    "NoseSneerRight": 0.0691169947385788
  },
  "packet_size": 314,
  "packet_hex_preview": "060000002464646431326362302d333463612d313166302d383166662d3734353633633437336235330000000847616c6146616365003b9224fb3d07c8000000"
}