{
  "frame_id": 280,
  "timestamp": "2025-05-19T18:04:24.310322",
  "input_values": [
    0.0,
    0.0,
    0.0,
    0.0,
    0.0,
    0.0,
    0.0,
    0.0,
    0.0,
    0.0,
    0.0,
    0.0,
    0.0,
    0.0,
    0.001693522441200912,
    0.0001893857552204281,
    0.010889772325754166,
    0.04160654917359352,
    0.00024408061290159822,
    0.03535817936062813,
    0.0027797252405434847,
    0.00024547692737542093,
    0.003210467752069235,
    0.0900321751832962,
    0.07084595412015915,
    5.3866086091147736e-05,
    0.00010361664317315444,
    0.022937584668397903,
    0.022897833958268166,
    0.022235851734876633,
    0.014062915928661823,
    0.0005277261370792985,
    0.002744517521932721,
    0.0002680649922695011,
    0.0013086091494187713,
    0.006263283547013998,
    0.00743013434112072,
    0.16323259472846985,
    0.1710512936115265,
    0.0371599979698658,
    0.0440264567732811,
    0.7672224640846252,
    0.7670381665229797,
    0.2494245171546936,
    -8.166659972630441e-05,
    -0.00013026133819948882,
    0.003352740313857794,
    0.04524857923388481,
    0.05909353122115135,
    0.028592107817530632,
    0.036855243146419525,
    0.0
  ],
  "active_shapes": {
    "JawRight": 0.010889772325754166,
    "JawOpen": 0.04160654917359352,
    "MouthFunnel": 0.03535817936062813,
    "MouthSmileLeft": 0.0900321751832962,
    "MouthSmileRight": 0.07084595412015915,
    "MouthDimpleLeft": 0.022937584668397903,
    "MouthDimpleRight": 0.022897833958268166,
    "MouthStretchLeft": 0.022235851734876633,
    "MouthStretchRight": 0.014062915928661823,
    "MouthLowerDownLeft": 0.16323259472846985,
    "MouthLowerDownRight": 0.1710512936115265,
    "MouthUpperUpLeft": 0.0371599979698658,
    "MouthUpperUpRight": 0.0440264567732811,
    "BrowDownLeft": 0.7672224640846252,
    "BrowDownRight": 0.7670381665229797,
    "BrowInnerUp": 0.2494245171546936,
    "CheekSquintLeft": 0.04524857923388481,
    "CheekSquintRight": 0.05909353122115135,
    "NoseSneerLeft": 0.028592107817530632,
    "NoseSneerRight": 0.036855243146419525
  },
  "packet_size": 314,
  "packet_hex_preview": "060000002464646431326362302d333463612d313166302d383166662d3734353633633437336235330000000847616c6146616365003b9172fb3d07c8000000"
}