{
  "frame_id": 735,
  "timestamp": "2025-05-19T18:04:43.409696",
  "input_values": [
    0.0,
    0.0,
    0.0,
    0.0,
    0.0,
    0.0,
    0.0,
    0.0,
    0.0,
    0.0,
    0.0,
    0.0,
    0.0,
    0.0,
    0.002313985489308834,
    0.00018920305592473596,
    0.015957050025463104,
    0.0051634656265378,
    -0.00012576351582538337,
    0.0010555352782830596,
    0.001044281292706728,
    0.00012306954886298627,
    0.0022305436432361603,
    0.17703910171985626,
    0.14914973080158234,
    -1.5468420315301046e-05,
    7.951669249450788e-05,
    0.02769518457353115,
    0.0283857062458992,
    0.004830611869692802,
    0.0009515596320852637,
    0.0006322744302451611,
    0.0025290881749242544,
    0.0030991081148386,
    0.010752526111900806,
    0.009028713218867779,
    0.010426497086882591,
    0.17833782732486725,
    0.1866743117570877,
    0.06884580850601196,
    0.07381990551948547,
    0.7755762338638306,
    0.7754485607147217,
    0.22937782108783722,
    -5.6291708460776135e-05,
    -4.7019868361530825e-05,
    0.002219909569248557,
    0.06269509345293045,
    0.07723541557788849,
    0.10052520781755447,
    0.10922516137361526,
    0.0
  ],
  "active_shapes": {
    "JawRight": 0.015957050025463104,
    "MouthSmileLeft": 0.17703910171985626,
    "MouthSmileRight": 0.14914973080158234,
    "MouthDimpleLeft": 0.02769518457353115,
    "MouthDimpleRight": 0.0283857062458992,
    "MouthShrugUpper": 0.010752526111900806,
    "MouthPressRight": 0.010426497086882591,
    "MouthLowerDownLeft": 0.17833782732486725,
    "MouthLowerDownRight": 0.1866743117570877,
    "MouthUpperUpLeft": 0.06884580850601196,
    "MouthUpperUpRight": 0.07381990551948547,
    "BrowDownLeft": 0.7755762338638306,
    "BrowDownRight": 0.7754485607147217,
    "BrowInnerUp": 0.22937782108783722,
    "CheekSquintLeft": 0.06269509345293045,
    "CheekSquintRight": 0.07723541557788849,
    "NoseSneerLeft": 0.10052520781755447,
    "NoseSneerRight": 0.10922516137361526
  },
  "packet_size": 314,
  "packet_hex_preview": "060000002464646431326362302d333463612d313166302d383166662d3734353633633437336235330000000847616c6146616365003b95ecfb3d07c8000000"
}