{
  "frame_id": 223,
  "timestamp": "2025-05-19T18:04:22.309075",
  "input_values": [
    0.0,
    0.0,
    0.0,
    0.0,
    0.0,
    0.0,
    0.0,
    0.0,
    0.0,
    0.0,
    0.0,
    0.0,
    0.0,
    0.0,
    0.00337548041716218,
    0.000187266428838484,
    0.031548503786325455,
    0.10950855165719986,
    -0.00036928366171196103,
    0.11928250640630722,
    0.0005772752920165658,
    0.0006280535599216819,
    0.005150072742253542,
    0.11807367950677872,
    0.09119222313165665,
    -2.9051127057755366e-05,
    3.8255981053225696e-05,
    0.027271561324596405,
    0.025660812854766846,
    0.038442667573690414,
    0.038090046495199203,
    0.00010019274486694485,
    0.0022240097168833017,
    0.0003087174554821104,
    0.02174084447324276,
    0.0070191118866205215,
    0.008854703046381474,
    0.3000212013721466,
    0.31187209486961365,
    0.1559920758008957,
    0.1722719818353653,
    0.8150420188903809,
    0.8149517774581909,
    0.24550381302833557,
    7.468711555702612e-05,
    1.7123073121183552e-05,
    0.002312786178663373,
    0.05961550399661064,
    0.07277467846870422,
    0.07286155968904495,
    0.0997171476483345,
    0.0
  ],
  "active_shapes": {
    "JawRight": 0.031548503786325455,
    "JawOpen": 0.10950855165719986,
    "MouthFunnel": 0.11928250640630722,
    "MouthSmileLeft": 0.11807367950677872,
    "MouthSmileRight": 0.09119222313165665,
    "MouthDimpleLeft": 0.027271561324596405,
    "MouthDimpleRight": 0.025660812854766846,
    "MouthStretchLeft": 0.038442667573690414,
    "MouthStretchRight": 0.038090046495199203,
    "MouthShrugUpper": 0.02174084447324276,
    "MouthLowerDownLeft": 0.3000212013721466,
    "MouthLowerDownRight": 0.31187209486961365,
    "MouthUpperUpLeft": 0.1559920758008957,
    "MouthUpperUpRight": 0.1722719818353653,
    "BrowDownLeft": 0.8150420188903809,
    "BrowDownRight": 0.8149517774581909,
    "BrowInnerUp": 0.24550381302833557,
    "CheekSquintLeft": 0.05961550399661064,
    "CheekSquintRight": 0.07277467846870422,
    "NoseSneerLeft": 0.07286155968904495,
    "NoseSneerRight": 0.0997171476483345
  },
  "packet_size": 314,
  "packet_hex_preview": "060000002464646431326362302d333463612d313166302d383166662d3734353633633437336235330000000847616c6146616365003b90fafb3d07c8000000"
}