{
  "frame_id": 56,
  "timestamp": "2025-05-19T18:04:17.104566",
  "input_values": [
    0.0,
    0.0,
    0.0,
    0.0,
    0.0,
    0.0,
    0.0,
    0.0,
    0.0,
    0.0,
    0.0,
    0.0,
    0.0,
    0.0,
    0.0022818746510893106,
    0.0001884629891719669,
    0.022183280438184738,
    0.016249071806669235,
    -0.00013861607294529676,
    0.023939667269587517,
    0.0010025177616626024,
    0.0006588332471437752,
    0.0022909529507160187,
    0.14483137428760529,
    0.11124720424413681,
    3.6949692002963275e-05,
    0.00011747114331228659,
    0.025545690208673477,
    0.025213051587343216,
    0.020724860951304436,
    0.02027430571615696,
    0.0006000497960485518,
    0.003021886572241783,
    0.0005951219354756176,
    0.012313071638345718,
    0.0069342064671218395,
    0.00840328074991703,
    0.18078315258026123,
    0.18959009647369385,
    0.09273651242256165,
    0.09887859225273132,
    0.7750484347343445,
    0.7748227715492249,
    0.23474593460559845,
    9.987466000893619e-06,
    2.2867769075674005e-05,
    0.002102597849443555,
    0.04634455591440201,
    0.05623721703886986,
    0.04969925433397293,
    0.06317678093910217,
    0.0
  ],
  "active_shapes": {
    "JawRight": 0.022183280438184738,
    "JawOpen": 0.016249071806669235,
    "MouthFunnel": 0.023939667269587517,
    "MouthSmileLeft": 0.14483137428760529,
    "MouthSmileRight": 0.11124720424413681,
    "MouthDimpleLeft": 0.025545690208673477,
    "MouthDimpleRight": 0.025213051587343216,
    "MouthStretchLeft": 0.020724860951304436,
    "MouthStretchRight": 0.02027430571615696,
    "MouthShrugUpper": 0.012313071638345718,
    "MouthLowerDownLeft": 0.18078315258026123,
    "MouthLowerDownRight": 0.18959009647369385,
    "MouthUpperUpLeft": 0.09273651242256165,
    "MouthUpperUpRight": 0.09887859225273132,
    "BrowDownLeft": 0.7750484347343445,
    "BrowDownRight": 0.7748227715492249,
    "BrowInnerUp": 0.23474593460559845,
    "CheekSquintLeft": 0.04634455591440201,
    "CheekSquintRight": 0.05623721703886986,
    "NoseSneerLeft": 0.04969925433397293,
    "NoseSneerRight": 0.06317678093910217
  },
  "packet_size": 314,
  "packet_hex_preview": "060000002464646431326362302d333463612d313166302d383166662d3734353633633437336235330000000847616c6146616365003b8fc2fb3d07c8000000"
}