{
  "frame_id": 384,
  "timestamp": "2025-05-19T18:04:27.651020",
  "input_values": [
    0.0,
    0.0,
    0.0,
    0.0,
    0.0,
    0.0,
    0.0,
    0.0,
    0.0,
    0.0,
    0.0,
    0.0,
    0.0,
    0.0,
    0.0038089975714683533,
    0.00012241199146956205,
    0.01370041724294424,
    0.07966108620166779,
    0.004019733518362045,
    0.06774552911520004,
    0.03231354057788849,
    0.0015934174880385399,
    0.000499581394251436,
    0.04979199543595314,
    0.03317030146718025,
    -4.6016089072509203e-07,
    5.475349826156162e-05,
    0.010544086806476116,
    0.009353937581181526,
    0.0017120565753430128,
    0.0029982614796608686,
    -9.885065810522065e-05,
    0.003543172962963581,
    8.408114808844402e-05,
    0.0006428281194530427,
    0.00413937121629715,
    0.004481486976146698,
    0.12036056816577911,
    0.12959277629852295,
    0.0328727550804615,
    0.034569866955280304,
    0.3252127766609192,
    0.32507625222206116,
    0.031264301389455795,
    -8.442443504463881e-05,
    -7.217439997475594e-05,
    0.0008678423473611474,
    0.02909446880221367,
    0.032564714550971985,
    0.025074485689401627,
    0.02360658161342144,
    0.0
  ],
  "active_shapes": {
    "JawRight": 0.01370041724294424,
    "JawOpen": 0.07966108620166779,
    "MouthFunnel": 0.06774552911520004,
    "MouthPucker": 0.03231354057788849,
    "MouthSmileLeft": 0.04979199543595314,
    "MouthSmileRight": 0.03317030146718025,
    "MouthDimpleLeft": 0.010544086806476116,
    "MouthLowerDownLeft": 0.12036056816577911,
    "MouthLowerDownRight": 0.12959277629852295,
    "MouthUpperUpLeft": 0.0328727550804615,
    "MouthUpperUpRight": 0.034569866955280304,
    "BrowDownLeft": 0.3252127766609192,
    "BrowDownRight": 0.32507625222206116,
    "BrowInnerUp": 0.031264301389455795,
    "CheekSquintLeft": 0.02909446880221367,
    "CheekSquintRight": 0.032564714550971985,
    "NoseSneerLeft": 0.025074485689401627,
    "NoseSneerRight": 0.02360658161342144
  },
  "packet_size": 314,
  "packet_hex_preview": "060000002464646431326362302d333463612d313166302d383166662d3734353633633437336235330000000847616c6146616365003b923bfb3d07c8000000"
}