{
  "frame_id": 12,
  "timestamp": "2025-05-19T18:04:15.620828",
  "input_values": [
    0.0,
    0.0,
    0.0,
    0.0,
    0.0,
    0.0,
    0.0,
    0.0,
    0.0,
    0.0,
    0.0,
    0.0,
    0.0,
    0.0,
    0.028273707255721092,
    0.00018849039042834193,
    0.027617687359452248,
    0.2179180085659027,
    0.0010105161927640438,
    0.25982165336608887,
    0.053007129579782486,
    0.000619499187450856,
    0.0005466814618557692,
    0.04782275855541229,
    0.05472420156002045,
    -0.00022146504488773644,
    3.2948184525594115e-05,
    0.01937968283891678,
    0.019989389926195145,
    0.031510695815086365,
    0.035796869546175,
    -2.069262700388208e-05,
    0.005444562528282404,
    0.0009607624961063266,
    0.0005309901898726821,
    0.004744998179376125,
    0.005021233111619949,
    0.3195914328098297,
    0.327764630317688,
    0.09829824417829514,
    0.10332205146551132,
    0.004371271003037691,
    0.0041597019881010056,
    0.05370096117258072,
    0.018720006570219994,
    0.01876220852136612,
    0.0010266815079376101,
    0.04573530703783035,
    0.04368064925074577,
    0.015196507796645164,
    0.016169602051377296,
    0.0
  ],
  "active_shapes": {
    "JawForward": 0.028273707255721092,
    "JawRight": 0.027617687359452248,
    "JawOpen": 0.2179180085659027,
    "MouthFunnel": 0.25982165336608887,
    "MouthPucker": 0.053007129579782486,
    "MouthSmileLeft": 0.04782275855541229,
    "MouthSmileRight": 0.05472420156002045,
    "MouthDimpleLeft": 0.01937968283891678,
    "MouthDimpleRight": 0.019989389926195145,
    "MouthStretchLeft": 0.031510695815086365,
    "MouthStretchRight": 0.035796869546175,
    "MouthLowerDownLeft": 0.3195914328098297,
    "MouthLowerDownRight": 0.327764630317688,
    "MouthUpperUpLeft": 0.09829824417829514,
    "MouthUpperUpRight": 0.10332205146551132,
    "BrowInnerUp": 0.05370096117258072,
    "BrowOuterUpLeft": 0.018720006570219994,
    "BrowOuterUpRight": 0.01876220852136612,
    "CheekSquintLeft": 0.04573530703783035,
    "CheekSquintRight": 0.04368064925074577,
    "NoseSneerLeft": 0.015196507796645164,
    "NoseSneerRight": 0.016169602051377296
  },
  "packet_size": 314,
  "packet_hex_preview": "060000002464646431326362302d333463612d313166302d383166662d3734353633633437336235330000000847616c6146616365003b8f69fb3d07c8000000"
}