{
  "frame_id": 577,
  "timestamp": "2025-05-19T18:04:34.930416",
  "input_values": [
    0.0,
    0.0,
    0.0,
    0.0,
    0.0,
    0.0,
    0.0,
    0.0,
    0.0,
    0.0,
    0.0,
    0.0,
    0.0,
    0.0,
    0.0008995768730528653,
    3.775406366912648e-05,
    0.005888993851840496,
    0.011262522079050541,
    -3.130789991701022e-05,
    0.008607697673141956,
    0.00024597678566351533,
    -4.2665458749979734e-05,
    0.0006032366654835641,
    0.029379237443208694,
    0.024346651509404182,
    -1.3209605640440714e-05,
    8.724913641344756e-06,
    0.004860836546868086,
    0.004815956111997366,
    0.00011340642959112301,
    0.00016477014287374914,
    4.680076744989492e-05,
    0.0007359109586104751,
    -4.514530189680954e-07,
    0.0003453835961408913,
    0.0013693515211343765,
    0.0015496733831241727,
    0.0451350100338459,
    0.047946520149707794,
    0.020305123180150986,
    0.021383721381425858,
    0.15510551631450653,
    0.15506848692893982,
    0.04557383805513382,
    3.7834865906916093e-06,
    -7.716686013736762e-06,
    0.0003543890197761357,
    0.015266831032931805,
    0.016640130430459976,
    0.01763744279742241,
    0.016647126525640488,
    0.0
  ],
  "active_shapes": {
    "JawOpen": 0.011262522079050541,
    "MouthSmileLeft": 0.029379237443208694,
    "MouthSmileRight": 0.024346651509404182,
    "MouthLowerDownLeft": 0.0451350100338459,
    "MouthLowerDownRight": 0.047946520149707794,
    "MouthUpperUpLeft": 0.020305123180150986,
    "MouthUpperUpRight": 0.021383721381425858,
    "BrowDownLeft": 0.15510551631450653,
    "BrowDownRight": 0.15506848692893982,
    "BrowInnerUp": 0.04557383805513382,
    "CheekSquintLeft": 0.015266831032931805,
    "CheekSquintRight": 0.016640130430459976,
    "NoseSneerLeft": 0.01763744279742241,
    "NoseSneerRight": 0.016647126525640488
  },
  "packet_size": 314,
  "packet_hex_preview": "060000002464646431326362302d333463612d313166302d383166662d3734353633633437336235330000000847616c6146616365003b93effb3d07c8000000"
}