{
  "frame_id": 203,
  "timestamp": "2025-05-19T18:04:21.741974",
  "input_values": [
    0.0,
    0.0,
    0.0,
    0.0,
    0.0,
    0.0,
    0.0,
    0.0,
    0.0,
    0.0,
    0.0,
    0.0,
    0.0,
    0.0,
    0.01172590907663107,
    0.00011062032717745751,
    0.01905634254217148,
    0.07281282544136047,
    -0.00021662493236362934,
    0.09342580288648605,
    0.0002745172241702676,
    0.002174539491534233,
    2.4300601580762304e-05,
    0.06556925177574158,
    0.058976124972105026,
    6.805883458582684e-05,
    6.395043601514772e-05,
    0.0030919983983039856,
    0.0019180349772796035,
    0.026666970923542976,
    0.024918371811509132,
    -0.0001374569401377812,
    0.0004211338236927986,
    3.106639633188024e-05,
    0.005178988445550203,
    0.0003812143695540726,
    0.000731940905097872,
    0.22233475744724274,
    0.223265141248703,
    0.09535985440015793,
    0.09685103595256805,
    -4.218873436911963e-05,
    6.643474080192391e-06,
    0.17367053031921387,
    0.113021619617939,
    0.1130695566534996,
    -0.00024179709726013243,
    0.017851712182164192,
    0.019954625517129898,
    0.0003054763365071267,
    0.004560120869427919,
    0.0
  ],
  "active_shapes": {
    "JawForward": 0.01172590907663107,
    "JawRight": 0.01905634254217148,
    "JawOpen": 0.07281282544136047,
    "MouthFunnel": 0.09342580288648605,
    "MouthSmileLeft": 0.06556925177574158,
    "MouthSmileRight": 0.058976124972105026,
    "MouthStretchLeft": 0.026666970923542976,
    "MouthStretchRight": 0.024918371811509132,
    "MouthLowerDownLeft": 0.22233475744724274,
    "MouthLowerDownRight": 0.223265141248703,
    "MouthUpperUpLeft": 0.09535985440015793,
    "MouthUpperUpRight": 0.09685103595256805,
    "BrowInnerUp": 0.17367053031921387,
    "BrowOuterUpLeft": 0.113021619617939,
    "BrowOuterUpRight": 0.1130695566534996,
    "CheekSquintLeft": 0.017851712182164192,
    "CheekSquintRight": 0.019954625517129898
  },
  "packet_size": 314,
  "packet_hex_preview": "060000002464646431326362302d333463612d313166302d383166662d3734353633633437336235330000000847616c6146616365003b90d8fb3d07c8000000"
}