{
  "frame_id": 306,
  "timestamp": "2025-05-19T18:04:25.178178",
  "input_values": [
    0.0,
    0.0,
    0.0,
    0.0,
    0.0,
    0.0,
    0.0,
    0.0,
    0.0,
    0.0,
    0.0,
    0.0,
    0.0,
    0.0,
    0.019404111430048943,
    0.00014567434845957905,
    0.006766167469322681,
    0.024320095777511597,
    0.011134164407849312,
    0.04704345762729645,
    0.018828462809324265,
    0.024744519963860512,
    0.00013729609781876206,
    0.027246464043855667,
    0.004666184075176716,
    0.0009229842689819634,
    0.0057839034125208855,
    0.01655980572104454,
    0.012521478347480297,
    0.06917910277843475,
    0.06057705730199814,
    0.01210838370025158,
    0.013673394918441772,
    0.00023751138360239565,
    -1.3754516658082139e-05,
    -0.000348294444847852,
    0.00034981148201040924,
    0.12762948870658875,
    0.11193235963582993,
    0.005330194253474474,
    0.002183637348935008,
    0.00011897551303263754,
    -0.00019395041454117745,
    0.46756547689437866,
    0.3312962055206299,
    0.3317984640598297,
    0.0012128195958212018,
    0.03553347289562225,
    0.03375278413295746,
    -6.730642780894414e-05,
    -0.0005107094766572118,
    0.0
  ],
  "active_shapes": {
    "JawForward": 0.019404111430048943,
    "JawOpen": 0.024320095777511597,
    "MouthClose": 0.011134164407849312,
    "MouthFunnel": 0.04704345762729645,
    "MouthPucker": 0.018828462809324265,
    "MouthLeft": 0.024744519963860512,
    "MouthSmileLeft": 0.027246464043855667,
    "MouthDimpleLeft": 0.01655980572104454,
    "MouthDimpleRight": 0.012521478347480297,
    "MouthStretchLeft": 0.06917910277843475,
    "MouthStretchRight": 0.06057705730199814,
    "MouthRollLower": 0.01210838370025158,
    "MouthRollUpper": 0.013673394918441772,
    "MouthLowerDownLeft": 0.12762948870658875,
    "MouthLowerDownRight": 0.11193235963582993,
    "BrowInnerUp": 0.46756547689437866,
    "BrowOuterUpLeft": 0.3312962055206299,
    "BrowOuterUpRight": 0.3317984640598297,
    "CheekSquintLeft": 0.03553347289562225,
    "CheekSquintRight": 0.03375278413295746
  },
  "packet_size": 314,
  "packet_hex_preview": "060000002464646431326362302d333463612d313166302d383166662d3734353633633437336235330000000847616c6146616365003b91a6fb3d07c8000000"
}