{
  "frame_id": 342,
  "timestamp": "2025-05-19T18:04:26.400190",
  "input_values": [
    0.0,
    0.0,
    0.0,
    0.0,
    0.0,
    0.0,
    0.0,
    0.0,
    0.0,
    0.0,
    0.0,
    0.0,
    0.0,
    0.0,
    0.009734478779137135,
    3.703551919898018e-05,
    0.005112730897963047,
    0.04039216414093971,
    0.0002950055932160467,
    0.036778561770915985,
    7.477435428882018e-05,
    0.0010732475202530622,
    -3.216740151401609e-05,
    0.0074988557025790215,
    0.005842011421918869,
    1.888386032078415e-05,
    -4.673256626119837e-06,
    0.005200525280088186,
    0.004741721786558628,
    0.02328380011022091,
    0.02404571883380413,
    6.497627327917144e-05,
    0.0017844133544713259,
    1.312606059400423e-06,
    8.104773587547243e-05,
    -8.06142452347558e-06,
    7.280698628164828e-05,
    0.07333548367023468,
    0.07029734551906586,
    0.021611154079437256,
    0.021705735474824905,
    -3.149822441628203e-05,
    -1.2510002306953538e-05,
    0.05550689622759819,
    0.04440850764513016,
    0.04446379840373993,
    4.644558794097975e-05,
    0.010716437362134457,
    0.011491459794342518,
    -9.282545215683058e-05,
    0.00010975552868330851,
    0.0
  ],
  "active_shapes": {
    "JawOpen": 0.04039216414093971,
    "MouthFunnel": 0.036778561770915985,
    "MouthStretchLeft": 0.02328380011022091,
    "MouthStretchRight": 0.02404571883380413,
    "MouthLowerDownLeft": 0.07333548367023468,
    "MouthLowerDownRight": 0.07029734551906586,
    "MouthUpperUpLeft": 0.021611154079437256,
    "MouthUpperUpRight": 0.021705735474824905,
    "BrowInnerUp": 0.05550689622759819,
    "BrowOuterUpLeft": 0.04440850764513016,
    "BrowOuterUpRight": 0.04446379840373993,
    "CheekSquintLeft": 0.010716437362134457,
    "CheekSquintRight": 0.011491459794342518
  },
  "packet_size": 314,
  "packet_hex_preview": "060000002464646431326362302d333463612d313166302d383166662d3734353633633437336235330000000847616c6146616365003b91effb3d07c8000000"
}