{
  "frame_id": 484,
  "timestamp": "2025-05-19T18:04:30.823722",
  "input_values": [
    0.0,
    0.0,
    0.0,
    0.0,
    0.0,
    0.0,
    0.0,
    0.0,
    0.0,
    0.0,
    0.0,
    0.0,
    0.0,
    0.0,
    0.02181311324238777,
    0.0001463728549424559,
    0.01894785836338997,
    0.06448664516210556,
    0.0001529878645669669,
    0.2031838595867157,
    0.016054805368185043,
    0.008402690291404724,
    8.445979619864374e-05,
    0.041273780167102814,
    0.03632872551679611,
    -2.234468593087513e-05,
    5.8757723309099674e-05,
    0.01103502418845892,
    0.00872470997273922,
    0.04774576053023338,
    0.04437780752778053,
    0.00011009169975295663,
    0.005106253549456596,
    0.004749028943479061,
    0.009511859156191349,
    0.001424591289833188,
    0.002266187220811844,
    0.19074563682079315,
    0.19198521971702576,
    0.10455019772052765,
    0.10771366208791733,
    3.3590196835575625e-05,
    -3.225016553187743e-05,
    0.36554214358329773,
    0.3261408805847168,
    0.32632291316986084,
    0.0012845195597037673,
    0.046739719808101654,
    0.04982883110642433,
    0.0012548582162708044,
    0.011509893462061882,
    0.0
  ],
  "active_shapes": {
    "JawForward": 0.02181311324238777,
    "JawRight": 0.01894785836338997,
    "JawOpen": 0.06448664516210556,
    "MouthFunnel": 0.2031838595867157,
    "MouthPucker": 0.016054805368185043,
    "MouthSmileLeft": 0.041273780167102814,
    "MouthSmileRight": 0.03632872551679611,
    "MouthDimpleLeft": 0.01103502418845892,
    "MouthStretchLeft": 0.04774576053023338,
    "MouthStretchRight": 0.04437780752778053,
    "MouthLowerDownLeft": 0.19074563682079315,
    "MouthLowerDownRight": 0.19198521971702576,
    "MouthUpperUpLeft": 0.10455019772052765,
    "MouthUpperUpRight": 0.10771366208791733,
    "BrowInnerUp": 0.36554214358329773,
    "BrowOuterUpLeft": 0.3261408805847168,
    "BrowOuterUpRight": 0.32632291316986084,
    "CheekSquintLeft": 0.046739719808101654,
    "CheekSquintRight": 0.04982883110642433,
    "NoseSneerRight": 0.011509893462061882
  },
  "packet_size": 314,
  "packet_hex_preview": "060000002464646431326362302d333463612d313166302d383166662d3734353633633437336235330000000847616c6146616365003b92f9fb3d07c8000000"
}