{
  "frame_id": 160,
  "timestamp": "2025-05-19T18:04:20.478993",
  "input_values": [
    0.0,
    0.0,
    0.0,
    0.0,
    0.0,
    0.0,
    0.0,
    0.0,
    0.0,
    0.0,
    0.0,
    0.0,
    0.0,
    0.0,
    0.002667021006345749,
    3.730919706868008e-05,
    0.0022483638022094965,
    0.009278216399252415,
    0.012850346975028515,
    0.00014735892182216048,
    0.0001555239869048819,
    0.0014462530380114913,
    6.540324829984456e-05,
    0.014835109002888203,
    0.016603823751211166,
    -1.4263476259657182e-05,
    2.442984259687364e-05,
    0.005256148986518383,
    0.0051943464204669,
    0.014145640656352043,
    0.013871570117771626,
    0.006873707287013531,
    0.003044751938432455,
    6.621467036893591e-05,
    -5.474582940223627e-05,
    8.315542072523385e-05,
    0.00015817672829143703,
    0.015008082613348961,
    0.014486648142337799,
    4.876859748037532e-05,
    0.00011762350186472759,
    6.494113767985255e-05,
    4.7415553126484156e-05,
    0.050926487892866135,
    0.05151175707578659,
    0.05153520777821541,
    9.651216532802209e-05,
    0.005911712534725666,
    0.006377106066793203,
    -3.8241007132455707e-05,
    6.985731306485832e-05,
    0.0
  ],
  "active_shapes": {
    "MouthClose": 0.012850346975028515,
    "MouthSmileLeft": 0.014835109002888203,
    "MouthSmileRight": 0.016603823751211166,
    "MouthStretchLeft": 0.014145640656352043,
    "MouthStretchRight": 0.013871570117771626,
    "MouthLowerDownLeft": 0.015008082613348961,
    "MouthLowerDownRight": 0.014486648142337799,
    "BrowInnerUp": 0.050926487892866135,
    "BrowOuterUpLeft": 0.05151175707578659,
    "BrowOuterUpRight": 0.05153520777821541
  },
  "packet_size": 314,
  "packet_hex_preview": "060000002464646431326362302d333463612d313166302d383166662d3734353633633437336235330000000847616c6146616365003b908cfb3d07c8000000"
}