{
  "frame_id": 266,
  "timestamp": "2025-05-19T18:04:23.741910",
  "input_values": [
    0.0,
    0.0,
    0.0,
    0.0,
    0.0,
    0.0,
    0.0,
    0.0,
    0.0,
    0.0,
    0.0,
    0.0,
    0.0,
    0.0,
    0.0135892853140831,
    0.00018499777070246637,
    0.0013560163788497448,
    0.07040906697511673,
    0.02557324431836605,
    0.03460947051644325,
    0.00019033538410440087,
    0.02733463980257511,
    -0.0002009515301324427,
    0.09975651651620865,
    0.0747777670621872,
    -8.334142330568284e-05,
    0.00016507245891261846,
    0.028201427310705185,
    0.02551501803100109,
    0.07041769474744797,
    0.06340597569942474,
    0.009952208958566189,
    0.0167379193007946,
    3.6426150472834706e-05,
    -0.00022646207071375102,
    -1.6141384548973292e-05,
    0.0005295002483762801,
    0.15770785510540009,
    0.13936616480350494,
    0.004898912739008665,
    0.0011886379215866327,
    0.00021794781787320971,
    -0.00023307651281356812,
    0.1816931515932083,
    0.24002566933631897,
    0.24044331908226013,
    0.0006803895812481642,
    0.030197668820619583,
    0.029569432139396667,
    0.00027445267187431455,
    -0.00033548258943483233,
    0.0
  ],
  "active_shapes": {
    "JawForward": 0.0135892853140831,
    "JawOpen": 0.07040906697511673,
    "MouthClose": 0.02557324431836605,
    "MouthFunnel": 0.03460947051644325,
    "MouthLeft": 0.02733463980257511,
    "MouthSmileLeft": 0.09975651651620865,
    "MouthSmileRight": 0.0747777670621872,
    "MouthDimpleLeft": 0.028201427310705185,
    "MouthDimpleRight": 0.02551501803100109,
    "MouthStretchLeft": 0.07041769474744797,
    "MouthStretchRight": 0.06340597569942474,
    "MouthRollUpper": 0.0167379193007946,
    "MouthLowerDownLeft": 0.15770785510540009,
    "MouthLowerDownRight": 0.13936616480350494,
    "BrowInnerUp": 0.1816931515932083,
    "BrowOuterUpLeft": 0.24002566933631897,
    "BrowOuterUpRight": 0.24044331908226013,
    "CheekSquintLeft": 0.030197668820619583,
    "CheekSquintRight": 0.029569432139396667
  },
  "packet_size": 314,
  "packet_hex_preview": "060000002464646431326362302d333463612d313166302d383166662d3734353633633437336235330000000847616c6146616365003b9150fb3d07c8000000"
}