{
  "frame_id": 176,
  "timestamp": "2025-05-19T18:04:20.943955",
  "input_values": [
    0.0,
    0.0,
    0.0,
    0.0,
    0.0,
    0.0,
    0.0,
    0.0,
    0.0,
    0.0,
    0.0,
    0.0,
    0.0,
    0.0,
    0.001003864104859531,
    7.576336793135852e-05,
    0.0024806447327136993,
    0.013821052387356758,
    0.002237154869362712,
    0.019318962469697,
    0.002488418947905302,
    0.0004555904306471348,
    0.00014939825632609427,
    0.04012273997068405,
    0.03522319346666336,
    2.343757114431355e-05,
    2.5147408450720832e-05,
    0.0073525793850421906,
    0.007621326949447393,
    0.0002946601016446948,
    0.00015978435112629086,
    0.0002068819449050352,
    0.0029143732972443104,
    0.0001579084200784564,
    0.00021164266217965633,
    0.002735552377998829,
    0.002828673692420125,
    0.04807194322347641,
    0.04896552115678787,
    0.009411526843905449,
    0.010178664699196815,
    0.11487580835819244,
    0.11477337777614594,
    0.008824804797768593,
    1.640364416743978e-06,
    -1.3015330296184402e-05,
    0.0005137380212545395,
    0.019097354263067245,
    0.02138644829392433,
    0.011072849854826927,
    0.00766416359692812,
    0.0
  ],
  "active_shapes": {
    "JawOpen": 0.013821052387356758,
    "MouthFunnel": 0.019318962469697,
    "MouthSmileLeft": 0.04012273997068405,
    "MouthSmileRight": 0.03522319346666336,
    "MouthLowerDownLeft": 0.04807194322347641,
    "MouthLowerDownRight": 0.04896552115678787,
    "MouthUpperUpRight": 0.010178664699196815,
    "BrowDownLeft": 0.11487580835819244,
    "BrowDownRight": 0.11477337777614594,
    "CheekSquintLeft": 0.019097354263067245,
    "CheekSquintRight": 0.02138644829392433,
    "NoseSneerLeft": 0.011072849854826927
  },
  "packet_size": 314,
  "packet_hex_preview": "060000002464646431326362302d333463612d313166302d383166662d3734353633633437336235330000000847616c6146616365003b90a8fb3d07c8000000"
}