{
  "frame_id": 469,
  "timestamp": "2025-05-19T18:04:30.329085",
  "input_values": [
    0.0,
    0.0,
    0.0,
    0.0,
    0.0,
    0.0,
    0.0,
    0.0,
    0.0,
    0.0,
    0.0,
    0.0,
    0.0,
    0.0,
    0.019959256052970886,
    0.00011074466601712629,
    0.015251844190061092,
    0.07971107959747314,
    3.2799063774291426e-05,
    0.07320480793714523,
    -9.814817531150766e-06,
    0.005722484085708857,
    0.00022310230997391045,
    0.17552798986434937,
    0.1777864396572113,
    -6.573583232238889e-05,
    2.603955908853095e-05,
    0.018333924934267998,
    0.01811220683157444,
    0.025980763137340546,
    0.02068702131509781,
    1.6212534319492988e-05,
    0.004477394744753838,
    -0.00015716531197540462,
    0.0022431351244449615,
    0.0013519449857994914,
    0.002347903558984399,
    0.28582900762557983,
    0.2799384891986847,
    0.12067429721355438,
    0.1244843602180481,
    0.008032679557800293,
    0.007877801544964314,
    0.09758118540048599,
    0.12458386272192001,
    0.124641552567482,
    -7.47232188587077e-05,
    0.0897417962551117,
    0.09956632554531097,
    0.06897300481796265,
    0.08110888302326202,
    0.0
  ],
  "active_shapes": {
    "JawForward": 0.019959256052970886,
    "JawRight": 0.015251844190061092,
    "JawOpen": 0.07971107959747314,
    "MouthFunnel": 0.07320480793714523,
    "MouthSmileLeft": 0.17552798986434937,
    "MouthSmileRight": 0.1777864396572113,
    "MouthDimpleLeft": 0.018333924934267998,
    "MouthDimpleRight": 0.01811220683157444,
    "MouthStretchLeft": 0.025980763137340546,
    "MouthStretchRight": 0.02068702131509781,
    "MouthLowerDownLeft": 0.28582900762557983,
    "MouthLowerDownRight": 0.2799384891986847,
    "MouthUpperUpLeft": 0.12067429721355438,
    "MouthUpperUpRight": 0.1244843602180481,
    "BrowInnerUp": 0.09758118540048599,
    "BrowOuterUpLeft": 0.12458386272192001,
    "BrowOuterUpRight": 0.124641552567482,
    "CheekSquintLeft": 0.0897417962551117,
    "CheekSquintRight": 0.09956632554531097,
    "NoseSneerLeft": 0.06897300481796265,
    "NoseSneerRight": 0.08110888302326202
  },
  "packet_size": 314,
  "packet_hex_preview": "060000002464646431326362302d333463612d313166302d383166662d3734353633633437336235330000000847616c6146616365003b92dbfb3d07c8000000"
}