{
  "frame_id": 490,
  "timestamp": "2025-05-19T18:04:30.889100",
  "input_values": [
    0.0,
    0.0,
    0.0,
    0.0,
    0.0,
    0.0,
    0.0,
    0.0,
    0.0,
    0.0,
    0.0,
    0.0,
    0.0,
    0.0,
    0.0017980135744437575,
    0.00018825297593139112,
    0.012660782784223557,
    0.05896566063165665,
    0.00032891976297833025,
    0.06364012509584427,
    0.00654678326100111,
    0.001137172570452094,
    0.0017257781000807881,
    0.0665828287601471,
    0.048558931797742844,
    -5.429806151369121e-06,
    2.2429157979786396e-05,
    0.020001154392957687,
    0.019554367288947105,
    0.026755893602967262,
    0.026217946782708168,
    0.00021215768356341869,
    0.00498187355697155,
    -1.574579619045835e-05,
    0.000647178734652698,
    0.00541327241808176,
    0.006030106917023659,
    0.16904951632022858,
    0.1747693419456482,
    0.02417018637061119,
    0.029899563640356064,
    0.4536478817462921,
    0.4533528983592987,
    0.10541033744812012,
    0.0031753492075949907,
    0.0031087433453649282,
    0.0014389868592843413,
    0.03794701769948006,
    0.045316435396671295,
    0.011877908371388912,
    0.009331367909908295,
    0.0
  ],
  "active_shapes": {
    "JawRight": 0.012660782784223557,
    "JawOpen": 0.05896566063165665,
    "MouthFunnel": 0.06364012509584427,
    "MouthSmileLeft": 0.0665828287601471,
    "MouthSmileRight": 0.048558931797742844,
    "MouthDimpleLeft": 0.020001154392957687,
    "MouthDimpleRight": 0.019554367288947105,
    "MouthStretchLeft": 0.026755893602967262,
    "MouthStretchRight": 0.026217946782708168,
    "MouthLowerDownLeft": 0.16904951632022858,
    "MouthLowerDownRight": 0.1747693419456482,
    "MouthUpperUpLeft": 0.02417018637061119,
    "MouthUpperUpRight": 0.029899563640356064,
    "BrowDownLeft": 0.4536478817462921,
    "BrowDownRight": 0.4533528983592987,
    "BrowInnerUp": 0.10541033744812012,
    "CheekSquintLeft": 0.03794701769948006,
    "CheekSquintRight": 0.045316435396671295,
    "NoseSneerLeft": 0.011877908371388912
  },
  "packet_size": 314,
  "packet_hex_preview": "060000002464646431326362302d333463612d313166302d383166662d3734353633633437336235330000000847616c6146616365003b92fdfb3d07c8000000"
}