{
  "frame_id": 650,
  "timestamp": "2025-05-19T18:04:38.820850",
  "input_values": [
    0.0,
    0.0,
    0.0,
    0.0,
    0.0,
    0.0,
    0.0,
    0.0,
    0.0,
    0.0,
    0.0,
    0.0,
    0.0,
    0.0,
    0.004490298684686422,
    0.00015095701382961124,
    0.028732430189847946,
    0.07759036123752594,
    -0.00041591221815906465,
    0.1083797961473465,
    0.0042030648328363895,
    -4.931655712425709e-05,
    0.005599071271717548,
    0.07620544731616974,
    0.06474969536066055,
    -5.284795770421624e-05,
    -3.1783634767634794e-05,
    0.015930838882923126,
    0.015474106185138226,
    0.001634064712561667,
    0.005269687622785568,
    3.491665484034456e-05,
    0.00046468424261547625,
    0.01075058989226818,
    0.0349707305431366,
    0.010746077634394169,
    0.011916479095816612,
    0.19123011827468872,
    0.20332591235637665,
    0.11904513835906982,
    0.13317063450813293,
    0.5404037237167358,
    0.540174663066864,
    0.01985815539956093,
    -0.00015554418496321887,
    -0.0001981717359740287,
    0.00048685725778341293,
    0.04279065504670143,
    0.05189068242907524,
    0.058761805295944214,
    0.07434986531734467,
    0.0
  ],
  "active_shapes": {
    "JawRight": 0.028732430189847946,
    "JawOpen": 0.07759036123752594,
    "MouthFunnel": 0.1083797961473465,
    "MouthSmileLeft": 0.07620544731616974,
    "MouthSmileRight": 0.06474969536066055,
    "MouthDimpleLeft": 0.015930838882923126,
    "MouthDimpleRight": 0.015474106185138226,
    "MouthShrugLower": 0.01075058989226818,
    "MouthShrugUpper": 0.0349707305431366,
    "MouthPressLeft": 0.010746077634394169,
    "MouthPressRight": 0.011916479095816612,
    "MouthLowerDownLeft": 0.19123011827468872,
    "MouthLowerDownRight": 0.20332591235637665,
    "MouthUpperUpLeft": 0.11904513835906982,
    "MouthUpperUpRight": 0.13317063450813293,
    "BrowDownLeft": 0.5404037237167358,
    "BrowDownRight": 0.540174663066864,
    "BrowInnerUp": 0.01985815539956093,
    "CheekSquintLeft": 0.04279065504670143,
    "CheekSquintRight": 0.05189068242907524,
    "NoseSneerLeft": 0.058761805295944214,
    "NoseSneerRight": 0.07434986531734467
  },
  "packet_size": 314,
  "packet_hex_preview": "060000002464646431326362302d333463612d313166302d383166662d3734353633633437336235330000000847616c6146616365003b94d9fb3d07c8000000"
}