{
  "frame_id": 166,
  "timestamp": "2025-05-19T18:04:20.529245",
  "input_values": [
    0.0,
    0.0,
    0.0,
    0.0,
    0.0,
    0.0,
    0.0,
    0.0,
    0.0,
    0.0,
    0.0,
    0.0,
    0.0,
    0.0,
    0.010473323985934258,
    0.00014898457447998226,
    0.007381624076515436,
    0.042062677443027496,
    0.05769820883870125,
    0.0005774727906100452,
    0.00046034896513447165,
    0.0071289800107479095,
    0.00017238302098121494,
    0.06061915308237076,
    0.06576387584209442,
    -7.619986718054861e-05,
    5.073279680800624e-05,
    0.02048865519464016,
    0.020160464569926262,
    0.06937967240810394,
    0.06884343922138214,
    0.02383263409137726,
    0.012352202087640762,
    7.02676479704678e-05,
    -8.457747026113793e-05,
    0.00012067086208844557,
    0.00046088657109066844,
    0.08397803455591202,
    0.08142947405576706,
    7.230103165056789e-06,
    0.00011047338921343908,
    9.59670614975039e-06,
    -7.606577855767682e-05,
    0.19185912609100342,
    0.20071223378181458,
    0.20083042979240417,
    2.729326524786302e-06,
    0.025127705186605453,
    0.027066122740507126,
    -8.398523641517386e-05,
    0.00025787431513890624,
    0.0
  ],
  "active_shapes": {
    "JawForward": 0.010473323985934258,
    "JawOpen": 0.042062677443027496,
    "MouthClose": 0.05769820883870125,
    "MouthSmileLeft": 0.06061915308237076,
    "MouthSmileRight": 0.06576387584209442,
    "MouthDimpleLeft": 0.02048865519464016,
    "MouthDimpleRight": 0.020160464569926262,
    "MouthStretchLeft": 0.06937967240810394,
    "MouthStretchRight": 0.06884343922138214,
    "MouthRollLower": 0.02383263409137726,
    "MouthRollUpper": 0.012352202087640762,
    "MouthLowerDownLeft": 0.08397803455591202,
    "MouthLowerDownRight": 0.08142947405576706,
    "BrowInnerUp": 0.19185912609100342,
    "BrowOuterUpLeft": 0.20071223378181458,
    "BrowOuterUpRight": 0.20083042979240417,
    "CheekSquintLeft": 0.025127705186605453,
    "CheekSquintRight": 0.027066122740507126
  },
  "packet_size": 314,
  "packet_hex_preview": "060000002464646431326362302d333463612d313166302d383166662d3734353633633437336235330000000847616c6146616365003b908ffb3d07c8000000"
}