{
  "frame_id": 691,
  "timestamp": "2025-05-19T18:04:41.142517",
  "input_values": [
    0.0,
    0.0,
    0.0,
    0.0,
    0.0,
    0.0,
    0.0,
    0.0,
    0.0,
    0.0,
    0.0,
    0.0,
    0.0,
    0.0,
    0.0014837216585874557,
    0.00011337541945977136,
    0.00788627378642559,
    0.005419188179075718,
    0.00019626172434072942,
    0.0006490957457572222,
    0.03477831929922104,
    0.0003812330833170563,
    0.0020468435250222683,
    0.007740546949207783,
    0.0019386197673156857,
    -0.00010825956996995956,
    0.00022996326151769608,
    0.009017858654260635,
    0.008659571409225464,
    0.005666380748152733,
    0.006471765693277121,
    0.0005408469005487859,
    0.001963603775948286,
    0.0004682993167079985,
    0.000676512427162379,
    0.004409638699144125,
    0.005057499743998051,
    0.021078992635011673,
    0.024081407114863396,
    -0.00035212162765674293,
    -3.759831088245846e-05,
    0.44522058963775635,
    0.4450605809688568,
    0.1667037457227707,
    -3.328650564071722e-05,
    -3.880199801642448e-05,
    0.0035989265888929367,
    0.01958741992712021,
    0.02366647496819496,
    0.00020419128122739494,
    0.0019340631552040577,
    0.0
  ],
  "active_shapes": {
    "MouthPucker": 0.03477831929922104,
    "MouthLowerDownLeft": 0.021078992635011673,
    "MouthLowerDownRight": 0.024081407114863396,
    "BrowDownLeft": 0.44522058963775635,
    "BrowDownRight": 0.4450605809688568,
    "BrowInnerUp": 0.1667037457227707,
    "CheekSquintLeft": 0.01958741992712021,
    "CheekSquintRight": 0.02366647496819496
  },
  "packet_size": 314,
  "packet_hex_preview": "060000002464646431326362302d333463612d313166302d383166662d3734353633633437336235330000000847616c6146616365003b9564fb3d07c8000000"
}