{
  "frame_id": 704,
  "timestamp": "2025-05-19T18:04:41.865462",
  "input_values": [
    0.0,
    0.0,
    0.0,
    0.0,
    0.0,
    0.0,
    0.0,
    0.0,
    0.0,
    0.0,
    0.0,
    0.0,
    0.0,
    0.0,
    0.0008703997591510415,
    7.519721111748368e-05,
    0.008327909745275974,
    0.012150070630013943,
    6.507117177534383e-06,
    0.01174132525920868,
    0.010456224903464317,
    -1.9712597350007854e-06,
    0.003510295646265149,
    0.03508072346448898,
    0.028402265161275864,
    6.039068267682524e-08,
    3.285786442575045e-05,
    0.007808989845216274,
    0.0076799532398581505,
    0.0064485869370400906,
    0.005260850302875042,
    9.397531539434567e-05,
    0.0007829043315723538,
    0.0002775995817501098,
    0.0034841883461922407,
    0.0025920637417584658,
    0.0031302068382501602,
    0.049982234835624695,
    0.05499742552638054,
    0.021284321323037148,
    0.024735139682888985,
    0.3201177418231964,
    0.3200491666793823,
    0.11825530230998993,
    2.8271719202166423e-05,
    1.0078847481054254e-05,
    0.0012726179556921124,
    0.020113080739974976,
    0.02511318400502205,
    0.024216122925281525,
    0.03014884889125824,
    0.0
  ],
  "active_shapes": {
    "JawOpen": 0.012150070630013943,
    "MouthFunnel": 0.01174132525920868,
    "MouthPucker": 0.010456224903464317,
    "MouthSmileLeft": 0.03508072346448898,
    "MouthSmileRight": 0.028402265161275864,
    "MouthLowerDownLeft": 0.049982234835624695,
    "MouthLowerDownRight": 0.05499742552638054,
    "MouthUpperUpLeft": 0.021284321323037148,
    "MouthUpperUpRight": 0.024735139682888985,
    "BrowDownLeft": 0.3201177418231964,
    "BrowDownRight": 0.3200491666793823,
    "BrowInnerUp": 0.11825530230998993,
    "CheekSquintLeft": 0.020113080739974976,
    "CheekSquintRight": 0.02511318400502205,
    "NoseSneerLeft": 0.024216122925281525,
    "NoseSneerRight": 0.03014884889125824
  },
  "packet_size": 314,
  "packet_hex_preview": "060000002464646431326362302d333463612d313166302d383166662d3734353633633437336235330000000847616c6146616365003b958ffb3d07c8000000"
}