{
  "frame_id": 241,
  "timestamp": "2025-05-19T18:04:23.159768",
  "input_values": [
    0.0,
    0.0,
    0.0,
    0.0,
    0.0,
    0.0,
    0.0,
    0.0,
    0.0,
    0.0,
    0.0,
    0.0,
    0.0,
    0.0,
    -8.07999458629638e-06,
    3.783933789236471e-05,
    0.003215249627828598,
    0.00015626972890459,
    -5.957325811323244e-06,
    -4.734774847747758e-05,
    0.0003839077544398606,
    -1.899011522255023e-06,
    0.0007156087085604668,
    0.03064783848822117,
    0.02458084747195244,
    6.783699973311741e-06,
    2.755569039436523e-05,
    0.004701915197074413,
    0.004698881413787603,
    0.00043129693949595094,
    0.0004957436467520893,
    0.00025781476870179176,
    0.0004500101786106825,
    0.0017647668719291687,
    0.001949664787389338,
    0.0017892507603392005,
    0.0020265975035727024,
    0.015360333025455475,
    0.017344266176223755,
    0.005034341011196375,
    0.00550220487639308,
    0.1566496044397354,
    0.15660810470581055,
    0.04237506911158562,
    -1.4623142305936199e-05,
    -2.0305900761741214e-05,
    0.0006558227469213307,
    0.010054131038486958,
    0.012526750564575195,
    0.015238816849887371,
    0.01692626066505909,
    0.0
  ],
  "active_shapes": {
    "MouthSmileLeft": 0.03064783848822117,
    "MouthSmileRight": 0.02458084747195244,
    "MouthLowerDownLeft": 0.015360333025455475,
    "MouthLowerDownRight": 0.017344266176223755,
    "BrowDownLeft": 0.1566496044397354,
    "BrowDownRight": 0.15660810470581055,
    "BrowInnerUp": 0.04237506911158562,
    "CheekSquintLeft": 0.010054131038486958,
    "CheekSquintRight": 0.012526750564575195,
    "NoseSneerLeft": 0.015238816849887371,
    "NoseSneerRight": 0.01692626066505909
  },
  "packet_size": 314,
  "packet_hex_preview": "060000002464646431326362302d333463612d313166302d383166662d3734353633633437336235330000000847616c6146616365003b912dfb3d07c8000000"
}