{
  "frame_id": 402,
  "timestamp": "2025-05-19T18:04:28.106917",
  "input_values": [
    0.0,
    0.0,
    0.0,
    0.0,
    0.0,
    0.0,
    0.0,
    0.0,
    0.0,
    0.0,
    0.0,
    0.0,
    0.0,
    0.0,
    0.006113950628787279,
    0.00011341448407620192,
    0.016851911321282387,
    0.020637935027480125,
    -4.493689630180597e-05,
    0.00416741706430912,
    0.0008026331197470427,
    -0.00030298077035695314,
    0.005724319256842136,
    0.09908042848110199,
    0.0927896723151207,
    -2.1258365450194106e-05,
    9.266811503039207e-06,
    0.018049947917461395,
    0.01875675842165947,
    0.002566718030720949,
    0.004174054600298405,
    9.197599138133228e-05,
    0.0014408186543732882,
    0.0009106342913582921,
    0.006252918392419815,
    0.0031475683208554983,
    0.0040489910170435905,
    0.09391161054372787,
    0.10394064337015152,
    0.04628096520900726,
    0.05052846297621727,
    0.4564666152000427,
    0.4564548134803772,
    0.12447153776884079,
    -4.6274832129711285e-05,
    -9.478863648837432e-05,
    0.0011578088160604239,
    0.047284770756959915,
    0.0595756396651268,
    0.05753794685006142,
    0.07147639244794846,
    0.0
  ],
  "active_shapes": {
    "JawRight": 0.016851911321282387,
    "JawOpen": 0.020637935027480125,
    "MouthSmileLeft": 0.09908042848110199,
    "MouthSmileRight": 0.0927896723151207,
    "MouthDimpleLeft": 0.018049947917461395,
    "MouthDimpleRight": 0.01875675842165947,
    "MouthLowerDownLeft": 0.09391161054372787,
    "MouthLowerDownRight": 0.10394064337015152,
    "MouthUpperUpLeft": 0.04628096520900726,
    "MouthUpperUpRight": 0.05052846297621727,
    "BrowDownLeft": 0.4564666152000427,
    "BrowDownRight": 0.4564548134803772,
    "BrowInnerUp": 0.12447153776884079,
    "CheekSquintLeft": 0.047284770756959915,
    "CheekSquintRight": 0.0595756396651268,
    "NoseSneerLeft": 0.05753794685006142,
    "NoseSneerRight": 0.07147639244794846
  },
  "packet_size": 314,
  "packet_hex_preview": "060000002464646431326362302d333463612d313166302d383166662d3734353633633437336235330000000847616c6146616365003b9256fb3d07c8000000"
}