{
  "frame_id": 401,
  "timestamp": "2025-05-19T18:04:28.098747",
  "input_values": [
    0.0,
    0.0,
    0.0,
    0.0,
    0.0,
    0.0,
    0.0,
    0.0,
    0.0,
    0.0,
    0.0,
    0.0,
    0.0,
    0.0,
    0.0035870238207280636,
    0.00015650500427000225,
    0.020875830203294754,
    0.052556585520505905,
    -8.011730824364349e-05,
    0.01920967921614647,
    0.0004269512719474733,
    0.0005610728403553367,
    0.0028145185206085443,
    0.11821366846561432,
    0.09630726277828217,
    -9.016881085699424e-05,
    -2.9527718652389012e-05,
    0.030846958979964256,
    0.03013569489121437,
    0.023981686681509018,
    0.021490715444087982,
    0.00011795546015491709,
    0.0039308443665504456,
    -0.00013092879089526832,
    0.0011306212982162833,
    0.0045515368692576885,
    0.006021327804774046,
    0.14549189805984497,
    0.15853816270828247,
    0.039458129554986954,
    0.04582492262125015,
    0.6379442811012268,
    0.6377755999565125,
    0.220815509557724,
    1.1997311958111823e-05,
    -5.2830815548077226e-05,
    0.002794613828882575,
    0.04540608078241348,
    0.05833694338798523,
    0.011638883501291275,
    0.02818641997873783,
    0.0
  ],
  "active_shapes": {
    "JawRight": 0.020875830203294754,
    "JawOpen": 0.052556585520505905,
    "MouthFunnel": 0.01920967921614647,
    "MouthSmileLeft": 0.11821366846561432,
    "MouthSmileRight": 0.09630726277828217,
    "MouthDimpleLeft": 0.030846958979964256,
    "MouthDimpleRight": 0.03013569489121437,
    "MouthStretchLeft": 0.023981686681509018,
    "MouthStretchRight": 0.021490715444087982,
    "MouthLowerDownLeft": 0.14549189805984497,
    "MouthLowerDownRight": 0.15853816270828247,
    "MouthUpperUpLeft": 0.039458129554986954,
    "MouthUpperUpRight": 0.04582492262125015,
    "BrowDownLeft": 0.6379442811012268,
    "BrowDownRight": 0.6377755999565125,
    "BrowInnerUp": 0.220815509557724,
    "CheekSquintLeft": 0.04540608078241348,
    "CheekSquintRight": 0.05833694338798523,
    "NoseSneerLeft": 0.011638883501291275,
    "NoseSneerRight": 0.02818641997873783
  },
  "packet_size": 314,
  "packet_hex_preview": "060000002464646431326362302d333463612d313166302d383166662d3734353633633437336235330000000847616c6146616365003b9255fb3d07c8000000"
}