{
  "frame_id": 95,
  "timestamp": "2025-05-19T18:04:18.374895",
  "input_values": [
    0.0,
    0.0,
    0.0,
    0.0,
    0.0,
    0.0,
    0.0,
    0.0,
    0.0,
    0.0,
    0.0,
    0.0,
    0.0,
    0.0,
    0.016366010531783104,
    0.00018595077563077211,
    0.03352384269237518,
    0.16914518177509308,
    0.00022402811737265438,
    0.18821707367897034,
    0.020447110757231712,
    0.001008682302199304,
    0.00034664757549762726,
    0.14338418841362,
    0.14080023765563965,
    -2.296489583386574e-05,
    7.032565918052569e-05,
    0.010036731138825417,
    0.009287032298743725,
    0.007160693407058716,
    0.004936811979860067,
    -0.00022723106667399406,
    0.0020976148080080748,
    0.0002033388300333172,
    0.017829768359661102,
    0.00487549789249897,
    0.005821164231747389,
    0.3373659551143646,
    0.34612324833869934,
    0.15862056612968445,
    0.16356199979782104,
    0.09663867950439453,
    0.09656443446874619,
    0.10621562600135803,
    0.011809310875833035,
    0.0118891391903162,
    -0.0007858419558033347,
    0.09114005416631699,
    0.09820952266454697,
    0.06465709954500198,
    0.07779357582330704,
    0.0
  ],
  "active_shapes": {
    "JawForward": 0.016366010531783104,
    "JawRight": 0.03352384269237518,
    "JawOpen": 0.16914518177509308,
    "MouthFunnel": 0.18821707367897034,
    "MouthPucker": 0.020447110757231712,
    "MouthSmileLeft": 0.14338418841362,
    "MouthSmileRight": 0.14080023765563965,
    "MouthDimpleLeft": 0.010036731138825417,
    "MouthShrugUpper": 0.017829768359661102,
    "MouthLowerDownLeft": 0.3373659551143646,
    "MouthLowerDownRight": 0.34612324833869934,
    "MouthUpperUpLeft": 0.15862056612968445,
    "MouthUpperUpRight": 0.16356199979782104,
    "BrowDownLeft": 0.09663867950439453,
    "BrowDownRight": 0.09656443446874619,
    "BrowInnerUp": 0.10621562600135803,
    "BrowOuterUpLeft": 0.011809310875833035,
    "BrowOuterUpRight": 0.0118891391903162,
    "CheekSquintLeft": 0.09114005416631699,
    "CheekSquintRight": 0.09820952266454697,
    "NoseSneerLeft": 0.06465709954500198,
    "NoseSneerRight": 0.07779357582330704
  },
  "packet_size": 314,
  "packet_hex_preview": "060000002464646431326362302d333463612d313166302d383166662d3734353633633437336235330000000847616c6146616365003b900efb3d07c8000000"
}