{
  "frame_id": 458,
  "timestamp": "2025-05-19T18:04:29.941709",
  "input_values": [
    0.0,
    0.0,
    0.0,
    0.0,
    0.0,
    0.0,
    0.0,
    0.0,
    0.0,
    0.0,
    0.0,
    0.0,
    0.0,
    0.0,
    0.0066684577614068985,
    0.00011225116031710058,
    0.01289895735681057,
    0.07476657629013062,
    0.0008529212791472673,
    0.043641336262226105,
    0.00023426261032000184,
    0.0067489659413695335,
    -4.842463386012241e-05,
    0.0959751084446907,
    0.08589138090610504,
    -1.9063249055761844e-05,
    -2.7007024982594885e-05,
    0.016067441552877426,
    0.015491901896893978,
    0.030554916709661484,
    0.03271428495645523,
    0.0002064262080239132,
    0.004120018798857927,
    -9.681009032647125e-06,
    7.234120857901871e-05,
    0.0005397630739025772,
    0.0007654038490727544,
    0.16821086406707764,
    0.16408464312553406,
    0.037564028054475784,
    0.03598599508404732,
    0.003275213297456503,
    0.0031265653669834137,
    0.03667464107275009,
    0.029988126829266548,
    0.03007304109632969,
    -0.0001556406932650134,
    0.020360857248306274,
    0.023314006626605988,
    0.00013938553456682712,
    0.001443642657250166,
    0.0
  ],
  "active_shapes": {
    "JawRight": 0.01289895735681057,
    "JawOpen": 0.07476657629013062,
    "MouthFunnel": 0.043641336262226105,
    "MouthSmileLeft": 0.0959751084446907,
    "MouthSmileRight": 0.08589138090610504,
    "MouthDimpleLeft": 0.016067441552877426,
    "MouthDimpleRight": 0.015491901896893978,
    "MouthStretchLeft": 0.030554916709661484,
    "MouthStretchRight": 0.03271428495645523,
    "MouthLowerDownLeft": 0.16821086406707764,
    "MouthLowerDownRight": 0.16408464312553406,
    "MouthUpperUpLeft": 0.037564028054475784,
    "MouthUpperUpRight": 0.03598599508404732,
    "BrowInnerUp": 0.03667464107275009,
    "BrowOuterUpLeft": 0.029988126829266548,
    "BrowOuterUpRight": 0.03007304109632969,
    "CheekSquintLeft": 0.020360857248306274,
    "CheekSquintRight": 0.023314006626605988
  },
  "packet_size": 314,
  "packet_hex_preview": "060000002464646431326362302d333463612d313166302d383166662d3734353633633437336235330000000847616c6146616365003b92c4fb3d07c8000000"
}