{
  "frame_id": 488,
  "timestamp": "2025-05-19T18:04:30.857424",
  "input_values": [
    0.0,
    0.0,
    0.0,
    0.0,
    0.0,
    0.0,
    0.0,
    0.0,
    0.0,
    0.0,
    0.0,
    0.0,
    0.0,
    0.0,
    0.042907390743494034,
    0.00018284664838574827,
    0.03173927962779999,
    0.15835750102996826,
    4.753162284032442e-05,
    0.2837611138820648,
    0.0010777483694255352,
    0.009654712863266468,
    -6.758911331417039e-05,
    0.049583252519369125,
    0.04383378475904465,
    0.00016519863856956363,
    0.00023692302056588233,
    0.01380071509629488,
    0.010292948223650455,
    0.07257641106843948,
    0.06795911490917206,
    2.736361784627661e-05,
    0.006127003580331802,
    -3.0866896850056946e-05,
    0.00330412108451128,
    0.001697469037026167,
    0.002621159190312028,
    0.3913347125053406,
    0.3896655738353729,
    0.17795665562152863,
    0.18155233561992645,
    -1.9697099560289644e-05,
    -9.765475988388062e-05,
    0.4770919680595398,
    0.41940417885780334,
    0.4195531904697418,
    0.0011513062054291368,
    0.05765337124466896,
    0.05991267040371895,
    0.0013872231356799603,
    0.011562692932784557,
    0.0
  ],
  "active_shapes": {
    "JawForward": 0.042907390743494034,
    "JawRight": 0.03173927962779999,
    "JawOpen": 0.15835750102996826,
    "MouthFunnel": 0.2837611138820648,
    "MouthSmileLeft": 0.049583252519369125,
    "MouthSmileRight": 0.04383378475904465,
    "MouthDimpleLeft": 0.01380071509629488,
    "MouthDimpleRight": 0.010292948223650455,
    "MouthStretchLeft": 0.07257641106843948,
    "MouthStretchRight": 0.06795911490917206,
    "MouthLowerDownLeft": 0.3913347125053406,
    "MouthLowerDownRight": 0.3896655738353729,
    "MouthUpperUpLeft": 0.17795665562152863,
    "MouthUpperUpRight": 0.18155233561992645,
    "BrowInnerUp": 0.4770919680595398,
    "BrowOuterUpLeft": 0.41940417885780334,
    "BrowOuterUpRight": 0.4195531904697418,
    "CheekSquintLeft": 0.05765337124466896,
    "CheekSquintRight": 0.05991267040371895,
    "NoseSneerRight": 0.011562692932784557
  },
  "packet_size": 314,
  "packet_hex_preview": "060000002464646431326362302d333463612d313166302d383166662d3734353633633437336235330000000847616c6146616365003b92fbfb3d07c8000000"
}