{
  "frame_id": 262,
  "timestamp": "2025-05-19T18:04:23.708178",
  "input_values": [
    0.0,
    0.0,
    0.0,
    0.0,
    0.0,
    0.0,
    0.0,
    0.0,
    0.0,
    0.0,
    0.0,
    0.0,
    0.0,
    0.0,
    0.008429228328168392,
    0.00011094362707808614,
    0.0008514323853887618,
    0.057630542665719986,
    0.019082091748714447,
    0.04400183632969856,
    0.00020263544865883887,
    0.015170859172940254,
    -0.00010438208119012415,
    0.03706234693527222,
    0.025337567552924156,
    -2.4757398932706565e-05,
    0.00012320918904151767,
    0.016090864315629005,
    0.01446353830397129,
    0.04760899022221565,
    0.04256207123398781,
    0.0038155741058290005,
    0.010448669083416462,
    5.8111556427320465e-05,
    -9.480618609813973e-05,
    -1.239806351804873e-05,
    0.0003294371999800205,
    0.1109732836484909,
    0.10000914335250854,
    0.002400701865553856,
    0.0006349350442178547,
    0.0001194268770632334,
    -0.0001221976854139939,
    0.11431030184030533,
    0.14804813265800476,
    0.14827275276184082,
    0.0003756729420274496,
    0.014900611713528633,
    0.01450029481202364,
    0.00017426031990908086,
    -0.0001089333018171601,
    0.0
  ],
  "active_shapes": {
    "JawOpen": 0.057630542665719986,
    "MouthClose": 0.019082091748714447,
    "MouthFunnel": 0.04400183632969856,
    "MouthLeft": 0.015170859172940254,
    "MouthSmileLeft": 0.03706234693527222,
    "MouthSmileRight": 0.025337567552924156,
    "MouthDimpleLeft": 0.016090864315629005,
    "MouthDimpleRight": 0.01446353830397129,
    "MouthStretchLeft": 0.04760899022221565,
    "MouthStretchRight": 0.04256207123398781,
    "MouthRollUpper": 0.010448669083416462,
    "MouthLowerDownLeft": 0.1109732836484909,
    "MouthLowerDownRight": 0.10000914335250854,
    "BrowInnerUp": 0.11431030184030533,
    "BrowOuterUpLeft": 0.14804813265800476,
    "BrowOuterUpRight": 0.14827275276184082,
    "CheekSquintLeft": 0.014900611713528633,
    "CheekSquintRight": 0.01450029481202364
  },
  "packet_size": 314,
  "packet_hex_preview": "060000002464646431326362302d333463612d313166302d383166662d3734353633633437336235330000000847616c6146616365003b914efb3d07c8000000"
}