{
  "frame_id": 141,
  "timestamp": "2025-05-19T18:04:19.718696",
  "input_values": [
    0.0,
    0.0,
    0.0,
    0.0,
    0.0,
    0.0,
    0.0,
    0.0,
    0.0,
    0.0,
    0.0,
    0.0,
    0.0,
    0.0,
    0.005471890792250633,
    0.00019488106772769243,
    0.016460705548524857,
    0.07714486867189407,
    6.485869380412623e-05,
    0.07058396190404892,
    0.01294486504048109,
    -7.065329555189237e-05,
    0.006574992090463638,
    0.09819845110177994,
    0.08995307981967926,
    -2.6487530703889206e-05,
    -7.24235869711265e-05,
    0.023163549602031708,
    0.023466451093554497,
    0.013909854926168919,
    0.006689320784062147,
    7.027613173704594e-05,
    0.0029224499594420195,
    0.0007566332933492959,
    0.007764098700135946,
    0.008578482083976269,
    0.00971717108041048,
    0.20288796722888947,
    0.21667169034481049,
    0.07924187928438187,
    0.09036827087402344,
    0.7099854946136475,
    0.7097878456115723,
    0.1485888510942459,
    4.267804342816817e-06,
    -3.0795483326073736e-05,
    0.0017895144410431385,
    0.04511626809835434,
    0.058822132647037506,
    0.06580663472414017,
    0.07505398988723755,
    0.0
  ],
  "active_shapes": {
    "JawRight": 0.016460705548524857,
    "JawOpen": 0.07714486867189407,
    "MouthFunnel": 0.07058396190404892,
    "MouthPucker": 0.01294486504048109,
    "MouthSmileLeft": 0.09819845110177994,
    "MouthSmileRight": 0.08995307981967926,
    "MouthDimpleLeft": 0.023163549602031708,
    "MouthDimpleRight": 0.023466451093554497,
    "MouthStretchLeft": 0.013909854926168919,
    "MouthLowerDownLeft": 0.20288796722888947,
    "MouthLowerDownRight": 0.21667169034481049,
    "MouthUpperUpLeft": 0.07924187928438187,
    "MouthUpperUpRight": 0.09036827087402344,
    "BrowDownLeft": 0.7099854946136475,
    "BrowDownRight": 0.7097878456115723,
    "BrowInnerUp": 0.1485888510942459,
    "CheekSquintLeft": 0.04511626809835434,
    "CheekSquintRight": 0.058822132647037506,
    "NoseSneerLeft": 0.06580663472414017,
    "NoseSneerRight": 0.07505398988723755
  },
  "packet_size": 314,
  "packet_hex_preview": "060000002464646431326362302d333463612d313166302d383166662d3734353633633437336235330000000847616c6146616365003b905ffb3d07c8000000"
}