{
  "frame_id": 273,
  "timestamp": "2025-05-19T18:04:24.169833",
  "input_values": [
    0.0,
    0.0,
    0.0,
    0.0,
    0.0,
    0.0,
    0.0,
    0.0,
    0.0,
    0.0,
    0.0,
    0.0,
    0.0,
    0.0,
    0.05197998881340027,
    0.00018726328562479466,
    0.02043900452554226,
    0.09513949602842331,
    0.018481414765119553,
    0.08806238323450089,
    0.00020769225375261158,
    -0.000292578071821481,
    0.009662248194217682,
    0.38768860697746277,
    0.39220863580703735,
    0.00015111225366126746,
    -0.00023315705766435713,
    0.05620986968278885,
    0.061027612537145615,
    0.07675854116678238,
    0.07580983638763428,
    0.0009723636321723461,
    0.01666812226176262,
    0.002045896602794528,
    0.04639514535665512,
    0.0032270050141960382,
    0.004275590647011995,
    0.27307066321372986,
    0.27956897020339966,
    0.19460536539554596,
    0.1980426162481308,
    0.08218182623386383,
    0.08206354826688766,
    0.0660194605588913,
    9.522549589746632e-06,
    0.00016660556138958782,
    -0.00080441206227988,
    0.22351570427417755,
    0.2505336105823517,
    0.17983298003673553,
    0.20887607336044312,
    0.0
  ],
  "active_shapes": {
    "JawForward": 0.05197998881340027,
    "JawRight": 0.02043900452554226,
    "JawOpen": 0.09513949602842331,
    "MouthClose": 0.018481414765119553,
    "MouthFunnel": 0.08806238323450089,
    "MouthSmileLeft": 0.38768860697746277,
    "MouthSmileRight": 0.39220863580703735,
    "MouthDimpleLeft": 0.05620986968278885,
    "MouthDimpleRight": 0.061027612537145615,
    "MouthStretchLeft": 0.07675854116678238,
    "MouthStretchRight": 0.07580983638763428,
    "MouthRollUpper": 0.01666812226176262,
    "MouthShrugUpper": 0.04639514535665512,
    "MouthLowerDownLeft": 0.27307066321372986,
    "MouthLowerDownRight": 0.27956897020339966,
    "MouthUpperUpLeft": 0.19460536539554596,
    "MouthUpperUpRight": 0.1980426162481308,
    "BrowDownLeft": 0.08218182623386383,
    "BrowDownRight": 0.08206354826688766,
    "BrowInnerUp": 0.0660194605588913,
    "CheekSquintLeft": 0.22351570427417755,
    "CheekSquintRight": 0.2505336105823517,
    "NoseSneerLeft": 0.17983298003673553,
    "NoseSneerRight": 0.20887607336044312
  },
  "packet_size": 314,
  "packet_hex_preview": "060000002464646431326362302d333463612d313166302d383166662d3734353633633437336235330000000847616c6146616365003b916afb3d07c8000000"
}