{
  "frame_id": 237,
  "timestamp": "2025-05-19T18:04:22.784400",
  "input_values": [
    0.0,
    0.0,
    0.0,
    0.0,
    0.0,
    0.0,
    0.0,
    0.0,
    0.0,
    0.0,
    0.0,
    0.0,
    0.0,
    0.0,
    0.00489118741825223,
    0.0001851293200161308,
    0.004785829223692417,
    0.02024262025952339,
    0.012309474870562553,
    0.018315035849809647,
    0.022918175905942917,
    -0.00038967374712228775,
    0.0023907655850052834,
    0.036308616399765015,
    0.05455709621310234,
    -0.0001693843223620206,
    -0.0001580367679707706,
    0.009157010354101658,
    0.010358690284192562,
    0.0023915949277579784,
    0.003246347652748227,
    0.00028160764486528933,
    0.0027922834269702435,
    0.0003656758926808834,
    0.0005436905776150525,
    0.004136005882173777,
    0.004477917216718197,
    0.02236134558916092,
    0.03014167584478855,
    -0.00024265210959129035,
    0.0035083680413663387,
    0.14049819111824036,
    0.14023223519325256,
    0.012987094931304455,
    -0.00025600806111469865,
    -0.00042181694880127907,
    0.0025299950502812862,
    0.02527039311826229,
    0.036261528730392456,
    0.011598698794841766,
    0.013300766237080097,
    0.0
  ],
  "active_shapes": {
    "JawOpen": 0.02024262025952339,
    "MouthClose": 0.012309474870562553,
    "MouthFunnel": 0.018315035849809647,
    "MouthPucker": 0.022918175905942917,
    "MouthSmileLeft": 0.036308616399765015,
    "MouthSmileRight": 0.05455709621310234,
    "MouthDimpleRight": 0.010358690284192562,
    "MouthLowerDownLeft": 0.02236134558916092,
    "MouthLowerDownRight": 0.03014167584478855,
    "BrowDownLeft": 0.14049819111824036,
    "BrowDownRight": 0.14023223519325256,
    "BrowInnerUp": 0.012987094931304455,
    "CheekSquintLeft": 0.02527039311826229,
    "CheekSquintRight": 0.036261528730392456,
    "NoseSneerLeft": 0.011598698794841766,
    "NoseSneerRight": 0.013300766237080097
  },
  "packet_size": 314,
  "packet_hex_preview": "060000002464646431326362302d333463612d313166302d383166662d3734353633633437336235330000000847616c6146616365003b9116fb3d07c8000000"
}