{
  "frame_id": 201,
  "timestamp": "2025-05-19T18:04:21.725202",
  "input_values": [
    0.0,
    0.0,
    0.0,
    0.0,
    0.0,
    0.0,
    0.0,
    0.0,
    0.0,
    0.0,
    0.0,
    0.0,
    0.0,
    0.0,
    0.006441199220716953,
    7.373515836661682e-05,
    0.012606057338416576,
    0.04135524481534958,
    -0.00016367035277653486,
    0.06340451538562775,
    0.004179789684712887,
    0.001367658842355013,
    2.7645713998936117e-05,
    0.04827112331986427,
    0.04452284425497055,
    4.6024153562029824e-05,
    4.949137655785307e-05,
    0.0012934824917465448,
    0.0005914883222430944,
    0.010273026302456856,
    0.008954105898737907,
    -6.64807521388866e-05,
    0.00032258653664030135,
    6.637095066253096e-05,
    0.004867544863373041,
    0.00028954155277460814,
    0.0005342509248293936,
    0.1389847844839096,
    0.14017122983932495,
    0.06555011123418808,
    0.06623639166355133,
    3.2745301723480225e-05,
    5.3469302656594664e-05,
    0.11347441375255585,
    0.07185964286327362,
    0.07189943641424179,
    -9.827168105402961e-05,
    0.013362398371100426,
    0.014902216382324696,
    0.0030088555067777634,
    0.006809356156736612,
    0.0
  ],
  "active_shapes": {
    "JawRight": 0.012606057338416576,
    "JawOpen": 0.04135524481534958,
    "MouthFunnel": 0.06340451538562775,
    "MouthSmileLeft": 0.04827112331986427,
    "MouthSmileRight": 0.04452284425497055,
    "MouthStretchLeft": 0.010273026302456856,
    "MouthLowerDownLeft": 0.1389847844839096,
    "MouthLowerDownRight": 0.14017122983932495,
    "MouthUpperUpLeft": 0.06555011123418808,
    "MouthUpperUpRight": 0.06623639166355133,
    "BrowInnerUp": 0.11347441375255585,
    "BrowOuterUpLeft": 0.07185964286327362,
    "BrowOuterUpRight": 0.07189943641424179,
    "CheekSquintLeft": 0.013362398371100426,
    "CheekSquintRight": 0.014902216382324696
  },
  "packet_size": 314,
  "packet_hex_preview": "060000002464646431326362302d333463612d313166302d383166662d3734353633633437336235330000000847616c6146616365003b90d7fb3d07c8000000"
}