{
  "frame_id": 164,
  "timestamp": "2025-05-19T18:04:20.512402",
  "input_values": [
    0.0,
    0.0,
    0.0,
    0.0,
    0.0,
    0.0,
    0.0,
    0.0,
    0.0,
    0.0,
    0.0,
    0.0,
    0.0,
    0.0,
    0.0077890995889902115,
    0.00011178246495546773,
    0.005487918853759766,
    0.03026457130908966,
    0.042797867208719254,
    0.0005269604735076427,
    0.00038449064595624804,
    0.0048874132335186005,
    0.0002414170012343675,
    0.0463460311293602,
    0.05063866078853607,
    -3.7494672142202035e-05,
    5.869348387932405e-05,
    0.015489735640585423,
    0.015316363424062729,
    0.045598000288009644,
    0.044821299612522125,
    0.02010599710047245,
    0.009609492495656013,
    5.131698344484903e-05,
    -0.00011221836757613346,
    0.0001439885381842032,
    0.00040916362195275724,
    0.056285254657268524,
    0.054586153477430344,
    2.7095540644950233e-05,
    0.00023270898964256048,
    0.00011702718620654196,
    4.5841632527299225e-05,
    0.14803893864154816,
    0.14915473759174347,
    0.14923083782196045,
    5.530545240617357e-05,
    0.018448922783136368,
    0.019968518987298012,
    -4.12902154494077e-05,
    0.00028039119206368923,
    0.0
  ],
  "active_shapes": {
    "JawOpen": 0.03026457130908966,
    "MouthClose": 0.042797867208719254,
    "MouthSmileLeft": 0.0463460311293602,
    "MouthSmileRight": 0.05063866078853607,
    "MouthDimpleLeft": 0.015489735640585423,
    "MouthDimpleRight": 0.015316363424062729,
    "MouthStretchLeft": 0.045598000288009644,
    "MouthStretchRight": 0.044821299612522125,
    "MouthRollLower": 0.02010599710047245,
    "MouthLowerDownLeft": 0.056285254657268524,
    "MouthLowerDownRight": 0.054586153477430344,
    "BrowInnerUp": 0.14803893864154816,
    "BrowOuterUpLeft": 0.14915473759174347,
    "BrowOuterUpRight": 0.14923083782196045,
    "CheekSquintLeft": 0.018448922783136368,
    "CheekSquintRight": 0.019968518987298012
  },
  "packet_size": 314,
  "packet_hex_preview": "060000002464646431326362302d333463612d313166302d383166662d3734353633633437336235330000000847616c6146616365003b908efb3d07c8000000"
}