{
  "frame_id": 381,
  "timestamp": "2025-05-19T18:04:27.616495",
  "input_values": [
    0.0,
    0.0,
    0.0,
    0.0,
    0.0,
    0.0,
    0.0,
    0.0,
    0.0,
    0.0,
    0.0,
    0.0,
    0.0,
    0.0,
    0.00044062602682970464,
    4.1736890125321224e-05,
    0.0021552168764173985,
    0.013779060915112495,
    0.0037876733113080263,
    0.008632843382656574,
    0.010758128948509693,
    0.0006897785933688283,
    0.00013508211122825742,
    0.014500434510409832,
    0.009410941042006016,
    -3.3219599572476e-05,
    1.0974154974974226e-05,
    0.0035735946148633957,
    0.003239025827497244,
    0.0002730262349359691,
    0.0002924547588918358,
    2.2190753952600062e-05,
    0.0013799052685499191,
    3.107070369878784e-05,
    0.00012735101336147636,
    0.001309158280491829,
    0.001433469238691032,
    0.018868770450353622,
    0.021009866148233414,
    0.0026377954054623842,
    0.0027969072107225657,
    0.0989198237657547,
    0.09887156635522842,
    0.008498703129589558,
    -3.442046727286652e-05,
    -3.6356716009322554e-05,
    0.0004363953194115311,
    0.007809375878423452,
    0.008839488960802555,
    0.005608616396784782,
    0.004904146306216717,
    0.0
  ],
  "active_shapes": {
    "JawOpen": 0.013779060915112495,
    "MouthPucker": 0.010758128948509693,
    "MouthSmileLeft": 0.014500434510409832,
    "MouthLowerDownLeft": 0.018868770450353622,
    "MouthLowerDownRight": 0.021009866148233414,
    "BrowDownLeft": 0.0989198237657547,
    "BrowDownRight": 0.09887156635522842
  },
  "packet_size": 314,
  "packet_hex_preview": "060000002464646431326362302d333463612d313166302d383166662d3734353633633437336235330000000847616c6146616365003b9238fb3d07c8000000"
}