{
  "frame_id": 476,
  "timestamp": "2025-05-19T18:04:30.383420",
  "input_values": [
    0.0,
    0.0,
    0.0,
    0.0,
    0.0,
    0.0,
    0.0,
    0.0,
    0.0,
    0.0,
    0.0,
    0.0,
    0.0,
    0.0,
    0.004875393584370613,
    0.0001899790222523734,
    0.010860148817300797,
    0.010467417538166046,
    0.0007178991218097508,
    0.0015733994077891111,
    0.000822042056825012,
    0.00011808019189629704,
    0.0012496296549215913,
    0.12726841866970062,
    0.11894180625677109,
    -1.0775151167763397e-05,
    5.9434998547658324e-05,
    0.020379766821861267,
    0.022207245230674744,
    0.006005896255373955,
    0.009978934191167355,
    0.00032439560163766146,
    0.0029100964311510324,
    0.0005096003296785057,
    0.0008650491945445538,
    0.005112035199999809,
    0.005471457727253437,
    0.0852290466427803,
    0.08677268028259277,
    0.019006287679076195,
    0.020913423970341682,
    0.3491302728652954,
    0.34882083535194397,
    0.005462408531457186,
    -7.807362999301404e-05,
    -0.00015501752204727381,
    0.000842138659209013,
    0.04326925799250603,
    0.05565168708562851,
    0.028928764164447784,
    0.028355635702610016,
    0.0
  ],
  "active_shapes": {
    "JawRight": 0.010860148817300797,
    "JawOpen": 0.010467417538166046,
    "MouthSmileLeft": 0.12726841866970062,
    "MouthSmileRight": 0.11894180625677109,
    "MouthDimpleLeft": 0.020379766821861267,
    "MouthDimpleRight": 0.022207245230674744,
    "MouthLowerDownLeft": 0.0852290466427803,
    "MouthLowerDownRight": 0.08677268028259277,
    "MouthUpperUpLeft": 0.019006287679076195,
    "MouthUpperUpRight": 0.020913423970341682,
    "BrowDownLeft": 0.3491302728652954,
    "BrowDownRight": 0.34882083535194397,
    "CheekSquintLeft": 0.04326925799250603,
    "CheekSquintRight": 0.05565168708562851,
    "NoseSneerLeft": 0.028928764164447784,
    "NoseSneerRight": 0.028355635702610016
  },
  "packet_size": 314,
  "packet_hex_preview": "060000002464646431326362302d333463612d313166302d383166662d3734353633633437336235330000000847616c6146616365003b92defb3d07c8000000"
}