{
  "frame_id": 337,
  "timestamp": "2025-05-19T18:04:26.095741",
  "input_values": [
    0.0,
    0.0,
    0.0,
    0.0,
    0.0,
    0.0,
    0.0,
    0.0,
    0.0,
    0.0,
    0.0,
    0.0,
    0.0,
    0.0,
    0.022858288139104843,
    0.0001836692972574383,
    0.038325145840644836,
    0.07511021941900253,
    -7.193873898359016e-05,
    0.14516371488571167,
    0.013933563604950905,
    0.006022621411830187,
    0.0003825290477834642,
    0.06596312671899796,
    0.05080248787999153,
    0.010117230005562305,
    0.01082269474864006,
    0.010323732160031796,
    0.00771775608882308,
    0.05035640671849251,
    0.05884556472301483,
    -7.35208232072182e-05,
    0.0016929314006119967,
    -0.00018301073578186333,
    0.004527268931269646,
    0.00042537934496067464,
    0.0011405034456402063,
    0.2568996250629425,
    0.2567305862903595,
    0.11741571128368378,
    0.11737526953220367,
    1.602128213562537e-05,
    5.738526670029387e-05,
    0.3158879578113556,
    0.24149265885353088,
    0.24165895581245422,
    -0.0001383077324135229,
    0.029532117769122124,
    0.03012150339782238,
    -0.0007498799241147935,
    0.0012337605003267527,
    0.0
  ],
  "active_shapes": {
    "JawForward": 0.022858288139104843,
    "JawRight": 0.038325145840644836,
    "JawOpen": 0.07511021941900253,
    "MouthFunnel": 0.14516371488571167,
    "MouthPucker": 0.013933563604950905,
    "MouthSmileLeft": 0.06596312671899796,
    "MouthSmileRight": 0.05080248787999153,
    "MouthFrownLeft": 0.010117230005562305,
    "MouthFrownRight": 0.01082269474864006,
    "MouthDimpleLeft": 0.010323732160031796,
    "MouthStretchLeft": 0.05035640671849251,
    "MouthStretchRight": 0.05884556472301483,
    "MouthLowerDownLeft": 0.2568996250629425,
    "MouthLowerDownRight": 0.2567305862903595,
    "MouthUpperUpLeft": 0.11741571128368378,
    "MouthUpperUpRight": 0.11737526953220367,
    "BrowInnerUp": 0.3158879578113556,
    "BrowOuterUpLeft": 0.24149265885353088,
    "BrowOuterUpRight": 0.24165895581245422,
    "CheekSquintLeft": 0.029532117769122124,
    "CheekSquintRight": 0.03012150339782238
  },
  "packet_size": 314,
  "packet_hex_preview": "060000002464646431326362302d333463612d313166302d383166662d3734353633633437336235330000000847616c6146616365003b91ddfb3d07c8000000"
}