{
  "frame_id": 108,
  "timestamp": "2025-05-19T18:04:18.783322",
  "input_values": [
    0.0,
    0.0,
    0.0,
    0.0,
    0.0,
    0.0,
    0.0,
    0.0,
    0.0,
    0.0,
    0.0,
    0.0,
    0.0,
    0.0,
    0.009366056881844997,
    0.00012047382188029587,
    0.0015986207872629166,
    0.05735233426094055,
    0.030204374343156815,
    0.04301553964614868,
    0.014071773737668991,
    0.006674192845821381,
    0.00453988928347826,
    0.009812085889279842,
    0.007879321463406086,
    -8.956430247053504e-05,
    -8.19358101580292e-05,
    0.009470629505813122,
    0.009060042910277843,
    0.03037634864449501,
    0.03298721835017204,
    0.0003402777365408838,
    0.006572178564965725,
    -1.8217586330138147e-05,
    8.67811540956609e-05,
    0.0001724965695757419,
    0.0004783480544574559,
    0.07388923317193985,
    0.0767902061343193,
    2.7904361559194513e-06,
    0.0006568706594407558,
    0.0003023928729817271,
    0.00030723935924470425,
    0.07782857120037079,
    0.05547016113996506,
    0.05548826977610588,
    0.0007179448730312288,
    0.014659836888313293,
    0.02046908810734749,
    0.0008589757489971817,
    0.0031528305262327194,
    0.0
  ],
  "active_shapes": {
    "JawOpen": 0.05735233426094055,
    "MouthClose": 0.030204374343156815,
    "MouthFunnel": 0.04301553964614868,
    "MouthPucker": 0.014071773737668991,
    "MouthStretchLeft": 0.03037634864449501,
    "MouthStretchRight": 0.03298721835017204,
    "MouthLowerDownLeft": 0.07388923317193985,
    "MouthLowerDownRight": 0.0767902061343193,
    "BrowInnerUp": 0.07782857120037079,
    "BrowOuterUpLeft": 0.05547016113996506,
    "BrowOuterUpRight": 0.05548826977610588,
    "CheekSquintLeft": 0.014659836888313293,
    "CheekSquintRight": 0.02046908810734749
  },
  "packet_size": 314,
  "packet_hex_preview": "060000002464646431326362302d333463612d313166302d383166662d3734353633633437336235330000000847616c6146616365003b9026fb3d07c8000000"
}