{
  "frame_id": 491,
  "timestamp": "2025-05-19T18:04:30.912903",
  "input_values": [
    0.0,
    0.0,
    0.0,
    0.0,
    0.0,
    0.0,
    0.0,
    0.0,
    0.0,
    0.0,
    0.0,
    0.0,
    0.0,
    0.0,
    0.0024089342914521694,
    0.0001882505603134632,
    0.014980797655880451,
    0.07005438953638077,
    0.00036324371467344463,
    0.07112742215394974,
    0.0012860213173553348,
    0.0012225416721776128,
    0.0015331472968682647,
    0.07276970148086548,
    0.055181268602609634,
    2.1500763978110626e-05,
    6.324284186121076e-05,
    0.02015828527510166,
    0.019671328365802765,
    0.03211807832121849,
    0.03279945254325867,
    0.0002579340653028339,
    0.0052023883908987045,
    -2.089180043185479e-06,
    0.0005932245985604823,
    0.005065255332738161,
    0.005570686887949705,
    0.18307434022426605,
    0.18965068459510803,
    0.031164733693003654,
    0.03699837625026703,
    0.4358076751232147,
    0.43550312519073486,
    0.1027505025267601,
    0.004521915689110756,
    0.004474769812077284,
    0.00143095210660249,
    0.038442179560661316,
    0.045528825372457504,
    0.010776941664516926,
    0.008712098002433777,
    0.0
  ],
  "active_shapes": {
    "JawRight": 0.014980797655880451,
    "JawOpen": 0.07005438953638077,
    "MouthFunnel": 0.07112742215394974,
    "MouthSmileLeft": 0.07276970148086548,
    "MouthSmileRight": 0.055181268602609634,
    "MouthDimpleLeft": 0.02015828527510166,
    "MouthDimpleRight": 0.019671328365802765,
    "MouthStretchLeft": 0.03211807832121849,
    "MouthStretchRight": 0.03279945254325867,
    "MouthLowerDownLeft": 0.18307434022426605,
    "MouthLowerDownRight": 0.18965068459510803,
    "MouthUpperUpLeft": 0.031164733693003654,
    "MouthUpperUpRight": 0.03699837625026703,
    "BrowDownLeft": 0.4358076751232147,
    "BrowDownRight": 0.43550312519073486,
    "BrowInnerUp": 0.1027505025267601,
    "CheekSquintLeft": 0.038442179560661316,
    "CheekSquintRight": 0.045528825372457504,
    "NoseSneerLeft": 0.010776941664516926
  },
  "packet_size": 314,
  "packet_hex_preview": "060000002464646431326362302d333463612d313166302d383166662d3734353633633437336235330000000847616c6146616365003b92fefb3d07c8000000"
}