{
  "frame_id": 703,
  "timestamp": "2025-05-19T18:04:41.848631",
  "input_values": [
    0.0,
    0.0,
    0.0,
    0.0,
    0.0,
    0.0,
    0.0,
    0.0,
    0.0,
    0.0,
    0.0,
    0.0,
    0.0,
    0.0,
    0.0005579626304097474,
    3.757316881092265e-05,
    0.004039612598717213,
    0.005259460769593716,
    1.6029873222578317e-05,
    0.005918907001614571,
    0.010621670633554459,
    -3.7027573853265494e-05,
    0.0019040288170799613,
    0.012775981798768044,
    0.009736252017319202,
    -7.660711162316147e-06,
    1.665101808612235e-05,
    0.0033840287942439318,
    0.003304725047200918,
    0.002110872883349657,
    0.001463981345295906,
    2.5637689759605564e-05,
    0.0003322349803056568,
    0.00019653013441711664,
    0.0020330764818936586,
    0.0013534859754145145,
    0.0016122296219691634,
    0.01757172867655754,
    0.01965106651186943,
    0.008400536142289639,
    0.009933693334460258,
    0.15949150919914246,
    0.15945881605148315,
    0.060287702828645706,
    7.0958362812234554e-06,
    1.5718638906037086e-06,
    0.0006876449333503842,
    0.010321607813239098,
    0.012374087236821651,
    0.01365421712398529,
    0.015845872461795807,
    0.0
  ],
  "active_shapes": {
    "MouthPucker": 0.010621670633554459,
    "MouthSmileLeft": 0.012775981798768044,
    "MouthLowerDownLeft": 0.01757172867655754,
    "MouthLowerDownRight": 0.01965106651186943,
    "BrowDownLeft": 0.15949150919914246,
    "BrowDownRight": 0.15945881605148315,
    "BrowInnerUp": 0.060287702828645706,
    "CheekSquintLeft": 0.010321607813239098,
    "CheekSquintRight": 0.012374087236821651,
    "NoseSneerLeft": 0.01365421712398529,
    "NoseSneerRight": 0.015845872461795807
  },
  "packet_size": 314,
  "packet_hex_preview": "060000002464646431326362302d333463612d313166302d383166662d3734353633633437336235330000000847616c6146616365003b958efb3d07c8000000"
}