{
  "frame_id": 193,
  "timestamp": "2025-05-19T18:04:21.350704",
  "input_values": [
    0.0,
    0.0,
    0.0,
    0.0,
    0.0,
    0.0,
    0.0,
    0.0,
    0.0,
    0.0,
    0.0,
    0.0,
    0.0,
    0.0,
    0.022984152659773827,
    0.00018377504602540284,
    0.0270554069429636,
    0.04349344223737717,
    0.0004163284902460873,
    0.09606326371431351,
    0.0007595060742460191,
    0.0068354480899870396,
    0.00022476846061181277,
    0.1128624975681305,
    0.10663413256406784,
    8.102047286229208e-05,
    0.00015127472579479218,
    0.015106371603906155,
    0.013566731475293636,
    0.06863986700773239,
    0.07550925016403198,
    0.0016792055685073137,
    0.004215144086629152,
    0.00020273383415769786,
    0.0006275187479332089,
    0.0002095881791319698,
    0.0007658629328943789,
    0.16595467925071716,
    0.1623876541852951,
    0.07478298246860504,
    0.07060910016298294,
    0.004647033289074898,
    0.004568983800709248,
    0.40877652168273926,
    0.2954469919204712,
    0.29572585225105286,
    5.276713636703789e-05,
    0.0628030076622963,
    0.07282240688800812,
    2.7812645839730976e-06,
    0.0025248911697417498,
    0.0
  ],
  "active_shapes": {
    "JawForward": 0.022984152659773827,
    "JawRight": 0.0270554069429636,
    "JawOpen": 0.04349344223737717,
    "MouthFunnel": 0.09606326371431351,
    "MouthSmileLeft": 0.1128624975681305,
    "MouthSmileRight": 0.10663413256406784,
    "MouthDimpleLeft": 0.015106371603906155,
    "MouthDimpleRight": 0.013566731475293636,
    "MouthStretchLeft": 0.06863986700773239,
    "MouthStretchRight": 0.07550925016403198,
    "MouthLowerDownLeft": 0.16595467925071716,
    "MouthLowerDownRight": 0.1623876541852951,
    "MouthUpperUpLeft": 0.07478298246860504,
    "MouthUpperUpRight": 0.07060910016298294,
    "BrowInnerUp": 0.40877652168273926,
    "BrowOuterUpLeft": 0.2954469919204712,
    "BrowOuterUpRight": 0.29572585225105286,
    "CheekSquintLeft": 0.0628030076622963,
    "CheekSquintRight": 0.07282240688800812
  },
  "packet_size": 314,
  "packet_hex_preview": "060000002464646431326362302d333463612d313166302d383166662d3734353633633437336235330000000847616c6146616365003b90c1fb3d07c8000000"
}