{
  "frame_id": 503,
  "timestamp": "2025-05-19T18:04:31.466337",
  "input_values": [
    0.0,
    0.0,
    0.0,
    0.0,
    0.0,
    0.0,
    0.0,
    0.0,
    0.0,
    0.0,
    0.0,
    0.0,
    0.0,
    0.0,
    0.005007764790207148,
    0.000156870431965217,
    0.013485443778336048,
    0.019949380308389664,
    0.016962740570306778,
    0.011657048016786575,
    0.02127484790980816,
    0.0008220362360589206,
    0.0037435051053762436,
    0.046408094465732574,
    0.04806160181760788,
    -5.387339479057118e-05,
    -8.048397285165265e-05,
    0.012661936692893505,
    0.012920394539833069,
    0.004950202070176601,
    0.009019946679472923,
    0.00023803688236512244,
    0.005110401194542646,
    0.0001606125442776829,
    0.0003163684450555593,
    0.0030817952938377857,
    0.0032570220064371824,
    0.04253577068448067,
    0.04895666986703873,
    0.0021931130904704332,
    0.005961054004728794,
    0.13501791656017303,
    0.13488224148750305,
    0.005155394319444895,
    0.005278734024614096,
    0.005285857245326042,
    0.0003865381586365402,
    0.03656154125928879,
    0.041900236159563065,
    0.014108861796557903,
    0.011870321817696095,
    0.0
  ],
  "active_shapes": {
    "JawRight": 0.013485443778336048,
    "JawOpen": 0.019949380308389664,
    "MouthClose": 0.016962740570306778,
    "MouthFunnel": 0.011657048016786575,
    "MouthPucker": 0.02127484790980816,
    "MouthSmileLeft": 0.046408094465732574,
    "MouthSmileRight": 0.04806160181760788,
    "MouthDimpleLeft": 0.012661936692893505,
    "MouthDimpleRight": 0.012920394539833069,
    "MouthLowerDownLeft": 0.04253577068448067,
    "MouthLowerDownRight": 0.04895666986703873,
    "BrowDownLeft": 0.13501791656017303,
    "BrowDownRight": 0.13488224148750305,
    "CheekSquintLeft": 0.03656154125928879,
    "CheekSquintRight": 0.041900236159563065,
    "NoseSneerLeft": 0.014108861796557903,
    "NoseSneerRight": 0.011870321817696095
  },
  "packet_size": 314,
  "packet_hex_preview": "060000002464646431326362302d333463612d313166302d383166662d3734353633633437336235330000000847616c6146616365003b931ffb3d07c8000000"
}