{
  "frame_id": 724,
  "timestamp": "2025-05-19T18:04:42.974278",
  "input_values": [
    0.0,
    0.0,
    0.0,
    0.0,
    0.0,
    0.0,
    0.0,
    0.0,
    0.0,
    0.0,
    0.0,
    0.0,
    0.0,
    0.0,
    0.000767382385674864,
    3.75731942767743e-05,
    0.004156393464654684,
    0.003334013046696782,
    -5.963846342638135e-05,
    0.00021916083642281592,
    9.309884626418352e-05,
    0.00025207101134583354,
    0.0005270763067528605,
    0.026565294712781906,
    0.021078387275338173,
    -1.4108065897744382e-06,
    -5.182876520848367e-06,
    0.005338300485163927,
    0.005214127246290445,
    0.00010137534991372377,
    6.507111538667232e-05,
    8.139842248056084e-05,
    0.0009159678593277931,
    5.191477248445153e-05,
    0.0010413157287985086,
    0.0015761550748720765,
    0.001809965819120407,
    0.019008155912160873,
    0.020340843126177788,
    0.007841669023036957,
    0.008515076711773872,
    0.11914795637130737,
    0.11908356100320816,
    0.02490878477692604,
    -2.534578015911393e-05,
    -3.823855513473973e-05,
    0.00040453989640809596,
    0.01186733040958643,
    0.013591049239039421,
    0.007914320565760136,
    0.008152356371283531,
    0.0
  ],
  "active_shapes": {
    "MouthSmileLeft": 0.026565294712781906,
    "MouthSmileRight": 0.021078387275338173,
    "MouthLowerDownLeft": 0.019008155912160873,
    "MouthLowerDownRight": 0.020340843126177788,
    "BrowDownLeft": 0.11914795637130737,
    "BrowDownRight": 0.11908356100320816,
    "BrowInnerUp": 0.02490878477692604,
    "CheekSquintLeft": 0.01186733040958643,
    "CheekSquintRight": 0.013591049239039421
  },
  "packet_size": 314,
  "packet_hex_preview": "060000002464646431326362302d333463612d313166302d383166662d3734353633633437336235330000000847616c6146616365003b95d2fb3d07c8000000"
}