{
  "frame_id": 731,
  "timestamp": "2025-05-19T18:04:43.340713",
  "input_values": [
    0.0,
    0.0,
    0.0,
    0.0,
    0.0,
    0.0,
    0.0,
    0.0,
    0.0,
    0.0,
    0.0,
    0.0,
    0.0,
    0.0,
    0.0002735747548285872,
    3.789137917920016e-05,
    0.001913536572828889,
    0.00024837657110765576,
    -3.6006174923386425e-05,
    -8.439346856903285e-05,
    0.00018888626073021442,
    6.03570842940826e-05,
    0.00037356530083343387,
    0.03527244180440903,
    0.029865816235542297,
    -4.5103670345270075e-06,
    1.541732308396604e-05,
    0.005636501591652632,
    0.005847444292157888,
    0.00032568551250733435,
    3.096558430115692e-05,
    0.00031495612347498536,
    0.0006288093863986433,
    0.00020756172307301313,
    0.0006291299941949546,
    0.001847566687501967,
    0.002115983283147216,
    0.02499637007713318,
    0.02565332129597664,
    0.004015547223389149,
    0.004275309853255749,
    0.15184897184371948,
    0.1518252193927765,
    0.043919533491134644,
    -3.370044214534573e-05,
    -2.4504930479452014e-05,
    0.0005156618426553905,
    0.011531052179634571,
    0.01442733220756054,
    0.015380283817648888,
    0.01653510518372059,
    0.0
  ],
  "active_shapes": {
    "MouthSmileLeft": 0.03527244180440903,
    "MouthSmileRight": 0.029865816235542297,
    "MouthLowerDownLeft": 0.02499637007713318,
    "MouthLowerDownRight": 0.02565332129597664,
    "BrowDownLeft": 0.15184897184371948,
    "BrowDownRight": 0.1518252193927765,
    "BrowInnerUp": 0.043919533491134644,
    "CheekSquintLeft": 0.011531052179634571,
    "CheekSquintRight": 0.01442733220756054,
    "NoseSneerLeft": 0.015380283817648888,
    "NoseSneerRight": 0.01653510518372059
  },
  "packet_size": 314,
  "packet_hex_preview": "060000002464646431326362302d333463612d313166302d383166662d3734353633633437336235330000000847616c6146616365003b95e8fb3d07c8000000"
}