{
  "frame_id": 10,
  "timestamp": "2025-05-19T18:04:15.604028",
  "input_values": [
    0.0,
    0.0,
    0.0,
    0.0,
    0.0,
    0.0,
    0.0,
    0.0,
    0.0,
    0.0,
    0.0,
    0.0,
    0.0,
    0.0,
    0.014776875264942646,
    0.00015106514911167324,
    0.017833784222602844,
    0.14574231207370758,
    0.001119093270972371,
    0.20210950076580048,
    0.037087101489305496,
    0.001194842392578721,
    0.0004421919002197683,
    0.03560207411646843,
    0.04698147624731064,
    -9.629521809983999e-05,
    4.776114656124264e-05,
    0.011549235321581364,
    0.012314964085817337,
    0.010344212874770164,
    0.013742079958319664,
    2.2628455553785898e-06,
    0.004702881909906864,
    0.00020391462021507323,
    0.0002907856251113117,
    0.0038928710855543613,
    0.004093631636351347,
    0.24013137817382812,
    0.2485600709915161,
    0.07397051900625229,
    0.0786801129579544,
    0.005827604793012142,
    0.005663256626576185,
    0.04445484280586243,
    0.014702608808875084,
    0.014741281978785992,
    0.001107408432289958,
    0.037707436829805374,
    0.03780676797032356,
    0.016408279538154602,
    0.01658560149371624,
    0.0
  ],
  "active_shapes": {
    "JawForward": 0.014776875264942646,
    "JawRight": 0.017833784222602844,
    "JawOpen": 0.14574231207370758,
    "MouthFunnel": 0.20210950076580048,
    "MouthPucker": 0.037087101489305496,
    "MouthSmileLeft": 0.03560207411646843,
    "MouthSmileRight": 0.04698147624731064,
    "MouthDimpleLeft": 0.011549235321581364,
    "MouthDimpleRight": 0.012314964085817337,
    "MouthStretchLeft": 0.010344212874770164,
    "MouthStretchRight": 0.013742079958319664,
    "MouthLowerDownLeft": 0.24013137817382812,
    "MouthLowerDownRight": 0.2485600709915161,
    "MouthUpperUpLeft": 0.07397051900625229,
    "MouthUpperUpRight": 0.0786801129579544,
    "BrowInnerUp": 0.04445484280586243,
    "BrowOuterUpLeft": 0.014702608808875084,
    "BrowOuterUpRight": 0.014741281978785992,
    "CheekSquintLeft": 0.037707436829805374,
    "CheekSquintRight": 0.03780676797032356,
    "NoseSneerLeft": 0.016408279538154602,
    "NoseSneerRight": 0.01658560149371624
  },
  "packet_size": 314,
  "packet_hex_preview": "060000002464646431326362302d333463612d313166302d383166662d3734353633633437336235330000000847616c6146616365003b8f68fb3d07c8000000"
}