{
  "frame_id": 230,
  "timestamp": "2025-05-19T18:04:22.716728",
  "input_values": [
    0.0,
    0.0,
    0.0,
    0.0,
    0.0,
    0.0,
    0.0,
    0.0,
    0.0,
    0.0,
    0.0,
    0.0,
    0.0,
    0.0,
    0.009282131679356098,
    0.00012748592416755855,
    0.012671928852796555,
    0.05285114422440529,
    0.00014196174743119627,
    0.040069080889225006,
    0.0007306375773623586,
    0.0007036513416096568,
    0.00039962396840564907,
    0.04895075410604477,
    0.04290011525154114,
    3.056191053474322e-05,
    -1.4028352779860143e-05,
    0.01649816520512104,
    0.016672860831022263,
    0.020822657272219658,
    0.01833336055278778,
    -0.00012078880536137149,
    0.0033275242894887924,
    -2.28626358875772e-05,
    0.0003949376696255058,
    0.0014630055520683527,
    0.001697933068498969,
    0.11130699515342712,
    0.1194005012512207,
    0.030858030542731285,
    0.03481469303369522,
    0.10366348177194595,
    0.1035258024930954,
    0.02617177926003933,
    0.014542736113071442,
    0.014507083222270012,
    -0.00015370173787232488,
    0.018089573830366135,
    0.02233751118183136,
    0.008499374613165855,
    0.0076019540429115295,
    0.0
  ],
  "active_shapes": {
    "JawRight": 0.012671928852796555,
    "JawOpen": 0.05285114422440529,
    "MouthFunnel": 0.040069080889225006,
    "MouthSmileLeft": 0.04895075410604477,
    "MouthSmileRight": 0.04290011525154114,
    "MouthDimpleLeft": 0.01649816520512104,
    "MouthDimpleRight": 0.016672860831022263,
    "MouthStretchLeft": 0.020822657272219658,
    "MouthStretchRight": 0.01833336055278778,
    "MouthLowerDownLeft": 0.11130699515342712,
    "MouthLowerDownRight": 0.1194005012512207,
    "MouthUpperUpLeft": 0.030858030542731285,
    "MouthUpperUpRight": 0.03481469303369522,
    "BrowDownLeft": 0.10366348177194595,
    "BrowDownRight": 0.1035258024930954,
    "BrowInnerUp": 0.02617177926003933,
    "BrowOuterUpLeft": 0.014542736113071442,
    "BrowOuterUpRight": 0.014507083222270012,
    "CheekSquintLeft": 0.018089573830366135,
    "CheekSquintRight": 0.02233751118183136
  },
  "packet_size": 314,
  "packet_hex_preview": "060000002464646431326362302d333463612d313166302d383166662d3734353633633437336235330000000847616c6146616365003b9112fb3d07c8000000"
}