{
  "frame_id": 521,
  "timestamp": "2025-05-19T18:04:32.291744",
  "input_values": [
    0.0,
    0.0,
    0.0,
    0.0,
    0.0,
    0.0,
    0.0,
    0.0,
    0.0,
    0.0,
    0.0,
    0.0,
    0.0,
    0.0,
    0.003192278789356351,
    3.7604313547490165e-05,
    0.0028376460541039705,
    0.025986269116401672,
    0.007411133497953415,
    0.08804260194301605,
    0.0003262105747126043,
    -4.6345208829734474e-05,
    0.0023832442238926888,
    0.014799177646636963,
    0.018755685538053513,
    2.9473460017470643e-05,
    -4.566086863633245e-05,
    0.006951753981411457,
    0.007524834480136633,
    0.020905999466776848,
    0.023838592693209648,
    0.00010960119834635407,
    0.0026496276259422302,
    2.7707748813554645e-05,
    0.0030185114592313766,
    0.0005696907755918801,
    0.0007048944244161248,
    0.03271378204226494,
    0.033264487981796265,
    0.013329160399734974,
    0.015031935647130013,
    0.011067384853959084,
    0.011057762429118156,
    0.02044852264225483,
    -1.8251634173793718e-05,
    1.8117874788003974e-05,
    0.00013462734932545573,
    0.018769923597574234,
    0.022121043875813484,
    0.0179964117705822,
    0.02213844284415245,
    0.0
  ],
  "active_shapes": {
    "JawOpen": 0.025986269116401672,
    "MouthFunnel": 0.08804260194301605,
    "MouthSmileLeft": 0.014799177646636963,
    "MouthSmileRight": 0.018755685538053513,
    "MouthStretchLeft": 0.020905999466776848,
    "MouthStretchRight": 0.023838592693209648,
    "MouthLowerDownLeft": 0.03271378204226494,
    "MouthLowerDownRight": 0.033264487981796265,
    "MouthUpperUpLeft": 0.013329160399734974,
    "MouthUpperUpRight": 0.015031935647130013,
    "BrowDownLeft": 0.011067384853959084,
    "BrowDownRight": 0.011057762429118156,
    "BrowInnerUp": 0.02044852264225483,
    "CheekSquintLeft": 0.018769923597574234,
    "CheekSquintRight": 0.022121043875813484,
    "NoseSneerLeft": 0.0179964117705822,
    "NoseSneerRight": 0.02213844284415245
  },
  "packet_size": 314,
  "packet_hex_preview": "060000002464646431326362302d333463612d313166302d383166662d3734353633633437336235330000000847616c6146616365003b9351fb3d07c8000000"
}