{
  "frame_id": 315,
  "timestamp": "2025-05-19T18:04:25.584017",
  "input_values": [
    0.0,
    0.0,
    0.0,
    0.0,
    0.0,
    0.0,
    0.0,
    0.0,
    0.0,
    0.0,
    0.0,
    0.0,
    0.0,
    0.0,
    0.0006400420679710805,
    0.00011339788034092635,
    0.013367889449000359,
    0.011929469183087349,
    -0.00013443059287965298,
    0.025559788569808006,
    0.0038476018235087395,
    -1.258181691810023e-05,
    0.0021024616435170174,
    0.06924709677696228,
    0.05992087721824646,
    -4.952795279677957e-05,
    4.615503257809905e-06,
    0.010301720350980759,
    0.010490727610886097,
    7.402203664241824e-06,
    0.0004116511845495552,
    0.00011168522905791178,
    0.0009847229812294245,
    0.0007019712356850505,
    0.00976778008043766,
    0.005246257409453392,
    0.005961082875728607,
    0.08929018676280975,
    0.09594841301441193,
    0.04329458624124527,
    0.04861829802393913,
    0.41964584589004517,
    0.41948822140693665,
    0.09774374961853027,
    -1.8515043848310597e-05,
    -3.0819741368759423e-05,
    0.0012486150953918695,
    0.03007386438548565,
    0.03720080107450485,
    0.030295604839920998,
    0.03818493336439133,
    0.0
  ],
  "active_shapes": {
    "JawRight": 0.013367889449000359,
    "JawOpen": 0.011929469183087349,
    "MouthFunnel": 0.025559788569808006,
    "MouthSmileLeft": 0.06924709677696228,
    "MouthSmileRight": 0.05992087721824646,
    "MouthDimpleLeft": 0.010301720350980759,
    "MouthDimpleRight": 0.010490727610886097,
    "MouthLowerDownLeft": 0.08929018676280975,
    "MouthLowerDownRight": 0.09594841301441193,
    "MouthUpperUpLeft": 0.04329458624124527,
    "MouthUpperUpRight": 0.04861829802393913,
    "BrowDownLeft": 0.41964584589004517,
    "BrowDownRight": 0.41948822140693665,
    "BrowInnerUp": 0.09774374961853027,
    "CheekSquintLeft": 0.03007386438548565,
    "CheekSquintRight": 0.03720080107450485,
    "NoseSneerLeft": 0.030295604839920998,
    "NoseSneerRight": 0.03818493336439133
  },
  "packet_size": 314,
  "packet_hex_preview": "060000002464646431326362302d333463612d313166302d383166662d3734353633633437336235330000000847616c6146616365003b91bffb3d07c8000000"
}