{
  "frame_id": 271,
  "timestamp": "2025-05-19T18:04:24.134167",
  "input_values": [
    0.0,
    0.0,
    0.0,
    0.0,
    0.0,
    0.0,
    0.0,
    0.0,
    0.0,
    0.0,
    0.0,
    0.0,
    0.0,
    0.0,
    0.028763145208358765,
    0.00011262938642175868,
    0.01022927276790142,
    0.07103141397237778,
    0.021831372752785683,
    0.08474782854318619,
    0.00019951620197389275,
    0.00011785882816184312,
    0.006475654896348715,
    0.1854666918516159,
    0.1927124410867691,
    0.00011308991088299081,
    -0.00018414763326290995,
    0.03331182524561882,
    0.03568501025438309,
    0.05236669257283211,
    0.0511816181242466,
    0.0014166010078042746,
    0.014665849506855011,
    0.0014210593653842807,
    0.019942428916692734,
    0.0018161224434152246,
    0.002404917497187853,
    0.14165879786014557,
    0.14558488130569458,
    0.08870494365692139,
    0.08968785405158997,
    0.035810332745313644,
    0.035721082240343094,
    0.04802122339606285,
    -4.870109478360973e-06,
    7.126727723516524e-05,
    -0.0002041888510575518,
    0.1306128054857254,
    0.14550207555294037,
    0.0945662334561348,
    0.10942749679088593,
    0.0
  ],
  "active_shapes": {
    "JawForward": 0.028763145208358765,
    "JawRight": 0.01022927276790142,
    "JawOpen": 0.07103141397237778,
    "MouthClose": 0.021831372752785683,
    "MouthFunnel": 0.08474782854318619,
    "MouthSmileLeft": 0.1854666918516159,
    "MouthSmileRight": 0.1927124410867691,
    "MouthDimpleLeft": 0.03331182524561882,
    "MouthDimpleRight": 0.03568501025438309,
    "MouthStretchLeft": 0.05236669257283211,
    "MouthStretchRight": 0.0511816181242466,
    "MouthRollUpper": 0.014665849506855011,
    "MouthShrugUpper": 0.019942428916692734,
    "MouthLowerDownLeft": 0.14165879786014557,
    "MouthLowerDownRight": 0.14558488130569458,
    "MouthUpperUpLeft": 0.08870494365692139,
    "MouthUpperUpRight": 0.08968785405158997,
    "BrowDownLeft": 0.035810332745313644,
    "BrowDownRight": 0.035721082240343094,
    "BrowInnerUp": 0.04802122339606285,
    "CheekSquintLeft": 0.1306128054857254,
    "CheekSquintRight": 0.14550207555294037,
    "NoseSneerLeft": 0.0945662334561348,
    "NoseSneerRight": 0.10942749679088593
  },
  "packet_size": 314,
  "packet_hex_preview": "060000002464646431326362302d333463612d313166302d383166662d3734353633633437336235330000000847616c6146616365003b9168fb3d07c8000000"
}