{
  "frame_id": 629,
  "timestamp": "2025-05-19T18:04:37.729471",
  "input_values": [
    0.0,
    0.0,
    0.0,
    0.0,
    0.0,
    0.0,
    0.0,
    0.0,
    0.0,
    0.0,
    0.0,
    0.0,
    0.0,
    0.0,
    0.006940745748579502,
    0.00018827573512680829,
    0.014067016541957855,
    0.07751511037349701,
    0.002402463462203741,
    0.06671952456235886,
    0.001718703075312078,
    0.001318163936957717,
    0.002082803752273321,
    0.04170695319771767,
    0.035087376832962036,
    5.067505480838008e-05,
    -8.829731086734682e-05,
    0.011455769650638103,
    0.011102995835244656,
    0.005845961626619101,
    0.010065419599413872,
    1.0086312613566406e-05,
    0.003779216203838587,
    -1.7641097656451166e-05,
    0.0003033503016922623,
    0.0013679814292117953,
    0.0015190399717539549,
    0.11483973264694214,
    0.12495474517345428,
    0.019338587298989296,
    0.02464376762509346,
    0.14333462715148926,
    0.1431240439414978,
    0.015363505110144615,
    -0.0003190821735188365,
    -0.0003965426585637033,
    0.0016890376573428512,
    0.026497993618249893,
    0.033897705376148224,
    -8.05798208602937e-06,
    0.0005035727517679334,
    0.0
  ],
  "active_shapes": {
    "JawRight": 0.014067016541957855,
    "JawOpen": 0.07751511037349701,
    "MouthFunnel": 0.06671952456235886,
    "MouthSmileLeft": 0.04170695319771767,
    "MouthSmileRight": 0.035087376832962036,
    "MouthDimpleLeft": 0.011455769650638103,
    "MouthDimpleRight": 0.011102995835244656,
    "MouthStretchRight": 0.010065419599413872,
    "MouthLowerDownLeft": 0.11483973264694214,
    "MouthLowerDownRight": 0.12495474517345428,
    "MouthUpperUpLeft": 0.019338587298989296,
    "MouthUpperUpRight": 0.02464376762509346,
    "BrowDownLeft": 0.14333462715148926,
    "BrowDownRight": 0.1431240439414978,
    "BrowInnerUp": 0.015363505110144615,
    "CheekSquintLeft": 0.026497993618249893,
    "CheekSquintRight": 0.033897705376148224
  },
  "packet_size": 314,
  "packet_hex_preview": "060000002464646431326362302d333463612d313166302d383166662d3734353633633437336235330000000847616c6146616365003b9497fb3d07c8000000"
}