{
  "frame_id": 197,
  "timestamp": "2025-05-19T18:04:21.394749",
  "input_values": [
    0.0,
    0.0,
    0.0,
    0.0,
    0.0,
    0.0,
    0.0,
    0.0,
    0.0,
    0.0,
    0.0,
    0.0,
    0.0,
    0.0,
    0.020783135667443275,
    0.0001875283633125946,
    0.03744883835315704,
    0.20194944739341736,
    -0.0003182000946253538,
    0.10916580259799957,
    0.0003507451619952917,
    0.00031693893834017217,
    0.007195114623755217,
    0.15526561439037323,
    0.13397127389907837,
    -4.406732477946207e-05,
    -8.962224455899559e-06,
    0.040539029985666275,
    0.0381612554192543,
    0.0626089796423912,
    0.05478742718696594,
    -0.00011914519564015791,
    0.002889110706746578,
    0.0012847196776419878,
    0.03567424416542053,
    0.010610985569655895,
    0.012891041114926338,
    0.4248095452785492,
    0.43893158435821533,
    0.20711669325828552,
    0.2285982370376587,
    0.8283814191818237,
    0.8282968997955322,
    0.15509110689163208,
    1.814614915929269e-05,
    -1.7458349248045124e-05,
    0.0011387403355911374,
    0.0718957856297493,
    0.08620564639568329,
    0.13485249876976013,
    0.17115764319896698,
    0.0
  ],
  "active_shapes": {
    "JawForward": 0.020783135667443275,
    "JawRight": 0.03744883835315704,
    "JawOpen": 0.20194944739341736,
    "MouthFunnel": 0.10916580259799957,
    "MouthSmileLeft": 0.15526561439037323,
    "MouthSmileRight": 0.13397127389907837,
    "MouthDimpleLeft": 0.040539029985666275,
    "MouthDimpleRight": 0.0381612554192543,
    "MouthStretchLeft": 0.0626089796423912,
    "MouthStretchRight": 0.05478742718696594,
    "MouthShrugUpper": 0.03567424416542053,
    "MouthPressLeft": 0.010610985569655895,
    "MouthPressRight": 0.012891041114926338,
    "MouthLowerDownLeft": 0.4248095452785492,
    "MouthLowerDownRight": 0.43893158435821533,
    "MouthUpperUpLeft": 0.20711669325828552,
    "MouthUpperUpRight": 0.2285982370376587,
    "BrowDownLeft": 0.8283814191818237,
    "BrowDownRight": 0.8282968997955322,
    "BrowInnerUp": 0.15509110689163208,
    "CheekSquintLeft": 0.0718957856297493,
    "CheekSquintRight": 0.08620564639568329,
    "NoseSneerLeft": 0.13485249876976013,
    "NoseSneerRight": 0.17115764319896698
  },
  "packet_size": 314,
  "packet_hex_preview": "060000002464646431326362302d333463612d313166302d383166662d3734353633633437336235330000000847616c6146616365003b90c3fb3d07c8000000"
}