{
  "frame_id": 610,
  "timestamp": "2025-05-19T18:04:36.653930",
  "input_values": [
    0.0,
    0.0,
    0.0,
    0.0,
    0.0,
    0.0,
    0.0,
    0.0,
    0.0,
    0.0,
    0.0,
    0.0,
    0.0,
    0.0,
    0.009350349195301533,
    0.00018849044863600284,
    0.015374090522527695,
    0.09187881648540497,
    0.011869940906763077,
    0.1005510538816452,
    0.0005502777057699859,
    0.003077282104641199,
    0.0002425372804282233,
    0.062525175511837,
    0.0648595467209816,
    -9.131473780144006e-05,
    9.328238957095891e-05,
    0.026375828310847282,
    0.026852335780858994,
    0.02948327548801899,
    0.02820931375026703,
    3.475519042694941e-05,
    0.006043068133294582,
    5.673643318004906e-05,
    0.0009552882402203977,
    0.0027453629299998283,
    0.003306754631921649,
    0.2051776945590973,
    0.19935694336891174,
    0.026878541335463524,
    0.029202356934547424,
    0.17575550079345703,
    0.17540861666202545,
    0.040426403284072876,
    0.0029468799475580454,
    0.002865126822143793,
    0.00044804904609918594,
    0.039401572197675705,
    0.04722931981086731,
    0.00046334872604347765,
    0.0011514476500451565,
    0.0
  ],
  "active_shapes": {
    "JawRight": 0.015374090522527695,
    "JawOpen": 0.09187881648540497,
    "MouthClose": 0.011869940906763077,
    "MouthFunnel": 0.1005510538816452,
    "MouthSmileLeft": 0.062525175511837,
    "MouthSmileRight": 0.0648595467209816,
    "MouthDimpleLeft": 0.026375828310847282,
    "MouthDimpleRight": 0.026852335780858994,
    "MouthStretchLeft": 0.02948327548801899,
    "MouthStretchRight": 0.02820931375026703,
    "MouthLowerDownLeft": 0.2051776945590973,
    "MouthLowerDownRight": 0.19935694336891174,
    "MouthUpperUpLeft": 0.026878541335463524,
    "MouthUpperUpRight": 0.029202356934547424,
    "BrowDownLeft": 0.17575550079345703,
    "BrowDownRight": 0.17540861666202545,
    "BrowInnerUp": 0.040426403284072876,
    "CheekSquintLeft": 0.039401572197675705,
    "CheekSquintRight": 0.04722931981086731
  },
  "packet_size": 314,
  "packet_hex_preview": "060000002464646431326362302d333463612d313166302d383166662d3734353633633437336235330000000847616c6146616365003b9457fb3d07c8000000"
}