{
  "frame_id": 432,
  "timestamp": "2025-05-19T18:04:29.134938",
  "input_values": [
    0.0,
    0.0,
    0.0,
    0.0,
    0.0,
    0.0,
    0.0,
    0.0,
    0.0,
    0.0,
    0.0,
    0.0,
    0.0,
    0.0,
    0.0283606369048357,
    0.00018226157408207655,
    0.022982850670814514,
    0.04156624898314476,
    0.00031866240897215903,
    0.11202031373977661,
    0.007225619629025459,
    0.021695271134376526,
    0.0007625377038493752,
    0.07168996334075928,
    0.057769134640693665,
    -3.3967316994676366e-05,
    0.0002811910817399621,
    0.01724409870803356,
    0.013368549756705761,
    0.06933369487524033,
    0.06678979843854904,
    0.006291570607572794,
    0.008970757015049458,
    0.000338139507221058,
    0.005133073311299086,
    -0.00036015218938700855,
    0.0008638711296953261,
    0.17985399067401886,
    0.16967782378196716,
    0.07670893520116806,
    0.07868890464305878,
    0.0010018263710662723,
    0.0008703962084837258,
    0.542250394821167,
    0.32552146911621094,
    0.3260505795478821,
    0.0011906374711543322,
    0.06265632063150406,
    0.06643757224082947,
    -0.000521874288097024,
    0.001088232733309269,
    0.0
  ],
  "active_shapes": {
    "JawForward": 0.0283606369048357,
    "JawRight": 0.022982850670814514,
    "JawOpen": 0.04156624898314476,
    "MouthFunnel": 0.11202031373977661,
    "MouthLeft": 0.021695271134376526,
    "MouthSmileLeft": 0.07168996334075928,
    "MouthSmileRight": 0.057769134640693665,
    "MouthDimpleLeft": 0.01724409870803356,
    "MouthDimpleRight": 0.013368549756705761,
    "MouthStretchLeft": 0.06933369487524033,
    "MouthStretchRight": 0.06678979843854904,
    "MouthLowerDownLeft": 0.17985399067401886,
    "MouthLowerDownRight": 0.16967782378196716,
    "MouthUpperUpLeft": 0.07670893520116806,
    "MouthUpperUpRight": 0.07868890464305878,
    "BrowInnerUp": 0.542250394821167,
    "BrowOuterUpLeft": 0.32552146911621094,
    "BrowOuterUpRight": 0.3260505795478821,
    "CheekSquintLeft": 0.06265632063150406,
    "CheekSquintRight": 0.06643757224082947
  },
  "packet_size": 314,
  "packet_hex_preview": "060000002464646431326362302d333463612d313166302d383166662d3734353633633437336235330000000847616c6146616365003b9294fb3d07c8000000"
}