{
  "frame_id": 377,
  "timestamp": "2025-05-19T18:04:27.283123",
  "input_values": [
    0.0,
    0.0,
    0.0,
    0.0,
    0.0,
    0.0,
    0.0,
    0.0,
    0.0,
    0.0,
    0.0,
    0.0,
    0.0,
    0.0,
    0.02712014690041542,
    0.00018301818636246026,
    0.019612984731793404,
    0.10178638249635696,
    0.0001743881730362773,
    0.18102870881557465,
    0.017719397321343422,
    0.021362489089369774,
    0.0002588039787951857,
    0.0007057597977109253,
    0.0002608622598927468,
    0.020302152261137962,
    0.032442640513181686,
    0.014384619891643524,
    0.010078695602715015,
    0.07693703472614288,
    0.07250495254993439,
    0.0007893738220445812,
    0.009931636974215508,
    8.800085925031453e-05,
    0.00045521717402152717,
    -0.00015385381993837655,
    0.0009029452339746058,
    0.29941439628601074,
    0.28984737396240234,
    0.0737493634223938,
    0.0744728296995163,
    0.0026527780573815107,
    0.002394914859905839,
    0.43414318561553955,
    0.26792263984680176,
    0.2682774066925049,
    0.001106348936446011,
    0.035943444818258286,
    0.040706176310777664,
    -0.000556400918867439,
    -0.00015197237371467054,
    0.0
  ],
  "active_shapes": {
    "JawForward": 0.02712014690041542,
    "JawRight": 0.019612984731793404,
    "JawOpen": 0.10178638249635696,
    "MouthFunnel": 0.18102870881557465,
    "MouthPucker": 0.017719397321343422,
    "MouthLeft": 0.021362489089369774,
    "MouthFrownLeft": 0.020302152261137962,
    "MouthFrownRight": 0.032442640513181686,
    "MouthDimpleLeft": 0.014384619891643524,
    "MouthDimpleRight": 0.010078695602715015,
    "MouthStretchLeft": 0.07693703472614288,
    "MouthStretchRight": 0.07250495254993439,
    "MouthLowerDownLeft": 0.29941439628601074,
    "MouthLowerDownRight": 0.28984737396240234,
    "MouthUpperUpLeft": 0.0737493634223938,
    "MouthUpperUpRight": 0.0744728296995163,
    "BrowInnerUp": 0.43414318561553955,
    "BrowOuterUpLeft": 0.26792263984680176,
    "BrowOuterUpRight": 0.2682774066925049,
    "CheekSquintLeft": 0.035943444818258286,
    "CheekSquintRight": 0.040706176310777664
  },
  "packet_size": 314,
  "packet_hex_preview": "060000002464646431326362302d333463612d313166302d383166662d3734353633633437336235330000000847616c6146616365003b9224fb3d07c8000000"
}