{
  "frame_id": 205,
  "timestamp": "2025-05-19T18:04:21.758802",
  "input_values": [
    0.0,
    0.0,
    0.0,
    0.0,
    0.0,
    0.0,
    0.0,
    0.0,
    0.0,
    0.0,
    0.0,
    0.0,
    0.0,
    0.0,
    0.019033683463931084,
    0.00014753623690921813,
    0.025730472058057785,
    0.10489515215158463,
    -0.000340625352691859,
    0.11631710827350616,
    0.0002994898532051593,
    0.00350554333999753,
    -4.202649051876506e-06,
    0.09244172275066376,
    0.08226364105939865,
    9.652294829720631e-05,
    8.536737732356414e-05,
    0.0060873618349432945,
    0.00441268365830183,
    0.042817819863557816,
    0.04092692583799362,
    -0.0001679251145105809,
    0.0006888091447763145,
    -3.135779479634948e-05,
    0.004556276835501194,
    0.0005101742572151124,
    0.0009788330644369125,
    0.3165258765220642,
    0.31710371375083923,
    0.12834632396697998,
    0.1302991360425949,
    -2.5607228963053785e-05,
    1.3743161616730504e-05,
    0.22956697642803192,
    0.15120205283164978,
    0.15124979615211487,
    -0.0003425987670198083,
    0.02298911102116108,
    0.025496739894151688,
    0.00015940627781674266,
    0.0038979356177151203,
    0.0
  ],
  "active_shapes": {
    "JawForward": 0.019033683463931084,
    "JawRight": 0.025730472058057785,
    "JawOpen": 0.10489515215158463,
    "MouthFunnel": 0.11631710827350616,
    "MouthSmileLeft": 0.09244172275066376,
    "MouthSmileRight": 0.08226364105939865,
    "MouthStretchLeft": 0.042817819863557816,
    "MouthStretchRight": 0.04092692583799362,
    "MouthLowerDownLeft": 0.3165258765220642,
    "MouthLowerDownRight": 0.31710371375083923,
    "MouthUpperUpLeft": 0.12834632396697998,
    "MouthUpperUpRight": 0.1302991360425949,
    "BrowInnerUp": 0.22956697642803192,
    "BrowOuterUpLeft": 0.15120205283164978,
    "BrowOuterUpRight": 0.15124979615211487,
    "CheekSquintLeft": 0.02298911102116108,
    "CheekSquintRight": 0.025496739894151688
  },
  "packet_size": 314,
  "packet_hex_preview": "060000002464646431326362302d333463612d313166302d383166662d3734353633633437336235330000000847616c6146616365003b90d9fb3d07c8000000"
}