{
  "frame_id": 177,
  "timestamp": "2025-05-19T18:04:20.952056",
  "input_values": [
    0.0,
    0.0,
    0.0,
    0.0,
    0.0,
    0.0,
    0.0,
    0.0,
    0.0,
    0.0,
    0.0,
    0.0,
    0.0,
    0.0,
    0.006032130680978298,
    0.00014919691602699459,
    -0.000742661184631288,
    0.0015681779477745295,
    0.00694771483540535,
    0.003274225164204836,
    0.04968848451972008,
    0.01594252698123455,
    -0.00013992999447509646,
    0.0010859015164896846,
    0.0007054482703097165,
    0.00020966115698684007,
    0.0011834867764264345,
    0.006560769863426685,
    0.003441356820985675,
    0.016894327476620674,
    0.0017673189286142588,
    0.021160989999771118,
    0.007709824480116367,
    0.0006304002017714083,
    0.00015395626542158425,
    0.0007399135502055287,
    0.001846624887548387,
    0.004682602826505899,
    -0.0014375500613823533,
    -0.0007117878412827849,
    0.00027761695673689246,
    0.0016130112344399095,
    0.001391761121340096,
    0.14616475999355316,
    0.04055885598063469,
    0.04076264053583145,
    0.002606556285172701,
    0.01048731803894043,
    0.016895990818738937,
    -0.0002165249752579257,
    -7.346980419242755e-05,
    0.0
  ],
  "active_shapes": {
    "MouthPucker": 0.04968848451972008,
    "MouthLeft": 0.01594252698123455,
    "MouthStretchLeft": 0.016894327476620674,
    "MouthRollLower": 0.021160989999771118,
    "BrowInnerUp": 0.14616475999355316,
    "BrowOuterUpLeft": 0.04055885598063469,
    "BrowOuterUpRight": 0.04076264053583145,
    "CheekSquintLeft": 0.01048731803894043,
    "CheekSquintRight": 0.016895990818738937
  },
  "packet_size": 314,
  "packet_hex_preview": "060000002464646431326362302d333463612d313166302d383166662d3734353633633437336235330000000847616c6146616365003b90a9fb3d07c8000000"
}