{
  "frame_id": 529,
  "timestamp": "2025-05-19T18:04:32.359290",
  "input_values": [
    0.0,
    0.0,
    0.0,
    0.0,
    0.0,
    0.0,
    0.0,
    0.0,
    0.0,
    0.0,
    0.0,
    0.0,
    0.0,
    0.0,
    0.025816798210144043,
    0.00018918552086688578,
    0.002401414792984724,
    0.1458975374698639,
    0.11225505918264389,
    0.06598008424043655,
    0.000451409665402025,
    -0.0003171520365867764,
    0.010925842449069023,
    0.08547960966825485,
    0.11968053132295609,
    -6.75151968607679e-05,
    -0.00031660980312153697,
    0.04566537216305733,
    0.04918963462114334,
    0.08010779321193695,
    0.07168517261743546,
    0.004667420871555805,
    0.024577785283327103,
    -0.0002447745646350086,
    0.00022494298173114657,
    0.0019445172511041164,
    0.002896481193602085,
    0.12704885005950928,
    0.13601726293563843,
    0.005872111767530441,
    0.011309279128909111,
    0.05106675252318382,
    0.051039066165685654,
    0.12110033631324768,
    3.440391446929425e-05,
    8.166179031832144e-05,
    0.0008682744228281081,
    0.10861336439847946,
    0.13477587699890137,
    0.04637720435857773,
    0.06427059322595596,
    0.0
  ],
  "active_shapes": {
    "JawForward": 0.025816798210144043,
    "JawOpen": 0.1458975374698639,
    "MouthClose": 0.11225505918264389,
    "MouthFunnel": 0.06598008424043655,
    "MouthRight": 0.010925842449069023,
    "MouthSmileLeft": 0.08547960966825485,
    "MouthSmileRight": 0.11968053132295609,
    "MouthDimpleLeft": 0.04566537216305733,
    "MouthDimpleRight": 0.04918963462114334,
    "MouthStretchLeft": 0.08010779321193695,
    "MouthStretchRight": 0.07168517261743546,
    "MouthRollUpper": 0.024577785283327103,
    "MouthLowerDownLeft": 0.12704885005950928,
    "MouthLowerDownRight": 0.13601726293563843,
    "MouthUpperUpRight": 0.011309279128909111,
    "BrowDownLeft": 0.05106675252318382,
    "BrowDownRight": 0.051039066165685654,
    "BrowInnerUp": 0.12110033631324768,
    "CheekSquintLeft": 0.10861336439847946,
    "CheekSquintRight": 0.13477587699890137,
    "NoseSneerLeft": 0.04637720435857773,
    "NoseSneerRight": 0.06427059322595596
  },
  "packet_size": 314,
  "packet_hex_preview": "060000002464646431326362302d333463612d313166302d383166662d3734353633633437336235330000000847616c6146616365003b9355fb3d07c8000000"
}