{
  "frame_id": 612,
  "timestamp": "2025-05-19T18:04:36.940831",
  "input_values": [
    0.0,
    0.0,
    0.0,
    0.0,
    0.0,
    0.0,
    0.0,
    0.0,
    0.0,
    0.0,
    0.0,
    0.0,
    0.0,
    0.0,
    0.0031189825385808945,
    3.803754225373268e-05,
    0.0003535073483362794,
    0.014993935823440552,
    0.012842128984630108,
    8.691886614542454e-05,
    0.0026163808070123196,
    0.0002674302668310702,
    8.599230932304636e-05,
    0.014228517189621925,
    0.018910324200987816,
    -2.6498280931264162e-05,
    1.2818083632737398e-05,
    0.006239953450858593,
    0.006510104984045029,
    0.011127853766083717,
    0.010042649693787098,
    0.0033944454044103622,
    0.004486008081585169,
    4.1320316086057574e-05,
    -3.0571260140277445e-05,
    0.0006881818408146501,
    0.0008101711282506585,
    0.020172536373138428,
    0.020088979974389076,
    -0.00024500160361640155,
    0.00016642373520880938,
    0.015660453587770462,
    0.015623629093170166,
    0.008548352867364883,
    -1.3912416761741042e-05,
    -1.7035752534866333e-05,
    0.00043572235153988004,
    0.007597711868584156,
    0.010118847712874413,
    3.020694202859886e-05,
    0.00016195900388993323,
    0.0
  ],
  "active_shapes": {
    "JawOpen": 0.014993935823440552,
    "MouthClose": 0.012842128984630108,
    "MouthSmileLeft": 0.014228517189621925,
    "MouthSmileRight": 0.018910324200987816,
    "MouthStretchLeft": 0.011127853766083717,
    "MouthStretchRight": 0.010042649693787098,
    "MouthLowerDownLeft": 0.020172536373138428,
    "MouthLowerDownRight": 0.020088979974389076,
    "BrowDownLeft": 0.015660453587770462,
    "BrowDownRight": 0.015623629093170166,
    "CheekSquintRight": 0.010118847712874413
  },
  "packet_size": 314,
  "packet_hex_preview": "060000002464646431326362302d333463612d313166302d383166662d3734353633633437336235330000000847616c6146616365003b9468fb3d07c8000000"
}