{
  "frame_id": 182,
  "timestamp": "2025-05-19T18:04:20.994367",
  "input_values": [
    0.0,
    0.0,
    0.0,
    0.0,
    0.0,
    0.0,
    0.0,
    0.0,
    0.0,
    0.0,
    0.0,
    0.0,
    0.0,
    0.0,
    0.004633419215679169,
    0.00018888474733103067,
    0.015504078939557076,
    0.08956895768642426,
    0.00046242642565630376,
    0.10847374051809311,
    0.009594627656042576,
    0.0016066932585090399,
    0.00040889554657042027,
    0.10688229650259018,
    0.09236082434654236,
    5.6010958360275254e-05,
    6.119661702541634e-05,
    0.01900167018175125,
    0.01950707845389843,
    0.004718696232885122,
    0.0036790960002690554,
    0.00034855277044698596,
    0.006294726859778166,
    9.486075578024611e-05,
    0.0005095897358842194,
    0.006221048999577761,
    0.0065389215014874935,
    0.2109920084476471,
    0.21447782218456268,
    0.05458896979689598,
    0.059175144881010056,
    0.2557164132595062,
    0.25546708703041077,
    0.017954858019948006,
    6.0785932873841375e-06,
    -1.8204748357675271e-06,
    0.0010173897026106715,
    0.04762726649641991,
    0.055277638137340546,
    0.017100835219025612,
    0.016651635989546776,
    0.0
  ],
  "active_shapes": {
    "JawRight": 0.015504078939557076,
    "JawOpen": 0.08956895768642426,
    "MouthFunnel": 0.10847374051809311,
    "MouthSmileLeft": 0.10688229650259018,
    "MouthSmileRight": 0.09236082434654236,
    "MouthDimpleLeft": 0.01900167018175125,
    "MouthDimpleRight": 0.01950707845389843,
    "MouthLowerDownLeft": 0.2109920084476471,
    "MouthLowerDownRight": 0.21447782218456268,
    "MouthUpperUpLeft": 0.05458896979689598,
    "MouthUpperUpRight": 0.059175144881010056,
    "BrowDownLeft": 0.2557164132595062,
    "BrowDownRight": 0.25546708703041077,
    "BrowInnerUp": 0.017954858019948006,
    "CheekSquintLeft": 0.04762726649641991,
    "CheekSquintRight": 0.055277638137340546,
    "NoseSneerLeft": 0.017100835219025612,
    "NoseSneerRight": 0.016651635989546776
  },
  "packet_size": 314,
  "packet_hex_preview": "060000002464646431326362302d333463612d313166302d383166662d3734353633633437336235330000000847616c6146616365003b90abfb3d07c8000000"
}