{
  "frame_id": 470,
  "timestamp": "2025-05-19T18:04:30.332455",
  "input_values": [
    0.0,
    0.0,
    0.0,
    0.0,
    0.0,
    0.0,
    0.0,
    0.0,
    0.0,
    0.0,
    0.0,
    0.0,
    0.0,
    0.0,
    0.0018675101455301046,
    7.617019582539797e-05,
    0.004892686381936073,
    0.00734082143753767,
    0.00018841976998373866,
    0.0026150583289563656,
    0.0002909645554609597,
    -3.0623508791904896e-05,
    0.0006045162444934249,
    0.05026254802942276,
    0.047502338886260986,
    -1.3596702956419904e-05,
    3.5235602808825206e-06,
    0.007733192294836044,
    0.008542077615857124,
    0.0006767602171748877,
    0.002427577506750822,
    0.00012306646385695785,
    0.0010647850576788187,
    0.00021462987933773547,
    0.0005284526851028204,
    0.0022636072244495153,
    0.0023854237515479326,
    0.040536291897296906,
    0.041924044489860535,
    0.009478790685534477,
    0.01064833253622055,
    0.1484956443309784,
    0.14836087822914124,
    0.0025056449230760336,
    -7.260080019477755e-05,
    -0.0001053496016538702,
    0.00035399102489463985,
    0.018605787307024002,
    0.02395869605243206,
    0.012749677523970604,
    0.01272626407444477,
    0.0
  ],
  "active_shapes": {
    "MouthSmileLeft": 0.05026254802942276,
    "MouthSmileRight": 0.047502338886260986,
    "MouthLowerDownLeft": 0.040536291897296906,
    "MouthLowerDownRight": 0.041924044489860535,
    "MouthUpperUpRight": 0.01064833253622055,
    "BrowDownLeft": 0.1484956443309784,
    "BrowDownRight": 0.14836087822914124,
    "CheekSquintLeft": 0.018605787307024002,
    "CheekSquintRight": 0.02395869605243206,
    "NoseSneerLeft": 0.012749677523970604,
    "NoseSneerRight": 0.01272626407444477
  },
  "packet_size": 314,
  "packet_hex_preview": "060000002464646431326362302d333463612d313166302d383166662d3734353633633437336235330000000847616c6146616365003b92dbfb3d07c8000000"
}