{
  "frame_id": 174,
  "timestamp": "2025-05-19T18:04:20.927169",
  "input_values": [
    0.0,
    0.0,
    0.0,
    0.0,
    0.0,
    0.0,
    0.0,
    0.0,
    0.0,
    0.0,
    0.0,
    0.0,
    0.0,
    0.0,
    0.00039667790406383574,
    3.795597149292007e-05,
    0.00040266127325594425,
    0.0005013548652641475,
    0.0011789624113589525,
    3.586486855056137e-05,
    0.0004279583226889372,
    0.0002717243623919785,
    8.269258250948042e-05,
    0.020871534943580627,
    0.01801442541182041,
    1.408151274517877e-05,
    6.1371188166958746e-06,
    0.003597491653636098,
    0.0036955084651708603,
    0.00015855670790188015,
    9.427787153981626e-05,
    0.0010144889820367098,
    0.0015511719975620508,
    8.91801028046757e-05,
    8.817311754683033e-05,
    0.0014853035099804401,
    0.0015467223711311817,
    0.011820613406598568,
    0.011420110240578651,
    0.00012632532161660492,
    4.5256198063725606e-05,
    0.06014150381088257,
    0.06008819863200188,
    0.005198017228394747,
    -1.7880895029520616e-05,
    -2.229669553344138e-05,
    0.00038074766052886844,
    0.009447908028960228,
    0.010269736871123314,
    0.006124608684331179,
    0.0037549822591245174,
    0.0
  ],
  "active_shapes": {
    "MouthSmileLeft": 0.020871534943580627,
    "MouthSmileRight": 0.01801442541182041,
    "MouthLowerDownLeft": 0.011820613406598568,
    "MouthLowerDownRight": 0.011420110240578651,
    "BrowDownLeft": 0.06014150381088257,
    "BrowDownRight": 0.06008819863200188,
    "CheekSquintRight": 0.010269736871123314
  },
  "packet_size": 314,
  "packet_hex_preview": "060000002464646431326362302d333463612d313166302d383166662d3734353633633437336235330000000847616c6146616365003b90a7fb3d07c8000000"
}