{
  "frame_id": 289,
  "timestamp": "2025-05-19T18:04:24.659561",
  "input_values": [
    0.0,
    0.0,
    0.0,
    0.0,
    0.0,
    0.0,
    0.0,
    0.0,
    0.0,
    0.0,
    0.0,
    0.0,
    0.0,
    0.0,
    0.0007829582318663597,
    7.931650907266885e-05,
    0.0011277195299044251,
    0.008294429630041122,
    0.01107831858098507,
    -6.308500451268628e-05,
    0.00040297239320352674,
    0.0004554683400783688,
    0.0006685747066512704,
    0.027694333344697952,
    0.022680673748254776,
    2.6090932806255296e-05,
    -4.2103380110347643e-05,
    0.007940231822431087,
    0.007782051805406809,
    0.008089338429272175,
    0.0075409128330647945,
    0.0005160873988643289,
    0.002390193287283182,
    -3.6247623938834295e-05,
    0.0002418004733044654,
    0.0014747407985851169,
    0.0017035038908943534,
    0.020132457837462425,
    0.02216411381959915,
    -0.00026473935577087104,
    5.154788232175633e-05,
    0.1352214813232422,
    0.13510385155677795,
    0.02441384270787239,
    -2.7952148229815066e-05,
    -5.173164390726015e-05,
    0.0006133622373454273,
    0.01408782321959734,
    0.0173664353787899,
    0.00044571072794497013,
    0.00037518230965361,
    0.0
  ],
  "active_shapes": {
    "MouthClose": 0.01107831858098507,
    "MouthSmileLeft": 0.027694333344697952,
    "MouthSmileRight": 0.022680673748254776,
    "MouthLowerDownLeft": 0.020132457837462425,
    "MouthLowerDownRight": 0.02216411381959915,
    "BrowDownLeft": 0.1352214813232422,
    "BrowDownRight": 0.13510385155677795,
    "BrowInnerUp": 0.02441384270787239,
    "CheekSquintLeft": 0.01408782321959734,
    "CheekSquintRight": 0.0173664353787899
  },
  "packet_size": 314,
  "packet_hex_preview": "060000002464646431326362302d333463612d313166302d383166662d3734353633633437336235330000000847616c6146616365003b9187fb3d07c8000000"
}