{
  "frame_id": 138,
  "timestamp": "2025-05-19T18:04:19.682662",
  "input_values": [
    0.0,
    0.0,
    0.0,
    0.0,
    0.0,
    0.0,
    0.0,
    0.0,
    0.0,
    0.0,
    0.0,
    0.0,
    0.0,
    0.0,
    0.004060178529471159,
    0.00016018259339034557,
    0.013532551005482674,
    0.06843487173318863,
    2.424374906695448e-05,
    0.07841719686985016,
    0.018067168071866035,
    -0.00021300437219906598,
    0.006711513735353947,
    0.07054225355386734,
    0.0670592337846756,
    -3.534350616973825e-05,
    -0.00010760598524939269,
    0.016973430290818214,
    0.017658308148384094,
    0.005744011607021093,
    0.0011488382006064057,
    -3.892944732797332e-05,
    0.002490326529368758,
    0.00027695269091054797,
    0.006695604417473078,
    0.00685940170660615,
    0.007749970071017742,
    0.17861095070838928,
    0.19283108413219452,
    0.07619066536426544,
    0.08857263624668121,
    0.5580421686172485,
    0.557902991771698,
    0.10281793028116226,
    0.0018311062594875693,
    0.0017895677592605352,
    0.0012394781224429607,
    0.03596019372344017,
    0.047874949872493744,
    0.061040133237838745,
    0.06898070871829987,
    0.0
  ],
  "active_shapes": {
    "JawRight": 0.013532551005482674,
    "JawOpen": 0.06843487173318863,
    "MouthFunnel": 0.07841719686985016,
    "MouthPucker": 0.018067168071866035,
    "MouthSmileLeft": 0.07054225355386734,
    "MouthSmileRight": 0.0670592337846756,
    "MouthDimpleLeft": 0.016973430290818214,
    "MouthDimpleRight": 0.017658308148384094,
    "MouthLowerDownLeft": 0.17861095070838928,
    "MouthLowerDownRight": 0.19283108413219452,
    "MouthUpperUpLeft": 0.07619066536426544,
    "MouthUpperUpRight": 0.08857263624668121,
    "BrowDownLeft": 0.5580421686172485,
    "BrowDownRight": 0.557902991771698,
    "BrowInnerUp": 0.10281793028116226,
    "CheekSquintLeft": 0.03596019372344017,
    "CheekSquintRight": 0.047874949872493744,
    "NoseSneerLeft": 0.061040133237838745,
    "NoseSneerRight": 0.06898070871829987
  },
  "packet_size": 314,
  "packet_hex_preview": "060000002464646431326362302d333463612d313166302d383166662d3734353633633437336235330000000847616c6146616365003b905cfb3d07c8000000"
}