{
  "frame_id": 167,
  "timestamp": "2025-05-19T18:04:20.535394",
  "input_values": [
    0.0,
    0.0,
    0.0,
    0.0,
    0.0,
    0.0,
    0.0,
    0.0,
    0.0,
    0.0,
    0.0,
    0.0,
    0.0,
    0.0,
    0.005199803039431572,
    0.00018722860841080546,
    0.02433730848133564,
    0.062441371381282806,
    0.00018850732885766774,
    0.06235571950674057,
    0.00046365545131266117,
    0.0023740159813314676,
    0.0004218031535856426,
    0.1276368945837021,
    0.10457223653793335,
    1.3829348972649314e-05,
    5.066626181360334e-05,
    0.01456338632851839,
    0.014465984888374805,
    0.0021412873174995184,
    0.004256253130733967,
    0.00013333576498553157,
    0.00418025953695178,
    9.418602712685242e-05,
    0.00045397024950943887,
    0.0054676407016813755,
    0.005455097183585167,
    0.17052863538265228,
    0.17505843937397003,
    0.055723242461681366,
    0.05594531446695328,
    0.13502563536167145,
    0.1347280740737915,
    0.009343425743281841,
    2.3688189685344696e-05,
    5.4312797146849334e-05,
    0.00043858977733179927,
    0.044507503509521484,
    0.044069770723581314,
    0.007265958935022354,
    0.002945969346910715,
    0.0
  ],
  "active_shapes": {
    "JawRight": 0.02433730848133564,
    "JawOpen": 0.062441371381282806,
    "MouthFunnel": 0.06235571950674057,
    "MouthSmileLeft": 0.1276368945837021,
    "MouthSmileRight": 0.10457223653793335,
    "MouthDimpleLeft": 0.01456338632851839,
    "MouthDimpleRight": 0.014465984888374805,
    "MouthLowerDownLeft": 0.17052863538265228,
    "MouthLowerDownRight": 0.17505843937397003,
    "MouthUpperUpLeft": 0.055723242461681366,
    "MouthUpperUpRight": 0.05594531446695328,
    "BrowDownLeft": 0.13502563536167145,
    "BrowDownRight": 0.1347280740737915,
    "CheekSquintLeft": 0.044507503509521484,
    "CheekSquintRight": 0.044069770723581314
  },
  "packet_size": 314,
  "packet_hex_preview": "060000002464646431326362302d333463612d313166302d383166662d3734353633633437336235330000000847616c6146616365003b9090fb3d07c8000000"
}