{
  "frame_id": 286,
  "timestamp": "2025-05-19T18:04:24.635111",
  "input_values": [
    0.0,
    0.0,
    0.0,
    0.0,
    0.0,
    0.0,
    0.0,
    0.0,
    0.0,
    0.0,
    0.0,
    0.0,
    0.0,
    0.0,
    0.005048264283686876,
    0.00011288427049294114,
    0.012367002665996552,
    0.03397582471370697,
    0.01705300062894821,
    0.04859277233481407,
    0.013362394645810127,
    0.002959076315164566,
    0.000535741273779422,
    1.8861474018194713e-05,
    0.0011961215641349554,
    8.969711052486673e-05,
    9.863372542895377e-05,
    0.008474625647068024,
    0.007741385139524937,
    0.03459257632493973,
    0.037067998200654984,
    2.2205226741789375e-06,
    0.002679879078641534,
    2.979949931614101e-05,
    7.580305100418627e-05,
    0.0004304199537727982,
    0.0007245333981700242,
    0.05571306496858597,
    0.05691251531243324,
    0.010495876893401146,
    0.011054345406591892,
    0.010745975188910961,
    0.010605632327497005,
    0.02434457838535309,
    0.011066928505897522,
    0.01105827372521162,
    0.00017400775686837733,
    0.01288871094584465,
    0.014752357266843319,
    -7.99665940576233e-05,
    0.00044342552428133786,
    0.0
  ],
  "active_shapes": {
    "JawRight": 0.012367002665996552,
    "JawOpen": 0.03397582471370697,
    "MouthClose": 0.01705300062894821,
    "MouthFunnel": 0.04859277233481407,
    "MouthPucker": 0.013362394645810127,
    "MouthStretchLeft": 0.03459257632493973,
    "MouthStretchRight": 0.037067998200654984,
    "MouthLowerDownLeft": 0.05571306496858597,
    "MouthLowerDownRight": 0.05691251531243324,
    "MouthUpperUpLeft": 0.010495876893401146,
    "MouthUpperUpRight": 0.011054345406591892,
    "BrowDownLeft": 0.010745975188910961,
    "BrowDownRight": 0.010605632327497005,
    "BrowInnerUp": 0.02434457838535309,
    "BrowOuterUpLeft": 0.011066928505897522,
    "BrowOuterUpRight": 0.01105827372521162,
    "CheekSquintLeft": 0.01288871094584465,
    "CheekSquintRight": 0.014752357266843319
  },
  "packet_size": 314,
  "packet_hex_preview": "060000002464646431326362302d333463612d313166302d383166662d3734353633633437336235330000000847616c6146616365003b9186fb3d07c8000000"
}