{
  "frame_id": 589,
  "timestamp": "2025-05-19T18:04:35.388018",
  "input_values": [
    0.0,
    0.0,
    0.0,
    0.0,
    0.0,
    0.0,
    0.0,
    0.0,
    0.0,
    0.0,
    0.0,
    0.0,
    0.0,
    0.0,
    0.007346641272306442,
    0.00018852384528145194,
    0.03526196628808975,
    0.09358783066272736,
    -0.0001630903425393626,
    0.060170162469148636,
    0.0009165586670860648,
    -0.00016789395886007696,
    0.010951394215226173,
    0.14485453069210052,
    0.12090740352869034,
    2.1281419321894646e-05,
    -1.1718939276761375e-05,
    0.02316226065158844,
    0.022941140457987785,
    0.023185448721051216,
    0.026522403582930565,
    -4.909066410618834e-05,
    0.001207168446853757,
    0.0006603539222851396,
    0.022709785029292107,
    0.010044481605291367,
    0.011521995067596436,
    0.24767787754535675,
    0.26864516735076904,
    0.14210790395736694,
    0.1571711152791977,
    0.8332789540290833,
    0.8331457376480103,
    0.17503291368484497,
    -4.8203357437159866e-05,
    -0.00013184919953346252,
    0.0011065735016018152,
    0.060237422585487366,
    0.07627712190151215,
    0.13802999258041382,
    0.1617775559425354,
    0.0
  ],
  "active_shapes": {
    "JawRight": 0.03526196628808975,
    "JawOpen": 0.09358783066272736,
    "MouthFunnel": 0.060170162469148636,
    "MouthRight": 0.010951394215226173,
    "MouthSmileLeft": 0.14485453069210052,
    "MouthSmileRight": 0.12090740352869034,
    "MouthDimpleLeft": 0.02316226065158844,
    "MouthDimpleRight": 0.022941140457987785,
    "MouthStretchLeft": 0.023185448721051216,
    "MouthStretchRight": 0.026522403582930565,
    "MouthShrugUpper": 0.022709785029292107,
    "MouthPressLeft": 0.010044481605291367,
    "MouthPressRight": 0.011521995067596436,
    "MouthLowerDownLeft": 0.24767787754535675,
    "MouthLowerDownRight": 0.26864516735076904,
    "MouthUpperUpLeft": 0.14210790395736694,
    "MouthUpperUpRight": 0.1571711152791977,
    "BrowDownLeft": 0.8332789540290833,
    "BrowDownRight": 0.8331457376480103,
    "BrowInnerUp": 0.17503291368484497,
    "CheekSquintLeft": 0.060237422585487366,
    "CheekSquintRight": 0.07627712190151215,
    "NoseSneerLeft": 0.13802999258041382,
    "NoseSneerRight": 0.1617775559425354
  },
  "packet_size": 314,
  "packet_hex_preview": "060000002464646431326362302d333463612d313166302d383166662d3734353633633437336235330000000847616c6146616365003b940bfb3d07c8000000"
}