{
  "frame_id": 398,
  "timestamp": "2025-05-19T18:04:28.073290",
  "input_values": [
    0.0,
    0.0,
    0.0,
    0.0,
    0.0,
    0.0,
    0.0,
    0.0,
    0.0,
    0.0,
    0.0,
    0.0,
    0.0,
    0.0,
    0.002928511006757617,
    3.783472493523732e-05,
    0.006207415368407965,
    0.010885783471167088,
    -2.4451632270938717e-05,
    0.0013604853302240372,
    0.00015400048869196326,
    -9.36174183152616e-05,
    0.0018779471283778548,
    0.029989546164870262,
    0.028016168624162674,
    -8.580172107031103e-06,
    -3.2646860859131266e-07,
    0.007539845071732998,
    0.007808786816895008,
    0.0027371265459805727,
    0.0030528069473803043,
    2.5287334210588597e-05,
    0.0005565573228523135,
    1.5452496882062405e-05,
    0.0006191717693582177,
    0.0010928541887551546,
    0.0014029464218765497,
    0.033605657517910004,
    0.03711538016796112,
    0.013600727543234825,
    0.015009425580501556,
    0.15246990323066711,
    0.15247683227062225,
    0.043831001967191696,
    -2.5743462174432352e-05,
    -3.723552799783647e-05,
    0.000458237889688462,
    0.014849385246634483,
    0.01857624761760235,
    0.013930993154644966,
    0.0185565073043108,
    0.0
  ],
  "active_shapes": {
    "JawOpen": 0.010885783471167088,
    "MouthSmileLeft": 0.029989546164870262,
    "MouthSmileRight": 0.028016168624162674,
    "MouthLowerDownLeft": 0.033605657517910004,
    "MouthLowerDownRight": 0.03711538016796112,
    "MouthUpperUpLeft": 0.013600727543234825,
    "MouthUpperUpRight": 0.015009425580501556,
    "BrowDownLeft": 0.15246990323066711,
    "BrowDownRight": 0.15247683227062225,
    "BrowInnerUp": 0.043831001967191696,
    "CheekSquintLeft": 0.014849385246634483,
    "CheekSquintRight": 0.01857624761760235,
    "NoseSneerLeft": 0.013930993154644966,
    "NoseSneerRight": 0.0185565073043108
  },
  "packet_size": 314,
  "packet_hex_preview": "060000002464646431326362302d333463612d313166302d383166662d3734353633633437336235330000000847616c6146616365003b9254fb3d07c8000000"
}