{
  "frame_id": 78,
  "timestamp": "2025-05-19T18:04:17.925981",
  "input_values": [
    0.0,
    0.0,
    0.0,
    0.0,
    0.0,
    0.0,
    0.0,
    0.0,
    0.0,
    0.0,
    0.0,
    0.0,
    0.0,
    0.0,
    0.008508386090397835,
    7.371987885562703e-05,
    0.012501445598900318,
    0.02712414227426052,
    -8.975104719866067e-05,
    0.05217663198709488,
    7.832831761334091e-05,
    0.004795755259692669,
    -5.6887976825237274e-05,
    0.03350444883108139,
    0.029848212376236916,
    5.464346759254113e-05,
    7.921872020233423e-05,
    0.006839425768703222,
    0.005749260075390339,
    0.024573078379034996,
    0.022507961839437485,
    7.188296876847744e-05,
    0.0011681680334731936,
    -1.8502727471059188e-05,
    0.0005480747786350548,
    5.581852747127414e-05,
    0.00042766210390254855,
    0.10779692977666855,
    0.10621444135904312,
    0.05412326008081436,
    0.05431290715932846,
    4.339766383054666e-05,
    1.5892805095063522e-05,
    0.11092959344387054,
    0.08123980462551117,
    0.08132035285234451,
    -6.890641088830307e-05,
    0.012982931919395924,
    0.014642305672168732,
    -0.00021150344400666654,
    0.0003497666330076754,
    0.0
  ],
  "active_shapes": {
    "JawRight": 0.012501445598900318,
    "JawOpen": 0.02712414227426052,
    "MouthFunnel": 0.05217663198709488,
    "MouthSmileLeft": 0.03350444883108139,
    "MouthSmileRight": 0.029848212376236916,
    "MouthStretchLeft": 0.024573078379034996,
    "MouthStretchRight": 0.022507961839437485,
    "MouthLowerDownLeft": 0.10779692977666855,
    "MouthLowerDownRight": 0.10621444135904312,
    "MouthUpperUpLeft": 0.05412326008081436,
    "MouthUpperUpRight": 0.05431290715932846,
    "BrowInnerUp": 0.11092959344387054,
    "BrowOuterUpLeft": 0.08123980462551117,
    "BrowOuterUpRight": 0.08132035285234451,
    "CheekSquintLeft": 0.012982931919395924,
    "CheekSquintRight": 0.014642305672168732
  },
  "packet_size": 314,
  "packet_hex_preview": "060000002464646431326362302d333463612d313166302d383166662d3734353633633437336235330000000847616c6146616365003b8ff3fb3d07c8000000"
}