{
  "frame_id": 708,
  "timestamp": "2025-05-19T18:04:41.938202",
  "input_values": [
    0.0,
    0.0,
    0.0,
    0.0,
    0.0,
    0.0,
    0.0,
    0.0,
    0.0,
    0.0,
    0.0,
    0.0,
    0.0,
    0.0,
    0.004011362325400114,
    0.00018780918617267162,
    0.027763372287154198,
    0.07072915136814117,
    -0.0001504815591033548,
    0.06239203363656998,
    0.0008252416737377644,
    0.00017495598876848817,
    0.008337241597473621,
    0.11074232310056686,
    0.09196530282497406,
    -1.7497957742307335e-05,
    3.19033169944305e-05,
    0.025428058579564095,
    0.02477080747485161,
    0.03592078387737274,
    0.033343713730573654,
    9.674938337411731e-05,
    0.002029148628935218,
    0.0001842885831138119,
    0.008506111800670624,
    0.006145325489342213,
    0.007677705492824316,
    0.24051973223686218,
    0.2559255361557007,
    0.10126130282878876,
    0.11568606644868851,
    0.8019872903823853,
    0.8018861413002014,
    0.2871968150138855,
    7.281791476998478e-05,
    3.229081642075471e-07,
    0.00267587136477232,
    0.05031217262148857,
    0.06534186005592346,
    0.05037109553813934,
    0.07445172965526581,
    0.0
  ],
  "active_shapes": {
    "JawRight": 0.027763372287154198,
    "JawOpen": 0.07072915136814117,
    "MouthFunnel": 0.06239203363656998,
    "MouthSmileLeft": 0.11074232310056686,
    "MouthSmileRight": 0.09196530282497406,
    "MouthDimpleLeft": 0.025428058579564095,
    "MouthDimpleRight": 0.02477080747485161,
    "MouthStretchLeft": 0.03592078387737274,
    "MouthStretchRight": 0.033343713730573654,
    "MouthLowerDownLeft": 0.24051973223686218,
    "MouthLowerDownRight": 0.2559255361557007,
    "MouthUpperUpLeft": 0.10126130282878876,
    "MouthUpperUpRight": 0.11568606644868851,
    "BrowDownLeft": 0.8019872903823853,
    "BrowDownRight": 0.8018861413002014,
    "BrowInnerUp": 0.2871968150138855,
    "CheekSquintLeft": 0.05031217262148857,
    "CheekSquintRight": 0.06534186005592346,
    "NoseSneerLeft": 0.05037109553813934,
    "NoseSneerRight": 0.07445172965526581
  },
  "packet_size": 314,
  "packet_hex_preview": "060000002464646431326362302d333463612d313166302d383166662d3734353633633437336235330000000847616c6146616365003b9594fb3d07c8000000"
}