{
  "frame_id": 328,
  "timestamp": "2025-05-19T18:04:26.011093",
  "input_values": [
    0.0,
    0.0,
    0.0,
    0.0,
    0.0,
    0.0,
    0.0,
    0.0,
    0.0,
    0.0,
    0.0,
    0.0,
    0.0,
    0.0,
    0.007086378522217274,
    3.673390165204182e-05,
    0.007822049781680107,
    0.01679421216249466,
    -1.7414469766663387e-05,
    0.0213113222271204,
    8.671233081258833e-05,
    0.0013921870850026608,
    3.1672214390709996e-05,
    0.02034386619925499,
    0.017671342939138412,
    2.7240908821113408e-05,
    3.212140654795803e-05,
    0.004175850190222263,
    0.0036661841440945864,
    0.014532312750816345,
    0.014391517266631126,
    9.826128007262014e-06,
    0.0003878366551361978,
    -3.187740367138758e-05,
    0.0004410704132169485,
    8.376963523915038e-05,
    0.00026230813818983734,
    0.0645432323217392,
    0.06448309868574142,
    0.026928836479783058,
    0.026754941791296005,
    4.290959259378724e-05,
    5.79744009883143e-05,
    0.06593386083841324,
    0.05420767143368721,
    0.054242998361587524,
    -5.0050188292516395e-05,
    0.007880124263465405,
    0.008179968222975731,
    -7.760010339552537e-05,
    0.0004262629372533411,
    0.0
  ],
  "active_shapes": {
    "JawOpen": 0.01679421216249466,
    "MouthFunnel": 0.0213113222271204,
    "MouthSmileLeft": 0.02034386619925499,
    "MouthSmileRight": 0.017671342939138412,
    "MouthStretchLeft": 0.014532312750816345,
    "MouthStretchRight": 0.014391517266631126,
    "MouthLowerDownLeft": 0.0645432323217392,
    "MouthLowerDownRight": 0.06448309868574142,
    "MouthUpperUpLeft": 0.026928836479783058,
    "MouthUpperUpRight": 0.026754941791296005,
    "BrowInnerUp": 0.06593386083841324,
    "BrowOuterUpLeft": 0.05420767143368721,
    "BrowOuterUpRight": 0.054242998361587524
  },
  "packet_size": 314,
  "packet_hex_preview": "060000002464646431326362302d333463612d313166302d383166662d3734353633633437336235330000000847616c6146616365003b91d8fb3d07c8000000"
}