{
  "frame_id": 277,
  "timestamp": "2025-05-19T18:04:24.253224",
  "input_values": [
    0.0,
    0.0,
    0.0,
    0.0,
    0.0,
    0.0,
    0.0,
    0.0,
    0.0,
    0.0,
    0.0,
    0.0,
    0.0,
    0.0,
    0.0005323886289261281,
    7.588552398374304e-05,
    0.0021518729627132416,
    0.004323627799749374,
    0.00018279261712450534,
    -2.160374788218178e-05,
    0.011769101954996586,
    3.888015271513723e-05,
    0.0013776386622339487,
    0.03022693656384945,
    0.022427478805184364,
    3.480035957181826e-05,
    6.298848893493414e-05,
    0.007494005374610424,
    0.0075978487730026245,
    0.0009199648047797382,
    0.00017531779303681105,
    0.0002841264067683369,
    0.0010688205948099494,
    0.0002945804444607347,
    0.0006782702403143048,
    0.0029829111881554127,
    0.0034222700633108616,
    0.024338798597455025,
    0.026468366384506226,
    0.0006446953630074859,
    0.0011356862960383296,
    0.304462194442749,
    0.3043736517429352,
    0.097215935587883,
    -2.4020626369747333e-05,
    -2.4282515369122848e-05,
    0.0016134593170136213,
    0.017676522955298424,
    0.022119933739304543,
    0.013123959302902222,
    0.014594309031963348,
    0.0
  ],
  "active_shapes": {
    "MouthPucker": 0.011769101954996586,
    "MouthSmileLeft": 0.03022693656384945,
    "MouthSmileRight": 0.022427478805184364,
    "MouthLowerDownLeft": 0.024338798597455025,
    "MouthLowerDownRight": 0.026468366384506226,
    "BrowDownLeft": 0.304462194442749,
    "BrowDownRight": 0.3043736517429352,
    "BrowInnerUp": 0.097215935587883,
    "CheekSquintLeft": 0.017676522955298424,
    "CheekSquintRight": 0.022119933739304543,
    "NoseSneerLeft": 0.013123959302902222,
    "NoseSneerRight": 0.014594309031963348
  },
  "packet_size": 314,
  "packet_hex_preview": "060000002464646431326362302d333463612d313166302d383166662d3734353633633437336235330000000847616c6146616365003b916ffb3d07c8000000"
}