{
  "frame_id": 25,
  "timestamp": "2025-05-19T18:04:16.035996",
  "input_values": [
    0.0,
    0.0,
    0.0,
    0.0,
    0.0,
    0.0,
    0.0,
    0.0,
    0.0,
    0.0,
    0.0,
    0.0,
    0.0,
    0.0,
    0.013576844707131386,
    0.0002786327968351543,
    0.007564646191895008,
    0.014743166975677013,
    0.02765166200697422,
    -1.0601095709716901e-05,
    0.0020634112879633904,
    0.0038246093317866325,
    0.005973928142338991,
    0.05567033216357231,
    0.04377366602420807,
    0.00028861704049631953,
    -0.00037151819560676813,
    0.006180673837661743,
    0.005660606548190117,
    0.001859673298895359,
    0.0003833568771369755,
    0.010183692909777164,
    0.004508938640356064,
    0.0007073956658132374,
    0.0005940364208072424,
    0.0006015933468006551,
    0.0009334461647085845,
    0.0026213182136416435,
    0.0009356581140309572,
    -0.0019042894709855318,
    0.0007281068246811628,
    0.09017625451087952,
    0.09014564752578735,
    0.0014651280362159014,
    -0.00022457231534644961,
    -0.0003833161317743361,
    0.0026884188409894705,
    0.024004990234971046,
    0.03860911726951599,
    0.00631379010155797,
    0.010709477588534355,
    0.0
  ],
  "active_shapes": {
    "JawForward": 0.013576844707131386,
    "JawOpen": 0.014743166975677013,
    "MouthClose": 0.02765166200697422,
    "MouthSmileLeft": 0.05567033216357231,
    "MouthSmileRight": 0.04377366602420807,
    "MouthRollLower": 0.010183692909777164,
    "BrowDownLeft": 0.09017625451087952,
    "BrowDownRight": 0.09014564752578735,
    "CheekSquintLeft": 0.024004990234971046,
    "CheekSquintRight": 0.03860911726951599,
    "NoseSneerRight": 0.010709477588534355
  },
  "packet_size": 314,
  "packet_hex_preview": "060000002464646431326362302d333463612d313166302d383166662d3734353633633437336235330000000847616c6146616365003b8f82fb3d07c8000000"
}