{
  "frame_id": 47,
  "timestamp": "2025-05-19T18:04:17.007391",
  "input_values": [
    0.0,
    0.0,
    0.0,
    0.0,
    0.0,
    0.0,
    0.0,
    0.0,
    0.0,
    0.0,
    0.0,
    0.0,
    0.0,
    0.0,
    0.01692703366279602,
    0.00019159019575454295,
    0.008595854043960571,
    0.025713667273521423,
    0.025165600702166557,
    0.014671259559690952,
    0.016604073345661163,
    0.0004482726799324155,
    0.004809362348169088,
    -0.0006001187139190733,
    0.0007188843446783721,
    0.0009556161239743233,
    -0.00022044328215997666,
    0.0011848699068650603,
    0.0015156742883846164,
    -5.2328803576529026e-05,
    0.00048665431677363813,
    0.015368105843663216,
    0.001423126901499927,
    0.0070158615708351135,
    0.003515157848596573,
    -1.1546686437213793e-05,
    0.0002656013530213386,
    -2.2581383746000938e-05,
    0.007904602214694023,
    0.0026982924900949,
    0.009905850514769554,
    0.0030151577666401863,
    0.002985795959830284,
    0.00581833953037858,
    0.002801779191941023,
    0.0025811425875872374,
    0.0023600757122039795,
    0.021931931376457214,
    0.036067020148038864,
    0.03528695926070213,
    0.03926872834563255,
    0.0
  ],
  "active_shapes": {
    "JawForward": 0.01692703366279602,
    "JawOpen": 0.025713667273521423,
    "MouthClose": 0.025165600702166557,
    "MouthFunnel": 0.014671259559690952,
    "MouthPucker": 0.016604073345661163,
    "MouthRollLower": 0.015368105843663216,
    "CheekSquintLeft": 0.021931931376457214,
    "CheekSquintRight": 0.036067020148038864,
    "NoseSneerLeft": 0.03528695926070213,
    "NoseSneerRight": 0.03926872834563255
  },
  "packet_size": 314,
  "packet_hex_preview": "060000002464646431326362302d333463612d313166302d383166662d3734353633633437336235330000000847616c6146616365003b8fbcfb3d07c8000000"
}