{
  "frame_id": 159,
  "timestamp": "2025-05-19T18:04:20.468106",
  "input_values": [
    0.0,
    0.0,
    0.0,
    0.0,
    0.0,
    0.0,
    0.0,
    0.0,
    0.0,
    0.0,
    0.0,
    0.0,
    0.0,
    0.0,
    0.0008688991656526923,
    7.500781794078648e-05,
    0.006779758725315332,
    0.021922068670392036,
    6.673641473753378e-05,
    0.038012631237506866,
    0.01934603974223137,
    0.000717926595825702,
    0.00016699524712748826,
    0.033644068986177444,
    0.025887031108140945,
    -8.796263500698842e-06,
    3.400704372324981e-05,
    0.0034237713553011417,
    0.003195730969309807,
    -0.00010266541357850656,
    0.00032465317053720355,
    3.326781097712228e-06,
    0.001869918778538704,
    8.880709356162697e-05,
    0.00016204253188334405,
    0.0026011099107563496,
    0.002560283523052931,
    0.05674988031387329,
    0.05805080011487007,
    0.02138487622141838,
    0.02125426195561886,
    0.04715609923005104,
    0.04703976958990097,
    0.006741423159837723,
    2.389864675933495e-05,
    2.901834341173526e-05,
    0.0006402862491086125,
    0.01708473451435566,
    0.016116101294755936,
    0.006885630078613758,
    0.0034099682234227657,
    0.0
  ],
  "active_shapes": {
    "JawOpen": 0.021922068670392036,
    "MouthFunnel": 0.038012631237506866,
    "MouthPucker": 0.01934603974223137,
    "MouthSmileLeft": 0.033644068986177444,
    "MouthSmileRight": 0.025887031108140945,
    "MouthLowerDownLeft": 0.05674988031387329,
    "MouthLowerDownRight": 0.05805080011487007,
    "MouthUpperUpLeft": 0.02138487622141838,
    "MouthUpperUpRight": 0.02125426195561886,
    "BrowDownLeft": 0.04715609923005104,
    "BrowDownRight": 0.04703976958990097,
    "CheekSquintLeft": 0.01708473451435566,
    "CheekSquintRight": 0.016116101294755936
  },
  "packet_size": 314,
  "packet_hex_preview": "060000002464646431326362302d333463612d313166302d383166662d3734353633633437336235330000000847616c6146616365003b908cfb3d07c8000000"
}