{
  "frame_id": 389,
  "timestamp": "2025-05-19T18:04:27.692812",
  "input_values": [
    0.0,
    0.0,
    0.0,
    0.0,
    0.0,
    0.0,
    0.0,
    0.0,
    0.0,
    0.0,
    0.0,
    0.0,
    0.0,
    0.0,
    0.03605744242668152,
    0.00010916977771557868,
    0.016453100368380547,
    0.12277758121490479,
    0.00028489093529060483,
    0.1618170291185379,
    0.00035312309046275914,
    0.00494927354156971,
    -4.54774490208365e-05,
    0.03405613452196121,
    0.027869759127497673,
    8.545868331566453e-05,
    6.459326687036082e-05,
    0.008083270862698555,
    0.006064204033464193,
    0.06724435836076736,
    0.06736501306295395,
    7.178843952715397e-05,
    0.004368905909359455,
    -0.00010389664385002106,
    0.0007672726642340422,
    -2.4748876967350952e-05,
    0.0004469140258152038,
    0.2776716947555542,
    0.2766115367412567,
    0.09718601405620575,
    0.09790898114442825,
    -9.626000974094495e-06,
    2.2554337192559615e-05,
    0.3505359888076782,
    0.3139379620552063,
    0.3140389919281006,
    0.00018525996711105108,
    0.041165709495544434,
    0.04226107895374298,
    0.008427216671407223,
    0.011815282516181469,
    0.0
  ],
  "active_shapes": {
    "JawForward": 0.03605744242668152,
    "JawRight": 0.016453100368380547,
    "JawOpen": 0.12277758121490479,
    "MouthFunnel": 0.1618170291185379,
    "MouthSmileLeft": 0.03405613452196121,
    "MouthSmileRight": 0.027869759127497673,
    "MouthStretchLeft": 0.06724435836076736,
    "MouthStretchRight": 0.06736501306295395,
    "MouthLowerDownLeft": 0.2776716947555542,
    "MouthLowerDownRight": 0.2766115367412567,
    "MouthUpperUpLeft": 0.09718601405620575,
    "MouthUpperUpRight": 0.09790898114442825,
    "BrowInnerUp": 0.3505359888076782,
    "BrowOuterUpLeft": 0.3139379620552063,
    "BrowOuterUpRight": 0.3140389919281006,
    "CheekSquintLeft": 0.041165709495544434,
    "CheekSquintRight": 0.04226107895374298,
    "NoseSneerRight": 0.011815282516181469
  },
  "packet_size": 314,
  "packet_hex_preview": "060000002464646431326362302d333463612d313166302d383166662d3734353633633437336235330000000847616c6146616365003b923dfb3d07c8000000"
}