{
  "frame_id": 680,
  "timestamp": "2025-05-19T18:04:40.341098",
  "input_values": [
    0.0,
    0.0,
    0.0,
    0.0,
    0.0,
    0.0,
    0.0,
    0.0,
    0.0,
    0.0,
    0.0,
    0.0,
    0.0,
    0.0,
    0.001781776431016624,
    0.0001892778236651793,
    0.016408398747444153,
    0.02528602071106434,
    1.7607706467970274e-05,
    0.008838546462357044,
    0.0011257685255259275,
    0.00017784368537832052,
    0.004401031881570816,
    0.13900868594646454,
    0.1190466433763504,
    -5.0638438551686704e-05,
    6.890229997225106e-05,
    0.026995860040187836,
    0.027989206835627556,
    0.011967593804001808,
    0.015822362154722214,
    0.000574258272536099,
    0.00377723784185946,
    0.0003316187357995659,
    0.002060181926935911,
    0.006102390121668577,
    0.007324569392949343,
    0.14823414385318756,
    0.15745927393436432,
    0.0372437909245491,
    0.04324796050786972,
    0.7691409587860107,
    0.7689974308013916,
    0.24624721705913544,
    2.303015389770735e-05,
    3.082498733419925e-05,
    0.0031195790506899357,
    0.052083633840084076,
    0.06716075539588928,
    0.03504416346549988,
    0.04638287425041199,
    0.0
  ],
  "active_shapes": {
    "JawRight": 0.016408398747444153,
    "JawOpen": 0.02528602071106434,
    "MouthSmileLeft": 0.13900868594646454,
    "MouthSmileRight": 0.1190466433763504,
    "MouthDimpleLeft": 0.026995860040187836,
    "MouthDimpleRight": 0.027989206835627556,
    "MouthStretchLeft": 0.011967593804001808,
    "MouthStretchRight": 0.015822362154722214,
    "MouthLowerDownLeft": 0.14823414385318756,
    "MouthLowerDownRight": 0.15745927393436432,
    "MouthUpperUpLeft": 0.0372437909245491,
    "MouthUpperUpRight": 0.04324796050786972,
    "BrowDownLeft": 0.7691409587860107,
    "BrowDownRight": 0.7689974308013916,
    "BrowInnerUp": 0.24624721705913544,
    "CheekSquintLeft": 0.052083633840084076,
    "CheekSquintRight": 0.06716075539588928,
    "NoseSneerLeft": 0.03504416346549988,
    "NoseSneerRight": 0.04638287425041199
  },
  "packet_size": 314,
  "packet_hex_preview": "060000002464646431326362302d333463612d313166302d383166662d3734353633633437336235330000000847616c6146616365003b9534fb3d07c8000000"
}