{
  "frame_id": 39,
  "timestamp": "2025-05-19T18:04:16.591025",
  "input_values": [
    0.0,
    0.0,
    0.0,
    0.0,
    0.0,
    0.0,
    0.0,
    0.0,
    0.0,
    0.0,
    0.0,
    0.0,
    0.0,
    0.0,
    0.00239559100009501,
    0.00011351878492860124,
    0.019223762676119804,
    0.027934957295656204,
    -0.0002340825303690508,
    0.032222822308540344,
    0.0051572853699326515,
    -0.0002923402935266495,
    0.003573052119463682,
    0.07829296588897705,
    0.06745249032974243,
    -4.893912046100013e-05,
    3.879113864968531e-05,
    0.010661992244422436,
    0.010498681105673313,
    8.103205618681386e-05,
    0.00022426348004955798,
    -1.904178361655795e-06,
    0.0004080292710568756,
    0.0023483941331505775,
    0.014595668762922287,
    0.006752666085958481,
    0.007424639072269201,
    0.11040942370891571,
    0.11993435770273209,
    0.07202353328466415,
    0.07828918099403381,
    0.4664084315299988,
    0.4662545323371887,
    0.0995585173368454,
    4.9005098844645545e-05,
    -2.9649585485458374e-05,
    0.00135846680495888,
    0.038586121052503586,
    0.045645203441381454,
    0.05541371926665306,
    0.06100066751241684,
    0.0
  ],
  "active_shapes": {
    "JawRight": 0.019223762676119804,
    "JawOpen": 0.027934957295656204,
    "MouthFunnel": 0.032222822308540344,
    "MouthSmileLeft": 0.07829296588897705,
    "MouthSmileRight": 0.06745249032974243,
    "MouthDimpleLeft": 0.010661992244422436,
    "MouthDimpleRight": 0.010498681105673313,
    "MouthShrugUpper": 0.014595668762922287,
    "MouthLowerDownLeft": 0.11040942370891571,
    "MouthLowerDownRight": 0.11993435770273209,
    "MouthUpperUpLeft": 0.07202353328466415,
    "MouthUpperUpRight": 0.07828918099403381,
    "BrowDownLeft": 0.4664084315299988,
    "BrowDownRight": 0.4662545323371887,
    "BrowInnerUp": 0.0995585173368454,
    "CheekSquintLeft": 0.038586121052503586,
    "CheekSquintRight": 0.045645203441381454,
    "NoseSneerLeft": 0.05541371926665306,
    "NoseSneerRight": 0.06100066751241684
  },
  "packet_size": 314,
  "packet_hex_preview": "060000002464646431326362302d333463612d313166302d383166662d3734353633633437336235330000000847616c6146616365003b8fa3fb3d07c8000000"
}