{
  "frame_id": 333,
  "timestamp": "2025-05-19T18:04:26.058570",
  "input_values": [
    0.0,
    0.0,
    0.0,
    0.0,
    0.0,
    0.0,
    0.0,
    0.0,
    0.0,
    0.0,
    0.0,
    0.0,
    0.0,
    0.0,
    0.0044744242914021015,
    0.00019143382087349892,
    0.01974145881831646,
    0.06578825414180756,
    8.670260285725817e-05,
    0.042096689343452454,
    0.0098124910145998,
    0.00016823898477014154,
    0.006632865872234106,
    0.1160535141825676,
    0.09537772089242935,
    -4.924696986563504e-05,
    -2.5741528588696383e-05,
    0.027980618178844452,
    0.028144221752882004,
    0.02031141333281994,
    0.018047885969281197,
    0.00013414236309472471,
    0.0029088351875543594,
    0.00016320105351042002,
    0.002366215456277132,
    0.007078870665282011,
    0.008638627827167511,
    0.19485056400299072,
    0.21161645650863647,
    0.06686954945325851,
    0.07693258672952652,
    0.7964848875999451,
    0.7963097095489502,
    0.23575878143310547,
    1.568447805766482e-05,
    -6.156116796773858e-06,
    0.002275296254083514,
    0.05167314410209656,
    0.06660548597574234,
    0.0580085888504982,
    0.07491564750671387,
    0.0
  ],
  "active_shapes": {
    "JawRight": 0.01974145881831646,
    "JawOpen": 0.06578825414180756,
    "MouthFunnel": 0.042096689343452454,
    "MouthSmileLeft": 0.1160535141825676,
    "MouthSmileRight": 0.09537772089242935,
    "MouthDimpleLeft": 0.027980618178844452,
    "MouthDimpleRight": 0.028144221752882004,
    "MouthStretchLeft": 0.02031141333281994,
    "MouthStretchRight": 0.018047885969281197,
    "MouthLowerDownLeft": 0.19485056400299072,
    "MouthLowerDownRight": 0.21161645650863647,
    "MouthUpperUpLeft": 0.06686954945325851,
    "MouthUpperUpRight": 0.07693258672952652,
    "BrowDownLeft": 0.7964848875999451,
    "BrowDownRight": 0.7963097095489502,
    "BrowInnerUp": 0.23575878143310547,
    "CheekSquintLeft": 0.05167314410209656,
    "CheekSquintRight": 0.06660548597574234,
    "NoseSneerLeft": 0.0580085888504982,
    "NoseSneerRight": 0.07491564750671387
  },
  "packet_size": 314,
  "packet_hex_preview": "060000002464646431326362302d333463612d313166302d383166662d3734353633633437336235330000000847616c6146616365003b91dbfb3d07c8000000"
}