{
  "frame_id": 545,
  "timestamp": "2025-05-19T18:04:33.139042",
  "input_values": [
    0.0,
    0.0,
    0.0,
    0.0,
    0.0,
    0.0,
    0.0,
    0.0,
    0.0,
    0.0,
    0.0,
    0.0,
    0.0,
    0.0,
    0.006285257637500763,
    0.00015072202950250357,
    0.023332301527261734,
    0.025812003761529922,
    0.012478986755013466,
    0.03687657415866852,
    0.004302884452044964,
    0.0018596879672259092,
    0.0028150207363069057,
    0.0480031743645668,
    0.0529983825981617,
    -3.494725388009101e-05,
    5.445534407044761e-05,
    0.010642657056450844,
    0.011000282131135464,
    0.019377633929252625,
    0.028221536427736282,
    2.3071913801686605e-06,
    0.00257862638682127,
    -8.56795595609583e-05,
    0.00019920620252378285,
    0.0012234820751473308,
    0.0012689458671957254,
    0.0635591447353363,
    0.06746024638414383,
    0.025010254234075546,
    0.026137297973036766,
    0.07767456024885178,
    0.07755081355571747,
    0.042563170194625854,
    0.03423582389950752,
    0.034224167466163635,
    0.00010641951666912064,
    0.028764406219124794,
    0.033823005855083466,
    0.015278080478310585,
    0.015826065093278885,
    0.0
  ],
  "active_shapes": {
    "JawRight": 0.023332301527261734,
    "JawOpen": 0.025812003761529922,
    "MouthClose": 0.012478986755013466,
    "MouthFunnel": 0.03687657415866852,
    "MouthSmileLeft": 0.0480031743645668,
    "MouthSmileRight": 0.0529983825981617,
    "MouthDimpleLeft": 0.010642657056450844,
    "MouthDimpleRight": 0.011000282131135464,
    "MouthStretchLeft": 0.019377633929252625,
    "MouthStretchRight": 0.028221536427736282,
    "MouthLowerDownLeft": 0.0635591447353363,
    "MouthLowerDownRight": 0.06746024638414383,
    "MouthUpperUpLeft": 0.025010254234075546,
    "MouthUpperUpRight": 0.026137297973036766,
    "BrowDownLeft": 0.07767456024885178,
    "BrowDownRight": 0.07755081355571747,
    "BrowInnerUp": 0.042563170194625854,
    "BrowOuterUpLeft": 0.03423582389950752,
    "BrowOuterUpRight": 0.034224167466163635,
    "CheekSquintLeft": 0.028764406219124794,
    "CheekSquintRight": 0.033823005855083466,
    "NoseSneerLeft": 0.015278080478310585,
    "NoseSneerRight": 0.015826065093278885
  },
  "packet_size": 314,
  "packet_hex_preview": "060000002464646431326362302d333463612d313166302d383166662d3734353633633437336235330000000847616c6146616365003b9384fb3d07c8000000"
}