{
  "frame_id": 594,
  "timestamp": "2025-05-19T18:04:35.847526",
  "input_values": [
    0.0,
    0.0,
    0.0,
    0.0,
    0.0,
    0.0,
    0.0,
    0.0,
    0.0,
    0.0,
    0.0,
    0.0,
    0.0,
    0.0,
    0.0005829922156408429,
    0.00015107114450074732,
    0.020674241706728935,
    0.0598134882748127,
    -5.710943878511898e-05,
    0.05132216960191727,
    0.000648334389552474,
    0.00029075954807922244,
    0.0018402801360934973,
    0.11044304072856903,
    0.08655191957950592,
    -2.2588588763028383e-05,
    5.4004613048164174e-05,
    0.015012266114354134,
    0.014327344484627247,
    0.00021177581220399588,
    0.0007859611650928855,
    7.102467498043552e-05,
    0.0027178970631211996,
    0.0004653233918361366,
    0.01313782762736082,
    0.008058247156441212,
    0.00884365476667881,
    0.1843326985836029,
    0.19738644361495972,
    0.0986817479133606,
    0.10591328144073486,
    0.5694021582603455,
    0.5691788196563721,
    0.037498682737350464,
    3.4557429898995906e-05,
    -1.7214893887285143e-05,
    0.000953791372012347,
    0.044023383408784866,
    0.04827389121055603,
    0.10752775520086288,
    0.11654496192932129,
    0.0
  ],
  "active_shapes": {
    "JawRight": 0.020674241706728935,
    "JawOpen": 0.0598134882748127,
    "MouthFunnel": 0.05132216960191727,
    "MouthSmileLeft": 0.11044304072856903,
    "MouthSmileRight": 0.08655191957950592,
    "MouthDimpleLeft": 0.015012266114354134,
    "MouthDimpleRight": 0.014327344484627247,
    "MouthShrugUpper": 0.01313782762736082,
    "MouthLowerDownLeft": 0.1843326985836029,
    "MouthLowerDownRight": 0.19738644361495972,
    "MouthUpperUpLeft": 0.0986817479133606,
    "MouthUpperUpRight": 0.10591328144073486,
    "BrowDownLeft": 0.5694021582603455,
    "BrowDownRight": 0.5691788196563721,
    "BrowInnerUp": 0.037498682737350464,
    "CheekSquintLeft": 0.044023383408784866,
    "CheekSquintRight": 0.04827389121055603,
    "NoseSneerLeft": 0.10752775520086288,
    "NoseSneerRight": 0.11654496192932129
  },
  "packet_size": 314,
  "packet_hex_preview": "060000002464646431326362302d333463612d313166302d383166662d3734353633633437336235330000000847616c6146616365003b9426fb3d07c8000000"
}