{
  "frame_id": 27,
  "timestamp": "2025-05-19T18:04:16.052713",
  "input_values": [
    0.0,
    0.0,
    0.0,
    0.0,
    0.0,
    0.0,
    0.0,
    0.0,
    0.0,
    0.0,
    0.0,
    0.0,
    0.0,
    0.0,
    0.011402509175240993,
    0.00026353445718996227,
    0.004672255367040634,
    0.010426082648336887,
    0.024835355579853058,
    -2.5275759981013834e-05,
    0.001274353708140552,
    0.005176499951630831,
    0.0045398748479783535,
    0.06828700751066208,
    0.05527235567569733,
    0.00016802389291115105,
    -0.00024208314425777644,
    0.006657445337623358,
    0.006136469077318907,
    0.003504847176373005,
    0.0006060136365704238,
    0.011612099595367908,
    0.005110583268105984,
    0.0006839537527412176,
    0.0005217281868681312,
    0.0007833100389689207,
    0.0011754242004826665,
    0.004349733702838421,
    0.0020032429601997137,
    -0.0017182538285851479,
    0.00047986238496378064,
    0.1019418016076088,
    0.10187070816755295,
    0.005199571140110493,
    -0.00026909340522252023,
    -0.0003967692027799785,
    0.002603885717689991,
    0.025345953181385994,
    0.039342448115348816,
    0.005881615448743105,
    0.009489798918366432,
    0.0
  ],
  "active_shapes": {
    "JawForward": 0.011402509175240993,
    "JawOpen": 0.010426082648336887,
    "MouthClose": 0.024835355579853058,
    "MouthSmileLeft": 0.06828700751066208,
    "MouthSmileRight": 0.05527235567569733,
    "MouthRollLower": 0.011612099595367908,
    "BrowDownLeft": 0.1019418016076088,
    "BrowDownRight": 0.10187070816755295,
    "CheekSquintLeft": 0.025345953181385994,
    "CheekSquintRight": 0.039342448115348816
  },
  "packet_size": 314,
  "packet_hex_preview": "060000002464646431326362302d333463612d313166302d383166662d3734353633633437336235330000000847616c6146616365003b8f83fb3d07c8000000"
}