{
  "frame_id": 304,
  "timestamp": "2025-05-19T18:04:25.161297",
  "input_values": [
    0.0,
    0.0,
    0.0,
    0.0,
    0.0,
    0.0,
    0.0,
    0.0,
    0.0,
    0.0,
    0.0,
    0.0,
    0.0,
    0.0,
    0.013598432764410973,
    0.00010949742136290297,
    0.00333902845159173,
    0.00683955941349268,
    0.007933222688734531,
    0.004341902211308479,
    0.00938593689352274,
    0.018591830506920815,
    3.608931365306489e-05,
    0.02719811722636223,
    0.009440641850233078,
    0.0007124182302504778,
    0.003696681698784232,
    0.012722400017082691,
    0.00977117009460926,
    0.05062824487686157,
    0.04294802248477936,
    0.01560210157185793,
    0.01076623983681202,
    0.00026630525826476514,
    -1.770340713846963e-05,
    -0.00020715656864922494,
    0.0003684445400722325,
    0.0621393583714962,
    0.05145931988954544,
    0.0008797540212981403,
    4.5328437408898026e-05,
    0.0001375328574795276,
    -7.413750427076593e-05,
    0.3489835262298584,
    0.2455601543188095,
    0.24594907462596893,
    0.001174681936390698,
    0.024939581751823425,
    0.02393672801554203,
    -5.564468301599845e-05,
    -0.0002904193534050137,
    0.0
  ],
  "active_shapes": {
    "JawForward": 0.013598432764410973,
    "MouthLeft": 0.018591830506920815,
    "MouthSmileLeft": 0.02719811722636223,
    "MouthDimpleLeft": 0.012722400017082691,
    "MouthStretchLeft": 0.05062824487686157,
    "MouthStretchRight": 0.04294802248477936,
    "MouthRollLower": 0.01560210157185793,
    "MouthRollUpper": 0.01076623983681202,
    "MouthLowerDownLeft": 0.0621393583714962,
    "MouthLowerDownRight": 0.05145931988954544,
    "BrowInnerUp": 0.3489835262298584,
    "BrowOuterUpLeft": 0.2455601543188095,
    "BrowOuterUpRight": 0.24594907462596893,
    "CheekSquintLeft": 0.024939581751823425,
    "CheekSquintRight": 0.02393672801554203
  },
  "packet_size": 314,
  "packet_hex_preview": "060000002464646431326362302d333463612d313166302d383166662d3734353633633437336235330000000847616c6146616365003b91a5fb3d07c8000000"
}