{
  "frame_id": 626,
  "timestamp": "2025-05-19T18:04:37.679185",
  "input_values": [
    0.0,
    0.0,
    0.0,
    0.0,
    0.0,
    0.0,
    0.0,
    0.0,
    0.0,
    0.0,
    0.0,
    0.0,
    0.0,
    0.0,
    0.00090437923790887,
    4.799136513611302e-05,
    0.0010091854492202401,
    0.008169395849108696,
    0.004093117080628872,
    0.0022661874536424875,
    0.0016575735062360764,
    0.0003817676624748856,
    0.0005372245796024799,
    0.0029427811969071627,
    0.0017775887390598655,
    3.041270792891737e-05,
    -4.802812691195868e-05,
    0.002408456290140748,
    0.0022924463264644146,
    0.0003545742074493319,
    0.0006264409748837352,
    0.00010913371806964278,
    0.0010515254689380527,
    1.3558141290559433e-05,
    0.00011948771862080321,
    0.0003744839923456311,
    0.0004078308120369911,
    0.005135043058544397,
    0.006704886443912983,
    -0.0003132903075311333,
    9.76815790636465e-05,
    0.02751583233475685,
    0.02746630273759365,
    0.005828522611409426,
    -2.2421338144340552e-05,
    -3.5952361940871924e-05,
    0.0004961529048159719,
    0.005613159853965044,
    0.007327046245336533,
    0.0002736363676376641,
    0.0002730346459429711,
    0.0
  ],
  "active_shapes": {
    "BrowDownLeft": 0.02751583233475685,
    "BrowDownRight": 0.02746630273759365
  },
  "packet_size": 314,
  "packet_hex_preview": "060000002464646431326362302d333463612d313166302d383166662d3734353633633437336235330000000847616c6146616365003b9494fb3d07c8000000"
}