{
  "frame_id": 445,
  "timestamp": "2025-05-19T18:04:29.507639",
  "input_values": [
    0.0,
    0.0,
    0.0,
    0.0,
    0.0,
    0.0,
    0.0,
    0.0,
    0.0,
    0.0,
    0.0,
    0.0,
    0.0,
    0.0,
    0.0038705035112798214,
    0.00018875263049267232,
    0.022468019276857376,
    0.03599327430129051,
    -1.6958546211753855e-06,
    0.01916264183819294,
    0.016370678320527077,
    0.00029397127218544483,
    0.004272603429853916,
    0.1025889664888382,
    0.08042743802070618,
    -1.8147053197026253e-05,
    8.632711978862062e-05,
    0.02610311098396778,
    0.025653237476944923,
    0.006874109618365765,
    0.007692692335695028,
    0.0005725580267608166,
    0.003360346658155322,
    0.005866575054824352,
    0.01368164923042059,
    0.008214632049202919,
    0.009635062888264656,
    0.10841114073991776,
    0.1162852793931961,
    0.0441710501909256,
    0.04985187575221062,
    0.7829965353012085,
    0.782797634601593,
    0.15617486834526062,
    -8.640993473818526e-05,
    -7.79165347921662e-05,
    0.0022331865038722754,
    0.06326896697282791,
    0.07723327726125717,
    0.05952534079551697,
    0.07064533978700638,
    0.0
  ],
  "active_shapes": {
    "JawRight": 0.022468019276857376,
    "JawOpen": 0.03599327430129051,
    "MouthFunnel": 0.01916264183819294,
    "MouthPucker": 0.016370678320527077,
    "MouthSmileLeft": 0.1025889664888382,
    "MouthSmileRight": 0.08042743802070618,
    "MouthDimpleLeft": 0.02610311098396778,
    "MouthDimpleRight": 0.025653237476944923,
    "MouthShrugUpper": 0.01368164923042059,
    "MouthLowerDownLeft": 0.10841114073991776,
    "MouthLowerDownRight": 0.1162852793931961,
    "MouthUpperUpLeft": 0.0441710501909256,
    "MouthUpperUpRight": 0.04985187575221062,
    "BrowDownLeft": 0.7829965353012085,
    "BrowDownRight": 0.782797634601593,
    "BrowInnerUp": 0.15617486834526062,
    "CheekSquintLeft": 0.06326896697282791,
    "CheekSquintRight": 0.07723327726125717,
    "NoseSneerLeft": 0.05952534079551697,
    "NoseSneerRight": 0.07064533978700638
  },
  "packet_size": 314,
  "packet_hex_preview": "060000002464646431326362302d333463612d313166302d383166662d3734353633633437336235330000000847616c6146616365003b92aafb3d07c8000000"
}