{
  "frame_id": 71,
  "timestamp": "2025-05-19T18:04:17.546225",
  "input_values": [
    0.0,
    0.0,
    0.0,
    0.0,
    0.0,
    0.0,
    0.0,
    0.0,
    0.0,
    0.0,
    0.0,
    0.0,
    0.0,
    0.0,
    0.0425216406583786,
    0.00018250237917527556,
    0.039528653025627136,
    0.12016903609037399,
    -0.000414162379456684,
    0.1040327176451683,
    6.812917126808316e-05,
    0.010392253287136555,
    -0.00016274793597403914,
    0.14478367567062378,
    0.12695364654064178,
    -3.6011755582876503e-05,
    7.825248030712828e-05,
    0.023022489622235298,
    0.02075708843767643,
    0.10108491778373718,
    0.09944330900907516,
    7.555205229436979e-06,
    0.0017733910353854299,
    -0.00015735391934867948,
    0.0006866769399493933,
    6.172798748593777e-05,
    0.0006994514260441065,
    0.4460350275039673,
    0.4443279504776001,
    0.14919611811637878,
    0.14583446085453033,
    0.0006714628543704748,
    0.0006442919257096946,
    0.5084236860275269,
    0.3399609625339508,
    0.3402114808559418,
    -0.0004620854160748422,
    0.04588764160871506,
    0.04582095518708229,
    -0.00035652925726026297,
    0.0009642914519645274,
    0.0
  ],
  "active_shapes": {
    "JawForward": 0.0425216406583786,
    "JawRight": 0.039528653025627136,
    "JawOpen": 0.12016903609037399,
    "MouthFunnel": 0.1040327176451683,
    "MouthLeft": 0.010392253287136555,
    "MouthSmileLeft": 0.14478367567062378,
    "MouthSmileRight": 0.12695364654064178,
    "MouthDimpleLeft": 0.023022489622235298,
    "MouthDimpleRight": 0.02075708843767643,
    "MouthStretchLeft": 0.10108491778373718,
    "MouthStretchRight": 0.09944330900907516,
    "MouthLowerDownLeft": 0.4460350275039673,
    "MouthLowerDownRight": 0.4443279504776001,
    "MouthUpperUpLeft": 0.14919611811637878,
    "MouthUpperUpRight": 0.14583446085453033,
    "BrowInnerUp": 0.5084236860275269,
    "BrowOuterUpLeft": 0.3399609625339508,
    "BrowOuterUpRight": 0.3402114808559418,
    "CheekSquintLeft": 0.04588764160871506,
    "CheekSquintRight": 0.04582095518708229
  },
  "packet_size": 314,
  "packet_hex_preview": "060000002464646431326362302d333463612d313166302d383166662d3734353633633437336235330000000847616c6146616365003b8fdcfb3d07c8000000"
}