{
  "frame_id": 459,
  "timestamp": "2025-05-19T18:04:29.949003",
  "input_values": [
    0.0,
    0.0,
    0.0,
    0.0,
    0.0,
    0.0,
    0.0,
    0.0,
    0.0,
    0.0,
    0.0,
    0.0,
    0.0,
    0.0,
    0.001363543444313109,
    0.00019268605683464557,
    0.011740143410861492,
    0.08073177188634872,
    0.0002777235640678555,
    0.11755391955375671,
    0.017377473413944244,
    0.00034029679954983294,
    0.004769090563058853,
    0.029634738340973854,
    0.04095492511987686,
    -8.755249291425571e-05,
    -4.823873950954294e-06,
    0.018736407160758972,
    0.018600858747959137,
    0.026900341734290123,
    0.02015323005616665,
    5.531031547434395e-06,
    0.0037008437793701887,
    5.6837463489500806e-05,
    0.0007416688022203743,
    0.006505957338958979,
    0.007638442330062389,
    0.20376676321029663,
    0.2149452567100525,
    0.05502009391784668,
    0.06831471621990204,
    0.6016565561294556,
    0.6014087796211243,
    0.19670569896697998,
    -0.00011068809544667602,
    -0.00020402326481416821,
    0.003674970008432865,
    0.035064447671175,
    0.04704950004816055,
    0.004528908524662256,
    0.01201521884649992,
    0.0
  ],
  "active_shapes": {
    "JawRight": 0.011740143410861492,
    "JawOpen": 0.08073177188634872,
    "MouthFunnel": 0.11755391955375671,
    "MouthPucker": 0.017377473413944244,
    "MouthSmileLeft": 0.029634738340973854,
    "MouthSmileRight": 0.04095492511987686,
    "MouthDimpleLeft": 0.018736407160758972,
    "MouthDimpleRight": 0.018600858747959137,
    "MouthStretchLeft": 0.026900341734290123,
    "MouthStretchRight": 0.02015323005616665,
    "MouthLowerDownLeft": 0.20376676321029663,
    "MouthLowerDownRight": 0.2149452567100525,
    "MouthUpperUpLeft": 0.05502009391784668,
    "MouthUpperUpRight": 0.06831471621990204,
    "BrowDownLeft": 0.6016565561294556,
    "BrowDownRight": 0.6014087796211243,
    "BrowInnerUp": 0.19670569896697998,
    "CheekSquintLeft": 0.035064447671175,
    "CheekSquintRight": 0.04704950004816055,
    "NoseSneerRight": 0.01201521884649992
  },
  "packet_size": 314,
  "packet_hex_preview": "060000002464646431326362302d333463612d313166302d383166662d3734353633633437336235330000000847616c6146616365003b92c4fb3d07c8000000"
}