{
  "frame_id": 165,
  "timestamp": "2025-05-19T18:04:20.518577",
  "input_values": [
    0.0,
    0.0,
    0.0,
    0.0,
    0.0,
    0.0,
    0.0,
    0.0,
    0.0,
    0.0,
    0.0,
    0.0,
    0.0,
    0.0,
    0.0053197890520095825,
    0.00018724723486229777,
    0.024822965264320374,
    0.07668069750070572,
    0.00011191894009243697,
    0.0834895595908165,
    0.00040019676089286804,
    0.0019339110003784299,
    0.0005601633456535637,
    0.1234058067202568,
    0.10264045745134354,
    -1.0480704077053815e-05,
    3.062598989345133e-05,
    0.013406114652752876,
    0.0133604034781456,
    0.0008825540426187217,
    0.002242911607027054,
    6.305696297204122e-05,
    0.004188141319900751,
    -2.4736300474614836e-06,
    0.0004280958673916757,
    0.005500431172549725,
    0.005584723316133022,
    0.20433904230594635,
    0.21034745872020721,
    0.07310684025287628,
    0.07470681518316269,
    0.1296018362045288,
    0.12927794456481934,
    0.008796732872724533,
    -6.633628072449937e-05,
    -5.666270953952335e-05,
    0.0004515519831329584,
    0.042765259742736816,
    0.04270865023136139,
    0.011121690273284912,
    0.007618322502821684,
    0.0
  ],
  "active_shapes": {
    "JawRight": 0.024822965264320374,
    "JawOpen": 0.07668069750070572,
    "MouthFunnel": 0.0834895595908165,
    "MouthSmileLeft": 0.1234058067202568,
    "MouthSmileRight": 0.10264045745134354,
    "MouthDimpleLeft": 0.013406114652752876,
    "MouthDimpleRight": 0.0133604034781456,
    "MouthLowerDownLeft": 0.20433904230594635,
    "MouthLowerDownRight": 0.21034745872020721,
    "MouthUpperUpLeft": 0.07310684025287628,
    "MouthUpperUpRight": 0.07470681518316269,
    "BrowDownLeft": 0.1296018362045288,
    "BrowDownRight": 0.12927794456481934,
    "CheekSquintLeft": 0.042765259742736816,
    "CheekSquintRight": 0.04270865023136139,
    "NoseSneerLeft": 0.011121690273284912
  },
  "packet_size": 314,
  "packet_hex_preview": "060000002464646431326362302d333463612d313166302d383166662d3734353633633437336235330000000847616c6146616365003b908ffb3d07c8000000"
}