{
  "frame_id": 367,
  "timestamp": "2025-05-19T18:04:27.199402",
  "input_values": [
    0.0,
    0.0,
    0.0,
    0.0,
    0.0,
    0.0,
    0.0,
    0.0,
    0.0,
    0.0,
    0.0,
    0.0,
    0.0,
    0.0,
    0.002591667929664254,
    3.689758887048811e-05,
    0.0001232195645570755,
    -9.851318463915959e-05,
    0.00018411366909276694,
    0.0001456154277548194,
    9.90203334367834e-05,
    0.004771116655319929,
    -1.6367803254979663e-05,
    0.010602962225675583,
    0.006869098637253046,
    5.5929776863195e-06,
    7.535498298238963e-05,
    0.002987472340464592,
    0.002138264710083604,
    0.009383725002408028,
    0.006004618480801582,
    0.008034208789467812,
    0.002533932216465473,
    0.0005061071133241057,
    2.1766147256130353e-05,
    8.924443682190031e-05,
    0.0003243572427891195,
    0.0039714304730296135,
    0.0019821985624730587,
    6.90984888933599e-05,
    -5.623757715511601e-06,
    0.0032851118594408035,
    0.0032394162844866514,
    0.07766865193843842,
    0.050832200795412064,
    0.05092223733663559,
    0.0005488768219947815,
    0.005875936709344387,
    0.006996413227170706,
    -4.641971463570371e-05,
    -5.428652002592571e-05,
    0.0
  ],
  "active_shapes": {
    "MouthSmileLeft": 0.010602962225675583,
    "BrowInnerUp": 0.07766865193843842,
    "BrowOuterUpLeft": 0.050832200795412064,
    "BrowOuterUpRight": 0.05092223733663559
  },
  "packet_size": 314,
  "packet_hex_preview": "060000002464646431326362302d333463612d313166302d383166662d3734353633633437336235330000000847616c6146616365003b921ffb3d07c8000000"
}