{
  "frame_id": 26,
  "timestamp": "2025-05-19T18:04:16.049330",
  "input_values": [
    0.0,
    0.0,
    0.0,
    0.0,
    0.0,
    0.0,
    0.0,
    0.0,
    0.0,
    0.0,
    0.0,
    0.0,
    0.0,
    0.0,
    0.004526617471128702,
    0.00015108825755305588,
    0.026071716099977493,
    0.09345828741788864,
    0.00010111753363162279,
    0.06347283720970154,
    0.0005406035343185067,
    0.00015211114077828825,
    0.003737704362720251,
    0.10792330652475357,
    0.0893390029668808,
    -1.2582638191815931e-05,
    3.0569469799957005e-06,
    0.015987901017069817,
    0.015978295356035233,
    1.5271216398105025e-05,
    0.0004826393851544708,
    2.6612058718455955e-05,
    0.001964000053703785,
    0.00040355342207476497,
    0.012061016634106636,
    0.0071243299171328545,
    0.007567312568426132,
    0.23061487078666687,
    0.24039563536643982,
    0.09093055129051208,
    0.09696240723133087,
    0.44024476408958435,
    0.4399983286857605,
    0.03780097886919975,
    -0.0002183674805564806,
    -0.00025846206699498,
    -8.564040035707876e-05,
    0.04856342822313309,
    0.05436256527900696,
    0.059112511575222015,
    0.06116820126771927,
    0.0
  ],
  "active_shapes": {
    "JawRight": 0.026071716099977493,
    "JawOpen": 0.09345828741788864,
    "MouthFunnel": 0.06347283720970154,
    "MouthSmileLeft": 0.10792330652475357,
    "MouthSmileRight": 0.0893390029668808,
    "MouthDimpleLeft": 0.015987901017069817,
    "MouthDimpleRight": 0.015978295356035233,
    "MouthShrugUpper": 0.012061016634106636,
    "MouthLowerDownLeft": 0.23061487078666687,
    "MouthLowerDownRight": 0.24039563536643982,
    "MouthUpperUpLeft": 0.09093055129051208,
    "MouthUpperUpRight": 0.09696240723133087,
    "BrowDownLeft": 0.44024476408958435,
    "BrowDownRight": 0.4399983286857605,
    "BrowInnerUp": 0.03780097886919975,
    "CheekSquintLeft": 0.04856342822313309,
    "CheekSquintRight": 0.05436256527900696,
    "NoseSneerLeft": 0.059112511575222015,
    "NoseSneerRight": 0.06116820126771927
  },
  "packet_size": 314,
  "packet_hex_preview": "060000002464646431326362302d333463612d313166302d383166662d3734353633633437336235330000000847616c6146616365003b8f82fb3d07c8000000"
}