{
  "frame_id": 263,
  "timestamp": "2025-05-19T18:04:23.718316",
  "input_values": [
    0.0,
    0.0,
    0.0,
    0.0,
    0.0,
    0.0,
    0.0,
    0.0,
    0.0,
    0.0,
    0.0,
    0.0,
    0.0,
    0.0,
    0.010537317022681236,
    0.00021995320275891572,
    0.028925539925694466,
    0.05064494162797928,
    0.000411693355999887,
    0.07467382401227951,
    0.06107434630393982,
    0.00018681060464587063,
    0.009723082184791565,
    0.028809145092964172,
    0.027773834764957428,
    -0.00010099304199684411,
    -7.118828216334805e-05,
    0.009400303475558758,
    0.00900540966540575,
    -0.0002017414226429537,
    0.0009085977799259126,
    -0.00019873051496688277,
    0.0022681273985654116,
    0.011187378317117691,
    0.02187974750995636,
    0.006594211328774691,
    0.007168562617152929,
    0.08526552468538284,
    0.1038144901394844,
    0.05400491878390312,
    0.0655374750494957,
    0.36406582593917847,
    0.36380332708358765,
    0.0008001405512914062,
    -0.0004162072145845741,
    -0.0004860748304054141,
    0.0011236550053581595,
    0.032038941979408264,
    0.04163309559226036,
    0.06565709412097931,
    0.0757584273815155,
    0.0
  ],
  "active_shapes": {
    "JawForward": 0.010537317022681236,
    "JawRight": 0.028925539925694466,
    "JawOpen": 0.05064494162797928,
    "MouthFunnel": 0.07467382401227951,
    "MouthPucker": 0.06107434630393982,
    "MouthSmileLeft": 0.028809145092964172,
    "MouthSmileRight": 0.027773834764957428,
    "MouthShrugLower": 0.011187378317117691,
    "MouthShrugUpper": 0.02187974750995636,
    "MouthLowerDownLeft": 0.08526552468538284,
    "MouthLowerDownRight": 0.1038144901394844,
    "MouthUpperUpLeft": 0.05400491878390312,
    "MouthUpperUpRight": 0.0655374750494957,
    "BrowDownLeft": 0.36406582593917847,
    "BrowDownRight": 0.36380332708358765,
    "CheekSquintLeft": 0.032038941979408264,
    "CheekSquintRight": 0.04163309559226036,
    "NoseSneerLeft": 0.06565709412097931,
    "NoseSneerRight": 0.0757584273815155
  },
  "packet_size": 314,
  "packet_hex_preview": "060000002464646431326362302d333463612d313166302d383166662d3734353633633437336235330000000847616c6146616365003b914ffb3d07c8000000"
}