{
  "frame_id": 136,
  "timestamp": "2025-05-19T18:04:19.665822",
  "input_values": [
    0.0,
    0.0,
    0.0,
    0.0,
    0.0,
    0.0,
    0.0,
    0.0,
    0.0,
    0.0,
    0.0,
    0.0,
    0.0,
    0.0,
    0.0028385636396706104,
    0.00012383275316096842,
    0.010098800994455814,
    0.046650540083646774,
    0.0001209364490932785,
    0.049784887582063675,
    0.013719763606786728,
    -0.0002619968436192721,
    0.004898037761449814,
    0.05695372074842453,
    0.053700029850006104,
    3.799001933657564e-05,
    -0.000110709122964181,
    0.012888041324913502,
    0.013383524492383003,
    0.000459808565210551,
    2.9628808988491073e-05,
    1.8366168660577387e-05,
    0.0019914957229048014,
    0.00025959417689591646,
    0.005645600613206625,
    0.00522125419229269,
    0.005915443878620863,
    0.12534099817276,
    0.13757146894931793,
    0.05560034140944481,
    0.06500665098428726,
    0.4428514242172241,
    0.4427494406700134,
    0.08024405688047409,
    -4.321711458032951e-05,
    -9.401473653269932e-05,
    0.001223503495566547,
    0.028071662411093712,
    0.03746761009097099,
    0.05015518143773079,
    0.0572376474738121,
    0.0
  ],
  "active_shapes": {
    "JawRight": 0.010098800994455814,
    "JawOpen": 0.046650540083646774,
    "MouthFunnel": 0.049784887582063675,
    "MouthPucker": 0.013719763606786728,
    "MouthSmileLeft": 0.05695372074842453,
    "MouthSmileRight": 0.053700029850006104,
    "MouthDimpleLeft": 0.012888041324913502,
    "MouthDimpleRight": 0.013383524492383003,
    "MouthLowerDownLeft": 0.12534099817276,
    "MouthLowerDownRight": 0.13757146894931793,
    "MouthUpperUpLeft": 0.05560034140944481,
    "MouthUpperUpRight": 0.06500665098428726,
    "BrowDownLeft": 0.4428514242172241,
    "BrowDownRight": 0.4427494406700134,
    "BrowInnerUp": 0.08024405688047409,
    "CheekSquintLeft": 0.028071662411093712,
    "CheekSquintRight": 0.03746761009097099,
    "NoseSneerLeft": 0.05015518143773079,
    "NoseSneerRight": 0.0572376474738121
  },
  "packet_size": 314,
  "packet_hex_preview": "060000002464646431326362302d333463612d313166302d383166662d3734353633633437336235330000000847616c6146616365003b905bfb3d07c8000000"
}