{
  "frame_id": 678,
  "timestamp": "2025-05-19T18:04:40.302762",
  "input_values": [
    0.0,
    0.0,
    0.0,
    0.0,
    0.0,
    0.0,
    0.0,
    0.0,
    0.0,
    0.0,
    0.0,
    0.0,
    0.0,
    0.0,
    0.0014312983257696033,
    0.0001514240721007809,
    0.01282123290002346,
    0.01661110855638981,
    0.00010087624832522124,
    0.003603148739784956,
    0.0010608012089505792,
    0.00013700255658477545,
    0.0036309384740889072,
    0.11264799535274506,
    0.09484029561281204,
    -1.7725325960782357e-05,
    5.9362595493439585e-05,
    0.021513089537620544,
    0.02224329672753811,
    0.0076600066386163235,
    0.011225933209061623,
    0.0004894616431556642,
    0.00322723132558167,
    0.00037401673034764826,
    0.0015711892629042268,
    0.005059243645519018,
    0.006060157902538776,
    0.10528614372015,
    0.11229348182678223,
    0.02567509189248085,
    0.03072434663772583,
    0.6183452010154724,
    0.618204653263092,
    0.19967007637023926,
    1.8914312022388913e-05,
    2.0283579942770302e-05,
    0.0025517090689390898,
    0.043584827333688736,
    0.05524403601884842,
    0.03368809074163437,
    0.04152706265449524,
    0.0
  ],
  "active_shapes": {
    "JawRight": 0.01282123290002346,
    "JawOpen": 0.01661110855638981,
    "MouthSmileLeft": 0.11264799535274506,
    "MouthSmileRight": 0.09484029561281204,
    "MouthDimpleLeft": 0.021513089537620544,
    "MouthDimpleRight": 0.02224329672753811,
    "MouthStretchRight": 0.011225933209061623,
    "MouthLowerDownLeft": 0.10528614372015,
    "MouthLowerDownRight": 0.11229348182678223,
    "MouthUpperUpLeft": 0.02567509189248085,
    "MouthUpperUpRight": 0.03072434663772583,
    "BrowDownLeft": 0.6183452010154724,
    "BrowDownRight": 0.618204653263092,
    "BrowInnerUp": 0.19967007637023926,
    "CheekSquintLeft": 0.043584827333688736,
    "CheekSquintRight": 0.05524403601884842,
    "NoseSneerLeft": 0.03368809074163437,
    "NoseSneerRight": 0.04152706265449524
  },
  "packet_size": 314,
  "packet_hex_preview": "060000002464646431326362302d333463612d313166302d383166662d3734353633633437336235330000000847616c6146616365003b9532fb3d07c8000000"
}