{
  "frame_id": 131,
  "timestamp": "2025-05-19T18:04:19.623723",
  "input_values": [
    0.0,
    0.0,
    0.0,
    0.0,
    0.0,
    0.0,
    0.0,
    0.0,
    0.0,
    0.0,
    0.0,
    0.0,
    0.0,
    0.0,
    0.006605339236557484,
    7.459649350494146e-05,
    0.011422927491366863,
    0.017466852441430092,
    0.00037805672036483884,
    0.05214095115661621,
    0.00011756843741750345,
    8.994083327706903e-05,
    0.002597014419734478,
    0.09305277466773987,
    0.0937286913394928,
    -1.0708678928494919e-05,
    -0.00010807201033458114,
    0.010972952470183372,
    0.011863184161484241,
    0.0147473756223917,
    0.016475409269332886,
    9.779608808457851e-05,
    0.0009098398732021451,
    0.00876041129231453,
    0.02124602161347866,
    0.0020956643857061863,
    0.0025627699214965105,
    0.062146686017513275,
    0.06387509405612946,
    0.047900617122650146,
    0.04940282553434372,
    0.024029385298490524,
    0.02395138517022133,
    0.019579831510782242,
    -7.835956057533622e-05,
    -5.558734846999869e-05,
    -0.0005155078833922744,
    0.07233306020498276,
    0.08346967399120331,
    0.07065471261739731,
    0.07851888984441757,
    0.0
  ],
  "active_shapes": {
    "JawRight": 0.011422927491366863,
    "JawOpen": 0.017466852441430092,
    "MouthFunnel": 0.05214095115661621,
    "MouthSmileLeft": 0.09305277466773987,
    "MouthSmileRight": 0.0937286913394928,
    "MouthDimpleLeft": 0.010972952470183372,
    "MouthDimpleRight": 0.011863184161484241,
    "MouthStretchLeft": 0.0147473756223917,
    "MouthStretchRight": 0.016475409269332886,
    "MouthShrugUpper": 0.02124602161347866,
    "MouthLowerDownLeft": 0.062146686017513275,
    "MouthLowerDownRight": 0.06387509405612946,
    "MouthUpperUpLeft": 0.047900617122650146,
    "MouthUpperUpRight": 0.04940282553434372,
    "BrowDownLeft": 0.024029385298490524,
    "BrowDownRight": 0.02395138517022133,
    "BrowInnerUp": 0.019579831510782242,
    "CheekSquintLeft": 0.07233306020498276,
    "CheekSquintRight": 0.08346967399120331,
    "NoseSneerLeft": 0.07065471261739731,
    "NoseSneerRight": 0.07851888984441757
  },
  "packet_size": 314,
  "packet_hex_preview": "060000002464646431326362302d333463612d313166302d383166662d3734353633633437336235330000000847616c6146616365003b9059fb3d07c8000000"
}