{
  "frame_id": 346,
  "timestamp": "2025-05-19T18:04:26.434402",
  "input_values": [
    0.0,
    0.0,
    0.0,
    0.0,
    0.0,
    0.0,
    0.0,
    0.0,
    0.0,
    0.0,
    0.0,
    0.0,
    0.0,
    0.0,
    0.023567046970129013,
    0.00011107362661277875,
    0.015438437461853027,
    0.0693657249212265,
    0.002698576543480158,
    0.05436909571290016,
    0.0001216599193867296,
    0.003127428935840726,
    -4.2357209167676046e-05,
    0.043115947395563126,
    0.036624129861593246,
    5.743621295550838e-05,
    -6.86292059981497e-06,
    0.01880653016269207,
    0.01755065843462944,
    0.07200630009174347,
    0.07425082474946976,
    0.00014609939535148442,
    0.006005263887345791,
    0.00011329326662234962,
    0.00018596136942505836,
    -2.8427391498553334e-06,
    0.00020896465866826475,
    0.1288103610277176,
    0.12309138476848602,
    0.016371257603168488,
    0.015140067785978317,
    -7.612314948346466e-05,
    -2.7598856831900775e-05,
    0.1784803569316864,
    0.1379615068435669,
    0.1381649374961853,
    0.0001553450128994882,
    0.030366934835910797,
    0.03138862922787666,
    -7.170002936618403e-05,
    0.00012245416291989386,
    0.0
  ],
  "active_shapes": {
    "JawForward": 0.023567046970129013,
    "JawRight": 0.015438437461853027,
    "JawOpen": 0.0693657249212265,
    "MouthFunnel": 0.05436909571290016,
    "MouthSmileLeft": 0.043115947395563126,
    "MouthSmileRight": 0.036624129861593246,
    "MouthDimpleLeft": 0.01880653016269207,
    "MouthDimpleRight": 0.01755065843462944,
    "MouthStretchLeft": 0.07200630009174347,
    "MouthStretchRight": 0.07425082474946976,
    "MouthLowerDownLeft": 0.1288103610277176,
    "MouthLowerDownRight": 0.12309138476848602,
    "MouthUpperUpLeft": 0.016371257603168488,
    "MouthUpperUpRight": 0.015140067785978317,
    "BrowInnerUp": 0.1784803569316864,
    "BrowOuterUpLeft": 0.1379615068435669,
    "BrowOuterUpRight": 0.1381649374961853,
    "CheekSquintLeft": 0.030366934835910797,
    "CheekSquintRight": 0.03138862922787666
  },
  "packet_size": 314,
  "packet_hex_preview": "060000002464646431326362302d333463612d313166302d383166662d3734353633633437336235330000000847616c6146616365003b91f2fb3d07c8000000"
}