{
  "frame_id": 247,
  "timestamp": "2025-05-19T18:04:23.219586",
  "input_values": [
    0.0,
    0.0,
    0.0,
    0.0,
    0.0,
    0.0,
    0.0,
    0.0,
    0.0,
    0.0,
    0.0,
    0.0,
    0.0,
    0.0,
    0.006194827612489462,
    7.558595098089427e-05,
    0.0012971346732228994,
    0.035850610584020615,
    0.03066849336028099,
    0.002829499077051878,
    0.0010994415497407317,
    0.001976310508325696,
    7.015151641098782e-05,
    0.053236596286296844,
    0.0559338741004467,
    -1.9904944565496407e-05,
    6.708981345582288e-06,
    0.01485403161495924,
    0.015567777678370476,
    0.012242374010384083,
    0.009184421971440315,
    0.005032896529883146,
    0.008937617763876915,
    0.00010427795496070758,
    -4.2367057176306844e-05,
    0.0018621323397383094,
    0.002112784655764699,
    0.0544380359351635,
    0.05469160154461861,
    -0.00014229306543711573,
    0.0002743493241723627,
    0.008345344103872776,
    0.008287794888019562,
    0.024038907140493393,
    8.494421308569144e-06,
    1.1981427633145358e-05,
    0.0007497816113755107,
    0.02578018233180046,
    0.02877228334546089,
    0.0002873201738111675,
    0.00021008457406423986,
    0.0
  ],
  "active_shapes": {
    "JawOpen": 0.035850610584020615,
    "MouthClose": 0.03066849336028099,
    "MouthSmileLeft": 0.053236596286296844,
    "MouthSmileRight": 0.0559338741004467,
    "MouthDimpleLeft": 0.01485403161495924,
    "MouthDimpleRight": 0.015567777678370476,
    "MouthStretchLeft": 0.012242374010384083,
    "MouthLowerDownLeft": 0.0544380359351635,
    "MouthLowerDownRight": 0.05469160154461861,
    "BrowInnerUp": 0.024038907140493393,
    "CheekSquintLeft": 0.02578018233180046,
    "CheekSquintRight": 0.02877228334546089
  },
  "packet_size": 314,
  "packet_hex_preview": "060000002464646431326362302d333463612d313166302d383166662d3734353633633437336235330000000847616c6146616365003b9131fb3d07c8000000"
}