{
  "frame_id": 532,
  "timestamp": "2025-05-19T18:04:32.384941",
  "input_values": [
    0.0,
    0.0,
    0.0,
    0.0,
    0.0,
    0.0,
    0.0,
    0.0,
    0.0,
    0.0,
    0.0,
    0.0,
    0.0,
    0.0,
    0.0036055156961083412,
    0.0001892448344733566,
    0.02049277350306511,
    0.06811056286096573,
    0.00047404097858816385,
    0.06353876739740372,
    0.0007983057294040918,
    0.000916219491045922,
    0.0014303746866062284,
    0.11096879839897156,
    0.09028370678424835,
    9.040413715410978e-06,
    -1.3961861441202927e-05,
    0.019427631050348282,
    0.019750244915485382,
    0.017199227586388588,
    0.02071874588727951,
    0.00023563476861454546,
    0.005046406295150518,
    0.0001255267416127026,
    0.0006128667155280709,
    0.005021803546696901,
    0.005389607511460781,
    0.20222139358520508,
    0.2086755335330963,
    0.05277446284890175,
    0.05757969245314598,
    0.3845682442188263,
    0.3842543363571167,
    0.0260759349912405,
    -0.00012733448238577694,
    -0.00014752522110939026,
    6.65187108097598e-05,
    0.05063170567154884,
    0.057230882346630096,
    0.025436092168092728,
    0.02301683835685253,
    0.0
  ],
  "active_shapes": {
    "JawRight": 0.02049277350306511,
    "JawOpen": 0.06811056286096573,
    "MouthFunnel": 0.06353876739740372,
    "MouthSmileLeft": 0.11096879839897156,
    "MouthSmileRight": 0.09028370678424835,
    "MouthDimpleLeft": 0.019427631050348282,
    "MouthDimpleRight": 0.019750244915485382,
    "MouthStretchLeft": 0.017199227586388588,
    "MouthStretchRight": 0.02071874588727951,
    "MouthLowerDownLeft": 0.20222139358520508,
    "MouthLowerDownRight": 0.2086755335330963,
    "MouthUpperUpLeft": 0.05277446284890175,
    "MouthUpperUpRight": 0.05757969245314598,
    "BrowDownLeft": 0.3845682442188263,
    "BrowDownRight": 0.3842543363571167,
    "BrowInnerUp": 0.0260759349912405,
    "CheekSquintLeft": 0.05063170567154884,
    "CheekSquintRight": 0.057230882346630096,
    "NoseSneerLeft": 0.025436092168092728,
    "NoseSneerRight": 0.02301683835685253
  },
  "packet_size": 314,
  "packet_hex_preview": "060000002464646431326362302d333463612d313166302d383166662d3734353633633437336235330000000847616c6146616365003b9357fb3d07c8000000"
}