{
  "frame_id": 61,
  "timestamp": "2025-05-19T18:04:17.450764",
  "input_values": [
    0.0,
    0.0,
    0.0,
    0.0,
    0.0,
    0.0,
    0.0,
    0.0,
    0.0,
    0.0,
    0.0,
    0.0,
    0.0,
    0.0,
    0.007798801176249981,
    7.577981159556657e-05,
    0.015892451629042625,
    0.04710250347852707,
    -2.8738777473336086e-05,
    0.038546811789274216,
    0.017081717029213905,
    -0.00023373558360617608,
    0.0027891776990145445,
    0.036524951457977295,
    0.033373475074768066,
    -6.5826666286739055e-06,
    7.697602995904163e-05,
    0.007479173131287098,
    0.00737887155264616,
    0.00039237263263203204,
    0.0004892759607173502,
    -4.027759496239014e-05,
    0.0004278286942280829,
    0.00014287923113442957,
    0.003968009725213051,
    0.0035679813008755445,
    0.003990813158452511,
    0.11156941950321198,
    0.11748764663934708,
    0.04608574137091637,
    0.04879875108599663,
    0.2982099652290344,
    0.2981768548488617,
    0.07921703904867172,
    -9.1666724983952e-06,
    -2.5068820832530037e-05,
    0.0007685233140364289,
    0.02343672886490822,
    0.026790227741003036,
    0.031402185559272766,
    0.03377003222703934,
    0.0
  ],
  "active_shapes": {
    "JawRight": 0.015892451629042625,
    "JawOpen": 0.04710250347852707,
    "MouthFunnel": 0.038546811789274216,
    "MouthPucker": 0.017081717029213905,
    "MouthSmileLeft": 0.036524951457977295,
    "MouthSmileRight": 0.033373475074768066,
    "MouthLowerDownLeft": 0.11156941950321198,
    "MouthLowerDownRight": 0.11748764663934708,
    "MouthUpperUpLeft": 0.04608574137091637,
    "MouthUpperUpRight": 0.04879875108599663,
    "BrowDownLeft": 0.2982099652290344,
    "BrowDownRight": 0.2981768548488617,
    "BrowInnerUp": 0.07921703904867172,
    "CheekSquintLeft": 0.02343672886490822,
    "CheekSquintRight": 0.026790227741003036,
    "NoseSneerLeft": 0.031402185559272766,
    "NoseSneerRight": 0.03377003222703934
  },
  "packet_size": 314,
  "packet_hex_preview": "060000002464646431326362302d333463612d313166302d383166662d3734353633633437336235330000000847616c6146616365003b8fd7fb3d07c8000000"
}