{
  "frame_id": 251,
  "timestamp": "2025-05-19T18:04:23.253653",
  "input_values": [
    0.0,
    0.0,
    0.0,
    0.0,
    0.0,
    0.0,
    0.0,
    0.0,
    0.0,
    0.0,
    0.0,
    0.0,
    0.0,
    0.0,
    0.01475781761109829,
    0.00015245439135469496,
    0.003686390118673444,
    0.06695615500211716,
    0.05347873643040657,
    0.0035683910828083754,
    0.0011225680354982615,
    0.00424922676756978,
    0.00028982674120925367,
    0.09863820672035217,
    0.10339000076055527,
    1.81066025106702e-05,
    -2.1446641767397523e-05,
    0.031682275235652924,
    0.033364977687597275,
    0.022138500586152077,
    0.01824941486120224,
    0.013032046146690845,
    0.01760951243340969,
    0.00013856837176717818,
    -1.0363727596995886e-05,
    0.0032711171079427004,
    0.00389147293753922,
    0.09290026128292084,
    0.09433206915855408,
    -5.561799116549082e-05,
    0.0005381762748584151,
    0.021226175129413605,
    0.021093960851430893,
    0.04540975019335747,
    -3.440657019382343e-05,
    -5.160570140105847e-07,
    0.0015613121213391423,
    0.04645790532231331,
    0.05249772593379021,
    0.00045538911945186555,
    0.000572777062188834,
    0.0
  ],
  "active_shapes": {
    "JawForward": 0.01475781761109829,
    "JawOpen": 0.06695615500211716,
    "MouthClose": 0.05347873643040657,
    "MouthSmileLeft": 0.09863820672035217,
    "MouthSmileRight": 0.10339000076055527,
    "MouthDimpleLeft": 0.031682275235652924,
    "MouthDimpleRight": 0.033364977687597275,
    "MouthStretchLeft": 0.022138500586152077,
    "MouthStretchRight": 0.01824941486120224,
    "MouthRollLower": 0.013032046146690845,
    "MouthRollUpper": 0.01760951243340969,
    "MouthLowerDownLeft": 0.09290026128292084,
    "MouthLowerDownRight": 0.09433206915855408,
    "BrowDownLeft": 0.021226175129413605,
    "BrowDownRight": 0.021093960851430893,
    "BrowInnerUp": 0.04540975019335747,
    "CheekSquintLeft": 0.04645790532231331,
    "CheekSquintRight": 0.05249772593379021
  },
  "packet_size": 314,
  "packet_hex_preview": "060000002464646431326362302d333463612d313166302d383166662d3734353633633437336235330000000847616c6146616365003b9133fb3d07c8000000"
}