{
  "frame_id": 13,
  "timestamp": "2025-05-19T18:04:15.637794",
  "input_values": [
    0.0,
    0.0,
    0.0,
    0.0,
    0.0,
    0.0,
    0.0,
    0.0,
    0.0,
    0.0,
    0.0,
    0.0,
    0.0,
    0.0,
    0.03380102291703224,
    0.0001889132399810478,
    0.028631916269659996,
    0.23297125101089478,
    0.0009088878869079053,
    0.21568436920642853,
    0.035344768315553665,
    0.0011353715090081096,
    0.00042414545896463096,
    0.0650898888707161,
    0.06835322082042694,
    -0.00010504168312763795,
    7.721238216618076e-05,
    0.023991363123059273,
    0.024216344580054283,
    0.04003378376364708,
    0.04431934282183647,
    0.00017124922305811197,
    0.006690106354653835,
    0.0008779692579992115,
    0.000643002858851105,
    0.005009680986404419,
    0.005286113824695349,
    0.3306998908519745,
    0.3372689485549927,
    0.0929044783115387,
    0.09561683982610703,
    0.012413127347826958,
    0.01217225193977356,
    0.05401315167546272,
    0.014388070441782475,
    0.014436687342822552,
    0.0008342446526512504,
    0.0504530631005764,
    0.04771164432168007,
    0.01726684160530567,
    0.01668446697294712,
    0.0
  ],
  "active_shapes": {
    "JawForward": 0.03380102291703224,
    "JawRight": 0.028631916269659996,
    "JawOpen": 0.23297125101089478,
    "MouthFunnel": 0.21568436920642853,
    "MouthPucker": 0.035344768315553665,
    "MouthSmileLeft": 0.0650898888707161,
    "MouthSmileRight": 0.06835322082042694,
    "MouthDimpleLeft": 0.023991363123059273,
    "MouthDimpleRight": 0.024216344580054283,
    "MouthStretchLeft": 0.04003378376364708,
    "MouthStretchRight": 0.04431934282183647,
    "MouthLowerDownLeft": 0.3306998908519745,
    "MouthLowerDownRight": 0.3372689485549927,
    "MouthUpperUpLeft": 0.0929044783115387,
    "MouthUpperUpRight": 0.09561683982610703,
    "BrowDownLeft": 0.012413127347826958,
    "BrowDownRight": 0.01217225193977356,
    "BrowInnerUp": 0.05401315167546272,
    "BrowOuterUpLeft": 0.014388070441782475,
    "BrowOuterUpRight": 0.014436687342822552,
    "CheekSquintLeft": 0.0504530631005764,
    "CheekSquintRight": 0.04771164432168007,
    "NoseSneerLeft": 0.01726684160530567,
    "NoseSneerRight": 0.01668446697294712
  },
  "packet_size": 314,
  "packet_hex_preview": "060000002464646431326362302d333463612d313166302d383166662d3734353633633437336235330000000847616c6146616365003b8f6afb3d07c8000000"
}