{
  "frame_id": 643,
  "timestamp": "2025-05-19T18:04:38.459400",
  "input_values": [
    0.0,
    0.0,
    0.0,
    0.0,
    0.0,
    0.0,
    0.0,
    0.0,
    0.0,
    0.0,
    0.0,
    0.0,
    0.0,
    0.0,
    0.008583051152527332,
    0.00014943425776436925,
    0.02543620765209198,
    0.075742706656456,
    0.011511721648275852,
    0.12238021194934845,
    7.512987940572202e-05,
    0.008669477887451649,
    3.5893157473765314e-05,
    0.051067791879177094,
    0.04941309988498688,
    7.197870581876487e-05,
    0.0002785205142572522,
    0.016503138467669487,
    0.015351364389061928,
    0.0726504772901535,
    0.07895858585834503,
    0.00015085769700817764,
    0.005379008129239082,
    -0.0001908178674057126,
    0.00011787208495661616,
    1.1618912139965687e-05,
    0.0001197717065224424,
    0.19097375869750977,
    0.18647685647010803,
    0.04743646830320358,
    0.047961506992578506,
    0.002284565009176731,
    0.002033804077655077,
    0.08117528259754181,
    0.05780022218823433,
    0.05787739157676697,
    -0.0003038087743334472,
    0.0312686525285244,
    0.03544653207063675,
    -0.00017479363305028528,
    0.00012486966443248093,
    0.0
  ],
  "active_shapes": {
    "JawRight": 0.02543620765209198,
    "JawOpen": 0.075742706656456,
    "MouthClose": 0.011511721648275852,
    "MouthFunnel": 0.12238021194934845,
    "MouthSmileLeft": 0.051067791879177094,
    "MouthSmileRight": 0.04941309988498688,
    "MouthDimpleLeft": 0.016503138467669487,
    "MouthDimpleRight": 0.015351364389061928,
    "MouthStretchLeft": 0.0726504772901535,
    "MouthStretchRight": 0.07895858585834503,
    "MouthLowerDownLeft": 0.19097375869750977,
    "MouthLowerDownRight": 0.18647685647010803,
    "MouthUpperUpLeft": 0.04743646830320358,
    "MouthUpperUpRight": 0.047961506992578506,
    "BrowInnerUp": 0.08117528259754181,
    "BrowOuterUpLeft": 0.05780022218823433,
    "BrowOuterUpRight": 0.05787739157676697,
    "CheekSquintLeft": 0.0312686525285244,
    "CheekSquintRight": 0.03544653207063675
  },
  "packet_size": 314,
  "packet_hex_preview": "060000002464646431326362302d333463612d313166302d383166662d3734353633633437336235330000000847616c6146616365003b94c3fb3d07c8000000"
}