{
  "frame_id": 287,
  "timestamp": "2025-05-19T18:04:24.642557",
  "input_values": [
    0.0,
    0.0,
    0.0,
    0.0,
    0.0,
    0.0,
    0.0,
    0.0,
    0.0,
    0.0,
    0.0,
    0.0,
    0.0,
    0.0,
    0.0005111977225169539,
    3.881603333866224e-05,
    0.00041202400461770594,
    0.003299171570688486,
    0.0049873278476297855,
    -3.875251786666922e-05,
    0.00018620010814629495,
    0.0002475188230164349,
    0.00021385750733315945,
    0.012833346612751484,
    0.010476851835846901,
    -6.0901884353370406e-06,
    -1.439704533368058e-06,
    0.0039604101330041885,
    0.003912594169378281,
    0.003879798576235771,
    0.0032265123445540667,
    0.000524362490978092,
    0.0011109960032626987,
    -7.745214134047274e-06,
    0.00013235662481747568,
    0.00078314368147403,
    0.0008997462573461235,
    0.008406216278672218,
    0.008858909830451012,
    -6.948273221496493e-05,
    -8.609592441644054e-06,
    0.06547890603542328,
    0.06542205065488815,
    0.013114030472934246,
    -1.882789183582645e-05,
    -2.483776188455522e-05,
    0.00027852325001731515,
    0.0070001608692109585,
    0.008537213318049908,
    0.0003473787510301918,
    0.00023574168153572828,
    0.0
  ],
  "active_shapes": {
    "MouthSmileLeft": 0.012833346612751484,
    "MouthSmileRight": 0.010476851835846901,
    "BrowDownLeft": 0.06547890603542328,
    "BrowDownRight": 0.06542205065488815,
    "BrowInnerUp": 0.013114030472934246
  },
  "packet_size": 314,
  "packet_hex_preview": "060000002464646431326362302d333463612d313166302d383166662d3734353633633437336235330000000847616c6146616365003b9186fb3d07c8000000"
}