{
  "frame_id": 341,
  "timestamp": "2025-05-19T18:04:26.387330",
  "input_values": [
    0.0,
    0.0,
    0.0,
    0.0,
    0.0,
    0.0,
    0.0,
    0.0,
    0.0,
    0.0,
    0.0,
    0.0,
    0.0,
    0.0,
    0.0007704974850639701,
    7.523439853684977e-05,
    0.008427147753536701,
    0.005312048364430666,
    -0.00010533504246268421,
    0.002589421346783638,
    0.00040684454143047333,
    0.0002480018592905253,
    0.0012494476977735758,
    0.056612662971019745,
    0.04242921620607376,
    -1.3756443877355196e-05,
    3.381106216693297e-05,
    0.011829829774796963,
    0.011671952903270721,
    0.005314782727509737,
    0.004319108556956053,
    0.00022599135991185904,
    0.0012896981788799167,
    0.0001456856552977115,
    0.0027813883498311043,
    0.0029114920180290937,
    0.0035060043446719646,
    0.06099945306777954,
    0.06522779911756516,
    0.025025397539138794,
    0.026665255427360535,
    0.32167497277259827,
    0.3216013014316559,
    0.11637625843286514,
    3.582045565053704e-06,
    8.395612894673832e-06,
    0.0011122890282422304,
    0.02388959378004074,
    0.027937885373830795,
    0.023363441228866577,
    0.027589386329054832,
    0.0
  ],
  "active_shapes": {
    "MouthSmileLeft": 0.056612662971019745,
    "MouthSmileRight": 0.04242921620607376,
    "MouthDimpleLeft": 0.011829829774796963,
    "MouthDimpleRight": 0.011671952903270721,
    "MouthLowerDownLeft": 0.06099945306777954,
    "MouthLowerDownRight": 0.06522779911756516,
    "MouthUpperUpLeft": 0.025025397539138794,
    "MouthUpperUpRight": 0.026665255427360535,
    "BrowDownLeft": 0.32167497277259827,
    "BrowDownRight": 0.3216013014316559,
    "BrowInnerUp": 0.11637625843286514,
    "CheekSquintLeft": 0.02388959378004074,
    "CheekSquintRight": 0.027937885373830795,
    "NoseSneerLeft": 0.023363441228866577,
    "NoseSneerRight": 0.027589386329054832
  },
  "packet_size": 314,
  "packet_hex_preview": "060000002464646431326362302d333463612d313166302d383166662d3734353633633437336235330000000847616c6146616365003b91effb3d07c8000000"
}