{
  "frame_id": 38,
  "timestamp": "2025-05-19T18:04:16.582356",
  "input_values": [
    0.0,
    0.0,
    0.0,
    0.0,
    0.0,
    0.0,
    0.0,
    0.0,
    0.0,
    0.0,
    0.0,
    0.0,
    0.0,
    0.0,
    0.01031088549643755,
    0.00021902086155023426,
    0.018914803862571716,
    0.03969486057758331,
    0.024706177413463593,
    0.00048738380428403616,
    0.0006902090972289443,
    0.0012905431212857366,
    0.005091560538858175,
    0.0837501809000969,
    0.07093948870897293,
    -2.2406997231882997e-05,
    -0.0002072947536362335,
    0.026532592251896858,
    0.02669224888086319,
    0.013371407054364681,
    0.01852528005838394,
    -0.000106366554973647,
    0.007684524171054363,
    -0.0002711153356358409,
    0.00038697104901075363,
    0.001840617973357439,
    0.0023159366101026535,
    0.07636632025241852,
    0.08783503621816635,
    -0.0005204316112212837,
    0.0016857454320415854,
    0.2296682894229889,
    0.22934946417808533,
    0.008723597973585129,
    -0.00020188797498121858,
    -0.00035732044489122927,
    0.0003281138197053224,
    0.032723043113946915,
    0.04237312451004982,
    0.010779323987662792,
    0.010360918939113617,
    0.0
  ],
  "active_shapes": {
    "JawForward": 0.01031088549643755,
    "JawRight": 0.018914803862571716,
    "JawOpen": 0.03969486057758331,
    "MouthClose": 0.024706177413463593,
    "MouthSmileLeft": 0.0837501809000969,
    "MouthSmileRight": 0.07093948870897293,
    "MouthDimpleLeft": 0.026532592251896858,
    "MouthDimpleRight": 0.02669224888086319,
    "MouthStretchLeft": 0.013371407054364681,
    "MouthStretchRight": 0.01852528005838394,
    "MouthLowerDownLeft": 0.07636632025241852,
    "MouthLowerDownRight": 0.08783503621816635,
    "BrowDownLeft": 0.2296682894229889,
    "BrowDownRight": 0.22934946417808533,
    "CheekSquintLeft": 0.032723043113946915,
    "CheekSquintRight": 0.04237312451004982,
    "NoseSneerLeft": 0.010779323987662792,
    "NoseSneerRight": 0.010360918939113617
  },
  "packet_size": 314,
  "packet_hex_preview": "060000002464646431326362302d333463612d313166302d383166662d3734353633633437336235330000000847616c6146616365003b8fa2fb3d07c8000000"
}