{
  "frame_id": 353,
  "timestamp": "2025-05-19T18:04:26.791448",
  "input_values": [
    0.0,
    0.0,
    0.0,
    0.0,
    0.0,
    0.0,
    0.0,
    0.0,
    0.0,
    0.0,
    0.0,
    0.0,
    0.0,
    0.0,
    0.001627165824174881,
    3.4222339309053496e-05,
    0.00041682046139612794,
    0.006105724722146988,
    0.00947520136833191,
    0.0024039275012910366,
    0.019929522648453712,
    0.0015228289412334561,
    4.0101887861965224e-05,
    0.009206721559166908,
    0.010354114696383476,
    0.0023690497037023306,
    0.001872100867331028,
    0.0020951314363628626,
    0.001999759580940008,
    0.0019107753178104758,
    0.001665764837525785,
    0.0016839050222188234,
    0.0017576105892658234,
    0.00015452670049853623,
    -1.0830261089722626e-05,
    0.0004803359624929726,
    0.0005903939018025994,
    0.004239548463374376,
    0.003537713084369898,
    -5.9848469390999526e-05,
    0.00010050171840703115,
    0.016018113121390343,
    0.016010869294404984,
    0.01113786268979311,
    0.009842881932854652,
    0.00985721591860056,
    0.0008233833941631019,
    0.00690595805644989,
    0.008702813647687435,
    -1.2877203516836744e-05,
    6.477506394730881e-05,
    0.0
  ],
  "active_shapes": {
    "MouthPucker": 0.019929522648453712,
    "MouthSmileRight": 0.010354114696383476,
    "BrowDownLeft": 0.016018113121390343,
    "BrowDownRight": 0.016010869294404984,
    "BrowInnerUp": 0.01113786268979311
  },
  "packet_size": 314,
  "packet_hex_preview": "060000002464646431326362302d333463612d313166302d383166662d3734353633633437336235330000000847616c6146616365003b9207fb3d07c8000000"
}