{
  "frame_id": 66,
  "timestamp": "2025-05-19T18:04:17.494201",
  "input_values": [
    0.0,
    0.0,
    0.0,
    0.0,
    0.0,
    0.0,
    0.0,
    0.0,
    0.0,
    0.0,
    0.0,
    0.0,
    0.0,
    0.0,
    0.022570354864001274,
    0.00010951751755783334,
    0.023261237889528275,
    0.06011197715997696,
    -0.00023385114036500454,
    0.06094103679060936,
    4.847316085943021e-05,
    0.005854864604771137,
    -9.08465008251369e-05,
    0.08868446946144104,
    0.07681453227996826,
    -2.3575081286253408e-05,
    4.6141823986545205e-05,
    0.013034905306994915,
    0.011825055815279484,
    0.05413408949971199,
    0.0531708188354969,
    7.38502649255679e-06,
    0.0009509820374660194,
    -9.10563685465604e-05,
    0.0004578155931085348,
    5.963860166957602e-05,
    0.00040474801789969206,
    0.2481660097837448,
    0.24753454327583313,
    0.08911801129579544,
    0.08648450672626495,
    2.3753553250571713e-05,
    1.1762559552153107e-05,
    0.30359596014022827,
    0.2040240466594696,
    0.2041904777288437,
    -0.0002699805481825024,
    0.02787979319691658,
    0.027159469202160835,
    -0.00018938248103950173,
    0.0006339041865430772,
    0.0
  ],
  "active_shapes": {
    "JawForward": 0.022570354864001274,
    "JawRight": 0.023261237889528275,
    "JawOpen": 0.06011197715997696,
    "MouthFunnel": 0.06094103679060936,
    "MouthSmileLeft": 0.08868446946144104,
    "MouthSmileRight": 0.07681453227996826,
    "MouthDimpleLeft": 0.013034905306994915,
    "MouthDimpleRight": 0.011825055815279484,
    "MouthStretchLeft": 0.05413408949971199,
    "MouthStretchRight": 0.0531708188354969,
    "MouthLowerDownLeft": 0.2481660097837448,
    "MouthLowerDownRight": 0.24753454327583313,
    "MouthUpperUpLeft": 0.08911801129579544,
    "MouthUpperUpRight": 0.08648450672626495,
    "BrowInnerUp": 0.30359596014022827,
    "BrowOuterUpLeft": 0.2040240466594696,
    "BrowOuterUpRight": 0.2041904777288437,
    "CheekSquintLeft": 0.02787979319691658,
    "CheekSquintRight": 0.027159469202160835
  },
  "packet_size": 314,
  "packet_hex_preview": "060000002464646431326362302d333463612d313166302d383166662d3734353633633437336235330000000847616c6146616365003b8fd9fb3d07c8000000"
}