{
  "frame_id": 644,
  "timestamp": "2025-05-19T18:04:38.477686",
  "input_values": [
    0.0,
    0.0,
    0.0,
    0.0,
    0.0,
    0.0,
    0.0,
    0.0,
    0.0,
    0.0,
    0.0,
    0.0,
    0.0,
    0.0,
    0.010873589664697647,
    0.00018682183872442693,
    0.031387198716402054,
    0.09152381122112274,
    0.015574881806969643,
    0.14902272820472717,
    -3.954898602387402e-06,
    0.011089392006397247,
    -1.2489091204770375e-05,
    0.04357268661260605,
    0.04224525764584541,
    7.53905187593773e-05,
    0.0003237792116124183,
    0.019123103469610214,
    0.01754830591380596,
    0.09894654154777527,
    0.10544106364250183,
    0.00014354559243656695,
    0.006461263168603182,
    -0.0002464700082782656,
    0.0001622877607587725,
    -3.0960516596678644e-05,
    4.796652137883939e-05,
    0.22682994604110718,
    0.22060753405094147,
    0.05532737076282501,
    0.05567688122391701,
    0.00011224493209738284,
    -0.00017204732284881175,
    0.1179504320025444,
    0.09800856560468674,
    0.09811422228813171,
    -0.00037338296533562243,
    0.036103807389736176,
    0.04076491668820381,
    -0.00010932017175946385,
    4.4858250475954264e-05,
    0.0
  ],
  "active_shapes": {
    "JawForward": 0.010873589664697647,
    "JawRight": 0.031387198716402054,
    "JawOpen": 0.09152381122112274,
    "MouthClose": 0.015574881806969643,
    "MouthFunnel": 0.14902272820472717,
    "MouthLeft": 0.011089392006397247,
    "MouthSmileLeft": 0.04357268661260605,
    "MouthSmileRight": 0.04224525764584541,
    "MouthDimpleLeft": 0.019123103469610214,
    "MouthDimpleRight": 0.01754830591380596,
    "MouthStretchLeft": 0.09894654154777527,
    "MouthStretchRight": 0.10544106364250183,
    "MouthLowerDownLeft": 0.22682994604110718,
    "MouthLowerDownRight": 0.22060753405094147,
    "MouthUpperUpLeft": 0.05532737076282501,
    "MouthUpperUpRight": 0.05567688122391701,
    "BrowInnerUp": 0.1179504320025444,
    "BrowOuterUpLeft": 0.09800856560468674,
    "BrowOuterUpRight": 0.09811422228813171,
    "CheekSquintLeft": 0.036103807389736176,
    "CheekSquintRight": 0.04076491668820381
  },
  "packet_size": 314,
  "packet_hex_preview": "060000002464646431326362302d333463612d313166302d383166662d3734353633633437336235330000000847616c6146616365003b94c4fb3d07c8000000"
}