{
  "frame_id": 288,
  "timestamp": "2025-05-19T18:04:24.651914",
  "input_values": [
    0.0,
    0.0,
    0.0,
    0.0,
    0.0,
    0.0,
    0.0,
    0.0,
    0.0,
    0.0,
    0.0,
    0.0,
    0.0,
    0.0,
    0.0072371638379991055,
    0.00015041636652313173,
    0.016052313148975372,
    0.04699277505278587,
    0.02317086048424244,
    0.07359404116868973,
    0.020532919093966484,
    0.004323503002524376,
    0.0009483664180152118,
    -0.00020635391410905868,
    0.0026990449987351894,
    6.594433943973854e-05,
    2.3537581000709906e-05,
    0.011382035911083221,
    0.010291262529790401,
    0.04462442547082901,
    0.04649917408823967,
    -3.062580799451098e-05,
    0.003723165486007929,
    1.921507646329701e-05,
    7.60570474085398e-05,
    0.0005763807566836476,
    0.0009599851327948272,
    0.08233477920293808,
    0.08293688297271729,
    0.014025265350937843,
    0.01518266648054123,
    0.01368965208530426,
    0.013498315587639809,
    0.033918529748916626,
    0.014478014782071114,
    0.014456920325756073,
    0.00029289594385772943,
    0.01649252325296402,
    0.019183609634637833,
    -0.00011200704466318712,
    0.0006243069656193256,
    0.0
  ],
  "active_shapes": {
    "JawRight": 0.016052313148975372,
    "JawOpen": 0.04699277505278587,
    "MouthClose": 0.02317086048424244,
    "MouthFunnel": 0.07359404116868973,
    "MouthPucker": 0.020532919093966484,
    "MouthDimpleLeft": 0.011382035911083221,
    "MouthDimpleRight": 0.010291262529790401,
    "MouthStretchLeft": 0.04462442547082901,
    "MouthStretchRight": 0.04649917408823967,
    "MouthLowerDownLeft": 0.08233477920293808,
    "MouthLowerDownRight": 0.08293688297271729,
    "MouthUpperUpLeft": 0.014025265350937843,
    "MouthUpperUpRight": 0.01518266648054123,
    "BrowDownLeft": 0.01368965208530426,
    "BrowDownRight": 0.013498315587639809,
    "BrowInnerUp": 0.033918529748916626,
    "BrowOuterUpLeft": 0.014478014782071114,
    "BrowOuterUpRight": 0.014456920325756073,
    "CheekSquintLeft": 0.01649252325296402,
    "CheekSquintRight": 0.019183609634637833
  },
  "packet_size": 314,
  "packet_hex_preview": "060000002464646431326362302d333463612d313166302d383166662d3734353633633437336235330000000847616c6146616365003b9187fb3d07c8000000"
}