{
  "frame_id": 652,
  "timestamp": "2025-05-19T18:04:38.859082",
  "input_values": [
    0.0,
    0.0,
    0.0,
    0.0,
    0.0,
    0.0,
    0.0,
    0.0,
    0.0,
    0.0,
    0.0,
    0.0,
    0.0,
    0.0,
    0.006573426071554422,
    0.00018819788238033652,
    0.03498368337750435,
    0.07601509988307953,
    -0.00044577789958566427,
    0.09375986456871033,
    0.0006149132386781275,
    0.00024086397024802864,
    0.004992724861949682,
    0.09910297393798828,
    0.07942125201225281,
    -4.340750092524104e-05,
    2.219252746726852e-05,
    0.020999345928430557,
    0.02053694985806942,
    0.0017894899938255548,
    0.005689876154065132,
    -3.631977233453654e-05,
    0.000996104790829122,
    0.0028545772656798363,
    0.022611379623413086,
    0.00996831338852644,
    0.011235905811190605,
    0.22555352747440338,
    0.2370295375585556,
    0.11071863770484924,
    0.12292208522558212,
    0.6388096809387207,
    0.6384968161582947,
    0.04481535777449608,
    -0.00012880195572506636,
    -0.00020422354282345623,
    0.0007481399225071073,
    0.047783635556697845,
    0.05700065568089485,
    0.04507450759410858,
    0.05977368354797363,
    0.0
  ],
  "active_shapes": {
    "JawRight": 0.03498368337750435,
    "JawOpen": 0.07601509988307953,
    "MouthFunnel": 0.09375986456871033,
    "MouthSmileLeft": 0.09910297393798828,
    "MouthSmileRight": 0.07942125201225281,
    "MouthDimpleLeft": 0.020999345928430557,
    "MouthDimpleRight": 0.02053694985806942,
    "MouthShrugUpper": 0.022611379623413086,
    "MouthPressRight": 0.011235905811190605,
    "MouthLowerDownLeft": 0.22555352747440338,
    "MouthLowerDownRight": 0.2370295375585556,
    "MouthUpperUpLeft": 0.11071863770484924,
    "MouthUpperUpRight": 0.12292208522558212,
    "BrowDownLeft": 0.6388096809387207,
    "BrowDownRight": 0.6384968161582947,
    "BrowInnerUp": 0.04481535777449608,
    "CheekSquintLeft": 0.047783635556697845,
    "CheekSquintRight": 0.05700065568089485,
    "NoseSneerLeft": 0.04507450759410858,
    "NoseSneerRight": 0.05977368354797363
  },
  "packet_size": 314,
  "packet_hex_preview": "060000002464646431326362302d333463612d313166302d383166662d3734353633633437336235330000000847616c6146616365003b94dbfb3d07c8000000"
}