{
  "frame_id": 301,
  "timestamp": "2025-05-19T18:04:25.136625",
  "input_values": [
    0.0,
    0.0,
    0.0,
    0.0,
    0.0,
    0.0,
    0.0,
    0.0,
    0.0,
    0.0,
    0.0,
    0.0,
    0.0,
    0.0,
    0.0027779731899499893,
    0.00012621299538295716,
    0.010719312354922295,
    0.04398772120475769,
    0.00012345485447440296,
    0.058226168155670166,
    0.035387832671403885,
    -0.00032958260271698236,
    0.006303212605416775,
    0.04084475338459015,
    0.039270561188459396,
    0.00038380452315323055,
    -0.0001987656723940745,
    0.011518185958266258,
    0.011636837385594845,
    0.0007292311056517065,
    0.00036074212403036654,
    -6.267445132834837e-05,
    0.0016213890630751848,
    0.00779608404263854,
    0.014869933016598225,
    0.005768076051026583,
    0.006451333407312632,
    0.08133317530155182,
    0.09473638981580734,
    0.05471442639827728,
    0.06563121825456619,
    0.3829517960548401,
    0.3828234374523163,
    0.009748656302690506,
    -0.0001326197962043807,
    -0.00021506390476133674,
    0.0007407203665934503,
    0.023263925686478615,
    0.034083571285009384,
    0.05768078565597534,
    0.06585270166397095,
    0.0
  ],
  "active_shapes": {
    "JawRight": 0.010719312354922295,
    "JawOpen": 0.04398772120475769,
    "MouthFunnel": 0.058226168155670166,
    "MouthPucker": 0.035387832671403885,
    "MouthSmileLeft": 0.04084475338459015,
    "MouthSmileRight": 0.039270561188459396,
    "MouthDimpleLeft": 0.011518185958266258,
    "MouthDimpleRight": 0.011636837385594845,
    "MouthShrugUpper": 0.014869933016598225,
    "MouthLowerDownLeft": 0.08133317530155182,
    "MouthLowerDownRight": 0.09473638981580734,
    "MouthUpperUpLeft": 0.05471442639827728,
    "MouthUpperUpRight": 0.06563121825456619,
    "BrowDownLeft": 0.3829517960548401,
    "BrowDownRight": 0.3828234374523163,
    "CheekSquintLeft": 0.023263925686478615,
    "CheekSquintRight": 0.034083571285009384,
    "NoseSneerLeft": 0.05768078565597534,
    "NoseSneerRight": 0.06585270166397095
  },
  "packet_size": 314,
  "packet_hex_preview": "060000002464646431326362302d333463612d313166302d383166662d3734353633633437336235330000000847616c6146616365003b91a4fb3d07c8000000"
}