{
  "frame_id": 697,
  "timestamp": "2025-05-19T18:04:41.495186",
  "input_values": [
    0.0,
    0.0,
    0.0,
    0.0,
    0.0,
    0.0,
    0.0,
    0.0,
    0.0,
    0.0,
    0.0,
    0.0,
    0.0,
    0.0,
    0.00031395204132422805,
    7.629142783116549e-05,
    0.00859871692955494,
    0.029537206515669823,
    4.285736577003263e-05,
    0.05130745843052864,
    0.024309370666742325,
    -6.856329855509102e-05,
    0.003607840510085225,
    0.04913952201604843,
    0.044414617121219635,
    -1.93065898201894e-05,
    1.9114466340397485e-05,
    0.005837075877934694,
    0.005625549238175154,
    7.584334525745362e-05,
    -9.243198292097077e-05,
    0.00013496004976332188,
    0.0005742456996813416,
    0.017916610464453697,
    0.030966896563768387,
    0.008405162952840328,
    0.009091642685234547,
    0.09789706766605377,
    0.10634218156337738,
    0.08000021427869797,
    0.08803367614746094,
    0.3257448077201843,
    0.32565516233444214,
    0.021416209638118744,
    -3.509612361085601e-05,
    -5.046469232183881e-05,
    0.0010862930212169886,
    0.03003886342048645,
    0.03567620366811752,
    0.0946982130408287,
    0.10175880044698715,
    0.0
  ],
  "active_shapes": {
    "JawOpen": 0.029537206515669823,
    "MouthFunnel": 0.05130745843052864,
    "MouthPucker": 0.024309370666742325,
    "MouthSmileLeft": 0.04913952201604843,
    "MouthSmileRight": 0.044414617121219635,
    "MouthShrugLower": 0.017916610464453697,
    "MouthShrugUpper": 0.030966896563768387,
    "MouthLowerDownLeft": 0.09789706766605377,
    "MouthLowerDownRight": 0.10634218156337738,
    "MouthUpperUpLeft": 0.08000021427869797,
    "MouthUpperUpRight": 0.08803367614746094,
    "BrowDownLeft": 0.3257448077201843,
    "BrowDownRight": 0.32565516233444214,
    "BrowInnerUp": 0.021416209638118744,
    "CheekSquintLeft": 0.03003886342048645,
    "CheekSquintRight": 0.03567620366811752,
    "NoseSneerLeft": 0.0946982130408287,
    "NoseSneerRight": 0.10175880044698715
  },
  "packet_size": 314,
  "packet_hex_preview": "060000002464646431326362302d333463612d313166302d383166662d3734353633633437336235330000000847616c6146616365003b9579fb3d07c8000000"
}