{
  "frame_id": 99,
  "timestamp": "2025-05-19T18:04:18.418864",
  "input_values": [
    0.0,
    0.0,
    0.0,
    0.0,
    0.0,
    0.0,
    0.0,
    0.0,
    0.0,
    0.0,
    0.0,
    0.0,
    0.0,
    0.0,
    0.011178102344274521,
    0.00021859312255401164,
    0.034429583698511124,
    0.09180191904306412,
    0.00045780945220030844,
    0.08238117396831512,
    0.016487790271639824,
    -0.0005682801129296422,
    0.013422340154647827,
    0.06107298284769058,
    0.05425592511892319,
    3.405290772207081e-05,
    -0.0002338237245567143,
    0.026572031900286674,
    0.02608362026512623,
    0.01876809075474739,
    0.021227948367595673,
    5.503507418325171e-05,
    0.003921820782124996,
    4.345770867075771e-05,
    0.005089390091598034,
    0.004370762500911951,
    0.005851226858794689,
    0.1526193767786026,
    0.18662406504154205,
    0.07645044475793839,
    0.09594147652387619,
    0.7639056444168091,
    0.7637901306152344,
    0.2133111208677292,
    -0.0002826498821377754,
    -0.00044268264900892973,
    0.0026945830322802067,
    0.04731481149792671,
    0.06846176832914352,
    0.0568031445145607,
    0.0758301168680191,
    0.0
  ],
  "active_shapes": {
    "JawForward": 0.011178102344274521,
    "JawRight": 0.034429583698511124,
    "JawOpen": 0.09180191904306412,
    "MouthFunnel": 0.08238117396831512,
    "MouthPucker": 0.016487790271639824,
    "MouthRight": 0.013422340154647827,
    "MouthSmileLeft": 0.06107298284769058,
    "MouthSmileRight": 0.05425592511892319,
    "MouthDimpleLeft": 0.026572031900286674,
    "MouthDimpleRight": 0.02608362026512623,
    "MouthStretchLeft": 0.01876809075474739,
    "MouthStretchRight": 0.021227948367595673,
    "MouthLowerDownLeft": 0.1526193767786026,
    "MouthLowerDownRight": 0.18662406504154205,
    "MouthUpperUpLeft": 0.07645044475793839,
    "MouthUpperUpRight": 0.09594147652387619,
    "BrowDownLeft": 0.7639056444168091,
    "BrowDownRight": 0.7637901306152344,
    "BrowInnerUp": 0.2133111208677292,
    "CheekSquintLeft": 0.04731481149792671,
    "CheekSquintRight": 0.06846176832914352,
    "NoseSneerLeft": 0.0568031445145607,
    "NoseSneerRight": 0.0758301168680191
  },
  "packet_size": 314,
  "packet_hex_preview": "060000002464646431326362302d333463612d313166302d383166662d3734353633633437336235330000000847616c6146616365003b9011fb3d07c8000000"
}