{
  "frame_id": 343,
  "timestamp": "2025-05-19T18:04:26.404163",
  "input_values": [
    0.0,
    0.0,
    0.0,
    0.0,
    0.0,
    0.0,
    0.0,
    0.0,
    0.0,
    0.0,
    0.0,
    0.0,
    0.0,
    0.0,
    0.001230236841365695,
    0.00011279060709057376,
    0.013468694873154163,
    0.011014312505722046,
    -0.00018343061674386263,
    0.012808714993298054,
    0.0005420027882792056,
    0.00036210098187439144,
    0.00213155266828835,
    0.08444902300834656,
    0.06302935630083084,
    -1.1018765690096188e-05,
    4.2553201637929305e-05,
    0.017353711649775505,
    0.017104750499129295,
    0.009526346810162067,
    0.008181984536349773,
    0.0002876180806197226,
    0.0018243857193738222,
    0.00019461032934486866,
    0.005070270039141178,
    0.004124976694583893,
    0.0050495695322752,
    0.10035915672779083,
    0.10699352622032166,
    0.04497980326414108,
    0.04831349849700928,
    0.4816843867301941,
    0.4815938174724579,
    0.17462316155433655,
    -1.0362557986809406e-05,
    -6.9344937401183415e-06,
    0.0015823745634406805,
    0.035801514983177185,
    0.042483098804950714,
    0.03427790850400925,
    0.04189085215330124,
    0.0
  ],
  "active_shapes": {
    "JawRight": 0.013468694873154163,
    "JawOpen": 0.011014312505722046,
    "MouthFunnel": 0.012808714993298054,
    "MouthSmileLeft": 0.08444902300834656,
    "MouthSmileRight": 0.06302935630083084,
    "MouthDimpleLeft": 0.017353711649775505,
    "MouthDimpleRight": 0.017104750499129295,
    "MouthLowerDownLeft": 0.10035915672779083,
    "MouthLowerDownRight": 0.10699352622032166,
    "MouthUpperUpLeft": 0.04497980326414108,
    "MouthUpperUpRight": 0.04831349849700928,
    "BrowDownLeft": 0.4816843867301941,
    "BrowDownRight": 0.4815938174724579,
    "BrowInnerUp": 0.17462316155433655,
    "CheekSquintLeft": 0.035801514983177185,
    "CheekSquintRight": 0.042483098804950714,
    "NoseSneerLeft": 0.03427790850400925,
    "NoseSneerRight": 0.04189085215330124
  },
  "packet_size": 314,
  "packet_hex_preview": "060000002464646431326362302d333463612d313166302d383166662d3734353633633437336235330000000847616c6146616365003b91f0fb3d07c8000000"
}