{
  "frame_id": 649,
  "timestamp": "2025-05-19T18:04:38.803870",
  "input_values": [
    0.0,
    0.0,
    0.0,
    0.0,
    0.0,
    0.0,
    0.0,
    0.0,
    0.0,
    0.0,
    0.0,
    0.0,
    0.0,
    0.0,
    0.002059024525806308,
    0.00011329777771607041,
    0.01907246559858322,
    0.04298361390829086,
    -0.00029726786306127906,
    0.08461757749319077,
    0.009957240894436836,
    -9.485848568147048e-05,
    0.004160452168434858,
    0.06801764667034149,
    0.06107939034700394,
    -5.909628816880286e-05,
    -3.854928581858985e-05,
    0.01088764425367117,
    0.010693373158574104,
    -0.0001515719632152468,
    0.00011138253466924652,
    4.687697582994588e-05,
    0.0003825208987109363,
    0.016526037827134132,
    0.04250718280673027,
    0.009204104542732239,
    0.010169954039156437,
    0.12522529065608978,
    0.1351199448108673,
    0.11103661358356476,
    0.12231403589248657,
    0.40463173389434814,
    0.40444710850715637,
    0.0026976894587278366,
    -0.00016845695790834725,
    -0.00020419487555045635,
    0.0003900211304426193,
    0.036095332354307175,
    0.04456236958503723,
    0.0664907693862915,
    0.08163218200206757,
    0.0
  ],
  "active_shapes": {
    "JawRight": 0.01907246559858322,
    "JawOpen": 0.04298361390829086,
    "MouthFunnel": 0.08461757749319077,
    "MouthSmileLeft": 0.06801764667034149,
    "MouthSmileRight": 0.06107939034700394,
    "MouthDimpleLeft": 0.01088764425367117,
    "MouthDimpleRight": 0.010693373158574104,
    "MouthShrugLower": 0.016526037827134132,
    "MouthShrugUpper": 0.04250718280673027,
    "MouthPressRight": 0.010169954039156437,
    "MouthLowerDownLeft": 0.12522529065608978,
    "MouthLowerDownRight": 0.1351199448108673,
    "MouthUpperUpLeft": 0.11103661358356476,
    "MouthUpperUpRight": 0.12231403589248657,
    "BrowDownLeft": 0.40463173389434814,
    "BrowDownRight": 0.40444710850715637,
    "CheekSquintLeft": 0.036095332354307175,
    "CheekSquintRight": 0.04456236958503723,
    "NoseSneerLeft": 0.0664907693862915,
    "NoseSneerRight": 0.08163218200206757
  },
  "packet_size": 314,
  "packet_hex_preview": "060000002464646431326362302d333463612d313166302d383166662d3734353633633437336235330000000847616c6146616365003b94d8fb3d07c8000000"
}