{
  "frame_id": 153,
  "timestamp": "2025-05-19T18:04:20.105843",
  "input_values": [
    0.0,
    0.0,
    0.0,
    0.0,
    0.0,
    0.0,
    0.0,
    0.0,
    0.0,
    0.0,
    0.0,
    0.0,
    0.0,
    0.0,
    0.008222628384828568,
    0.00020080877584405243,
    0.01873430423438549,
    0.08304881304502487,
    0.00033429788891226053,
    0.05200532078742981,
    0.0006508980877697468,
    0.0006436514668166637,
    0.0028982535004615784,
    0.11241280287504196,
    0.09430191665887833,
    -2.516311542422045e-05,
    -0.00012032278027618304,
    0.02735362946987152,
    0.028122125193476677,
    0.029787525534629822,
    0.036105379462242126,
    0.00014305920922197402,
    0.005087980534881353,
    1.063309582605143e-06,
    0.00088962895097211,
    0.0047189099714159966,
    0.005083946045488119,
    0.20763294398784637,
    0.22510384023189545,
    0.06706806272268295,
    0.07436397671699524,
    0.4310110807418823,
    0.43083277344703674,
    0.039369773119688034,
    -0.0001744161854730919,
    -0.00015605465159751475,
    0.0001793760748114437,
    0.04548633098602295,
    0.054366130381822586,
    0.03794465959072113,
    0.04104360193014145,
    0.0
  ],
  "active_shapes": {
    "JawRight": 0.01873430423438549,
    "JawOpen": 0.08304881304502487,
    "MouthFunnel": 0.05200532078742981,
    "MouthSmileLeft": 0.11241280287504196,
    "MouthSmileRight": 0.09430191665887833,
    "MouthDimpleLeft": 0.02735362946987152,
    "MouthDimpleRight": 0.028122125193476677,
    "MouthStretchLeft": 0.029787525534629822,
    "MouthStretchRight": 0.036105379462242126,
    "MouthLowerDownLeft": 0.20763294398784637,
    "MouthLowerDownRight": 0.22510384023189545,
    "MouthUpperUpLeft": 0.06706806272268295,
    "MouthUpperUpRight": 0.07436397671699524,
    "BrowDownLeft": 0.4310110807418823,
    "BrowDownRight": 0.43083277344703674,
    "BrowInnerUp": 0.039369773119688034,
    "CheekSquintLeft": 0.04548633098602295,
    "CheekSquintRight": 0.054366130381822586,
    "NoseSneerLeft": 0.03794465959072113,
    "NoseSneerRight": 0.04104360193014145
  },
  "packet_size": 314,
  "packet_hex_preview": "060000002464646431326362302d333463612d313166302d383166662d3734353633633437336235330000000847616c6146616365003b9076fb3d07c8000000"
}