{
  "frame_id": 24,
  "timestamp": "2025-05-19T18:04:16.032490",
  "input_values": [
    0.0,
    0.0,
    0.0,
    0.0,
    0.0,
    0.0,
    0.0,
    0.0,
    0.0,
    0.0,
    0.0,
    0.0,
    0.0,
    0.0,
    0.0016002679476514459,
    0.00011348848784109578,
    0.01867569424211979,
    0.05265790969133377,
    0.0001090159930754453,
    0.04382144659757614,
    0.0005525085143744946,
    -4.185073066764744e-06,
    0.002652079099789262,
    0.0833856463432312,
    0.07043219357728958,
    -1.0568512152531184e-05,
    1.4743256542715244e-05,
    0.009939976036548615,
    0.009930459782481194,
    -4.5778488129144534e-05,
    0.00036561876186169684,
    5.9732272347901016e-05,
    0.001357594272121787,
    0.002798288594931364,
    0.014900482259690762,
    0.006082308012992144,
    0.006454283371567726,
    0.14654433727264404,
    0.1541716754436493,
    0.07186323404312134,
    0.07693251222372055,
    0.35148394107818604,
    0.35129326581954956,
    0.021713268011808395,
    -0.00013306038454174995,
    -0.00015015157987363636,
    5.253089693724178e-05,
    0.04052487760782242,
    0.04550047963857651,
    0.0664905458688736,
    0.06804313510656357,
    0.0
  ],
  "active_shapes": {
    "JawRight": 0.01867569424211979,
    "JawOpen": 0.05265790969133377,
    "MouthFunnel": 0.04382144659757614,
    "MouthSmileLeft": 0.0833856463432312,
    "MouthSmileRight": 0.07043219357728958,
    "MouthShrugUpper": 0.014900482259690762,
    "MouthLowerDownLeft": 0.14654433727264404,
    "MouthLowerDownRight": 0.1541716754436493,
    "MouthUpperUpLeft": 0.07186323404312134,
    "MouthUpperUpRight": 0.07693251222372055,
    "BrowDownLeft": 0.35148394107818604,
    "BrowDownRight": 0.35129326581954956,
    "BrowInnerUp": 0.021713268011808395,
    "CheekSquintLeft": 0.04052487760782242,
    "CheekSquintRight": 0.04550047963857651,
    "NoseSneerLeft": 0.0664905458688736,
    "NoseSneerRight": 0.06804313510656357
  },
  "packet_size": 314,
  "packet_hex_preview": "060000002464646431326362302d333463612d313166302d383166662d3734353633633437336235330000000847616c6146616365003b8f81fb3d07c8000000"
}