{
  "frame_id": 79,
  "timestamp": "2025-05-19T18:04:17.932359",
  "input_values": [
    0.0,
    0.0,
    0.0,
    0.0,
    0.0,
    0.0,
    0.0,
    0.0,
    0.0,
    0.0,
    0.0,
    0.0,
    0.0,
    0.0,
    0.00710348691791296,
    0.00015041646838653833,
    0.024727996438741684,
    0.09510773420333862,
    -0.000280361738987267,
    0.03408705070614815,
    0.0003825587045866996,
    0.0004451703862287104,
    0.0015191341517493129,
    0.08785470575094223,
    0.06858564168214798,
    -5.255971336737275e-05,
    8.686345245223492e-05,
    0.026219895109534264,
    0.025386948138475418,
    0.029005179181694984,
    0.027329007163643837,
    0.0001295888505410403,
    0.002724382560700178,
    -0.00014494493370875716,
    0.0013493107398971915,
    0.00548620754852891,
    0.006381717510521412,
    0.22793622314929962,
    0.23475539684295654,
    0.05399777740240097,
    0.0589652955532074,
    0.5268234610557556,
    0.5265858173370361,
    0.1273406445980072,
    -0.0001231955538969487,
    -0.0001663657312747091,
    0.0014155941316857934,
    0.03654135391116142,
    0.04156140238046646,
    0.008006801828742027,
    0.017246827483177185,
    0.0
  ],
  "active_shapes": {
    "JawRight": 0.024727996438741684,
    "JawOpen": 0.09510773420333862,
    "MouthFunnel": 0.03408705070614815,
    "MouthSmileLeft": 0.08785470575094223,
    "MouthSmileRight": 0.06858564168214798,
    "MouthDimpleLeft": 0.026219895109534264,
    "MouthDimpleRight": 0.025386948138475418,
    "MouthStretchLeft": 0.029005179181694984,
    "MouthStretchRight": 0.027329007163643837,
    "MouthLowerDownLeft": 0.22793622314929962,
    "MouthLowerDownRight": 0.23475539684295654,
    "MouthUpperUpLeft": 0.05399777740240097,
    "MouthUpperUpRight": 0.0589652955532074,
    "BrowDownLeft": 0.5268234610557556,
    "BrowDownRight": 0.5265858173370361,
    "BrowInnerUp": 0.1273406445980072,
    "CheekSquintLeft": 0.03654135391116142,
    "CheekSquintRight": 0.04156140238046646,
    "NoseSneerRight": 0.017246827483177185
  },
  "packet_size": 314,
  "packet_hex_preview": "060000002464646431326362302d333463612d313166302d383166662d3734353633633437336235330000000847616c6146616365003b8ff3fb3d07c8000000"
}