{
  "frame_id": 519,
  "timestamp": "2025-05-19T18:04:31.927995",
  "input_values": [
    0.0,
    0.0,
    0.0,
    0.0,
    0.0,
    0.0,
    0.0,
    0.0,
    0.0,
    0.0,
    0.0,
    0.0,
    0.0,
    0.0,
    0.021355848759412766,
    0.00017712070257402956,
    0.03185060992836952,
    0.09825760871171951,
    0.023002689704298973,
    0.09168127924203873,
    0.0002608131035231054,
    0.0012661137152463198,
    0.0013768610078841448,
    0.17347437143325806,
    0.1685069501399994,
    -0.0001479647762607783,
    -0.00010284848394803703,
    0.034321073442697525,
    0.03488056734204292,
    0.030462194234132767,
    0.04057689756155014,
    -0.000367181608453393,
    0.008234923705458641,
    -0.00028402273892425,
    0.0002558009000495076,
    0.002023211680352688,
    0.002825832925736904,
    0.2303999364376068,
    0.22895240783691406,
    0.07133639603853226,
    0.07411281764507294,
    0.10027198493480682,
    0.10022211074829102,
    0.015754910185933113,
    0.0046167802065610886,
    0.004569927230477333,
    -0.0007659242837689817,
    0.07605668902397156,
    0.09001722931861877,
    0.045953959226608276,
    0.05290321260690689,
    0.0
  ],
  "active_shapes": {
    "JawForward": 0.021355848759412766,
    "JawRight": 0.03185060992836952,
    "JawOpen": 0.09825760871171951,
    "MouthClose": 0.023002689704298973,
    "MouthFunnel": 0.09168127924203873,
    "MouthSmileLeft": 0.17347437143325806,
    "MouthSmileRight": 0.1685069501399994,
    "MouthDimpleLeft": 0.034321073442697525,
    "MouthDimpleRight": 0.03488056734204292,
    "MouthStretchLeft": 0.030462194234132767,
    "MouthStretchRight": 0.04057689756155014,
    "MouthLowerDownLeft": 0.2303999364376068,
    "MouthLowerDownRight": 0.22895240783691406,
    "MouthUpperUpLeft": 0.07133639603853226,
    "MouthUpperUpRight": 0.07411281764507294,
    "BrowDownLeft": 0.10027198493480682,
    "BrowDownRight": 0.10022211074829102,
    "BrowInnerUp": 0.015754910185933113,
    "CheekSquintLeft": 0.07605668902397156,
    "CheekSquintRight": 0.09001722931861877,
    "NoseSneerLeft": 0.045953959226608276,
    "NoseSneerRight": 0.05290321260690689
  },
  "packet_size": 314,
  "packet_hex_preview": "060000002464646431326362302d333463612d313166302d383166662d3734353633633437336235330000000847616c6146616365003b933bfb3d07c8000000"
}