{
  "frame_id": 628,
  "timestamp": "2025-05-19T18:04:37.712642",
  "input_values": [
    0.0,
    0.0,
    0.0,
    0.0,
    0.0,
    0.0,
    0.0,
    0.0,
    0.0,
    0.0,
    0.0,
    0.0,
    0.0,
    0.0,
    0.004931452684104443,
    0.000145909987622872,
    0.009140638634562492,
    0.05492023751139641,
    0.0028413739055395126,
    0.04833277314901352,
    0.0033550411462783813,
    0.000985624035820365,
    0.0017868218710646033,
    0.022946340963244438,
    0.018731549382209778,
    5.833672184962779e-05,
    -0.00010852150444407016,
    0.007854064926505089,
    0.0076233213767409325,
    0.0011077015660703182,
    0.003298696596175432,
    4.117424396099523e-05,
    0.0028300073463469744,
    -4.847755189985037e-05,
    0.0002854377089533955,
    0.0009615211747586727,
    0.0010946232359856367,
    0.07208091765642166,
    0.08199096471071243,
    0.013555382378399372,
    0.018613943830132484,
    0.10230053961277008,
    0.10215399414300919,
    0.013307149522006512,
    -0.00023379985941573977,
    -0.0003050702507607639,
    0.0014990416821092367,
    0.019234945997595787,
    0.025192124769091606,
    0.0001166353904409334,
    0.0007212869822978973,
    0.0
  ],
  "active_shapes": {
    "JawOpen": 0.05492023751139641,
    "MouthFunnel": 0.04833277314901352,
    "MouthSmileLeft": 0.022946340963244438,
    "MouthSmileRight": 0.018731549382209778,
    "MouthLowerDownLeft": 0.07208091765642166,
    "MouthLowerDownRight": 0.08199096471071243,
    "MouthUpperUpLeft": 0.013555382378399372,
    "MouthUpperUpRight": 0.018613943830132484,
    "BrowDownLeft": 0.10230053961277008,
    "BrowDownRight": 0.10215399414300919,
    "BrowInnerUp": 0.013307149522006512,
    "CheekSquintLeft": 0.019234945997595787,
    "CheekSquintRight": 0.025192124769091606
  },
  "packet_size": 314,
  "packet_hex_preview": "060000002464646431326362302d333463612d313166302d383166662d3734353633633437336235330000000847616c6146616365003b9496fb3d07c8000000"
}