{
  "frame_id": 29,
  "timestamp": "2025-05-19T18:04:16.083426",
  "input_values": [
    0.0,
    0.0,
    0.0,
    0.0,
    0.0,
    0.0,
    0.0,
    0.0,
    0.0,
    0.0,
    0.0,
    0.0,
    0.0,
    0.0,
    0.006316344253718853,
    0.00018866844766307622,
    0.0279750507324934,
    0.05918005108833313,
    0.00021953393297735602,
    0.010289235971868038,
    0.0006690554437227547,
    0.0003527001535985619,
    0.0031626312993466854,
    0.1425618678331375,
    0.113274946808815,
    -4.6011031372472644e-05,
    1.8214481087852619e-06,
    0.025346312671899796,
    0.02566978707909584,
    0.00014972809003666043,
    0.0012071204837411642,
    0.00013661952107213438,
    0.003078416921198368,
    -0.00012964996858499944,
    0.002474304288625717,
    0.006354066077619791,
    0.006789710372686386,
    0.16998891532421112,
    0.1768738031387329,
    0.05346013605594635,
    0.05529287829995155,
    0.5169274806976318,
    0.5166164636611938,
    0.05171063914895058,
    -0.0003596280876081437,
    -0.0004336394486017525,
    -0.00023870822042226791,
    0.051118310540914536,
    0.05807046592235565,
    0.037141796201467514,
    0.03621252626180649,
    0.0
  ],
  "active_shapes": {
    "JawRight": 0.0279750507324934,
    "JawOpen": 0.05918005108833313,
    "MouthFunnel": 0.010289235971868038,
    "MouthSmileLeft": 0.1425618678331375,
    "MouthSmileRight": 0.113274946808815,
    "MouthDimpleLeft": 0.025346312671899796,
    "MouthDimpleRight": 0.02566978707909584,
    "MouthLowerDownLeft": 0.16998891532421112,
    "MouthLowerDownRight": 0.1768738031387329,
    "MouthUpperUpLeft": 0.05346013605594635,
    "MouthUpperUpRight": 0.05529287829995155,
    "BrowDownLeft": 0.5169274806976318,
    "BrowDownRight": 0.5166164636611938,
    "BrowInnerUp": 0.05171063914895058,
    "CheekSquintLeft": 0.051118310540914536,
    "CheekSquintRight": 0.05807046592235565,
    "NoseSneerLeft": 0.037141796201467514,
    "NoseSneerRight": 0.03621252626180649
  },
  "packet_size": 314,
  "packet_hex_preview": "060000002464646431326362302d333463612d313166302d383166662d3734353633633437336235330000000847616c6146616365003b8f84fb3d07c8000000"
}