{
  "frame_id": 53,
  "timestamp": "2025-05-19T18:04:17.063640",
  "input_values": [
    0.0,
    0.0,
    0.0,
    0.0,
    0.0,
    0.0,
    0.0,
    0.0,
    0.0,
    0.0,
    0.0,
    0.0,
    0.0,
    0.0,
    0.0005902910488657653,
    0.00011331775021972135,
    0.009450863115489483,
    0.002878731582313776,
    -5.51698831259273e-05,
    0.006082426756620407,
    0.0006697371136397123,
    0.0004458444600459188,
    0.001085990690626204,
    0.08271922171115875,
    0.06274694204330444,
    5.802701707580127e-05,
    8.502132550347596e-05,
    0.01534572895616293,
    0.015223763883113861,
    0.007604450918734074,
    0.004762360826134682,
    0.0005284214857965708,
    0.0018900802824646235,
    0.0005629121442325413,
    0.005072903819382191,
    0.004467735532671213,
    0.00534015242010355,
    0.08069077879190445,
    0.08461955189704895,
    0.03400556370615959,
    0.03657988831400871,
    0.4586917757987976,
    0.4585621953010559,
    0.13839973509311676,
    9.098120244743768e-06,
    2.664175735844765e-05,
    0.0014645650517195463,
    0.027235664427280426,
    0.032805170863866806,
    0.02941468358039856,
    0.03494017943739891,
    0.0
  ],
  "active_shapes": {
    "MouthSmileLeft": 0.08271922171115875,
    "MouthSmileRight": 0.06274694204330444,
    "MouthDimpleLeft": 0.01534572895616293,
    "MouthDimpleRight": 0.015223763883113861,
    "MouthLowerDownLeft": 0.08069077879190445,
    "MouthLowerDownRight": 0.08461955189704895,
    "MouthUpperUpLeft": 0.03400556370615959,
    "MouthUpperUpRight": 0.03657988831400871,
    "BrowDownLeft": 0.4586917757987976,
    "BrowDownRight": 0.4585621953010559,
    "BrowInnerUp": 0.13839973509311676,
    "CheekSquintLeft": 0.027235664427280426,
    "CheekSquintRight": 0.032805170863866806,
    "NoseSneerLeft": 0.02941468358039856,
    "NoseSneerRight": 0.03494017943739891
  },
  "packet_size": 314,
  "packet_hex_preview": "060000002464646431326362302d333463612d313166302d383166662d3734353633633437336235330000000847616c6146616365003b8fbffb3d07c8000000"
}