{
  "frame_id": 34,
  "timestamp": "2025-05-19T18:04:16.548698",
  "input_values": [
    0.0,
    0.0,
    0.0,
    0.0,
    0.0,
    0.0,
    0.0,
    0.0,
    0.0,
    0.0,
    0.0,
    0.0,
    0.0,
    0.0,
    0.010431202128529549,
    0.00013795365521218628,
    0.016242465004324913,
    0.04753059893846512,
    0.0075350129045546055,
    0.021573321893811226,
    0.0005234462441876531,
    0.0006010762881487608,
    0.0036735269241034985,
    0.046686701476573944,
    0.042193178087472916,
    -3.685380579554476e-05,
    -7.760261360090226e-05,
    0.017187051475048065,
    0.01733432523906231,
    0.008989376947283745,
    0.012287563644349575,
    -0.0002122616278938949,
    0.004745893180370331,
    -0.00013292029325384647,
    0.00017706358630675822,
    0.0010190146276727319,
    0.0012886605691164732,
    0.08142685890197754,
    0.09438440203666687,
    0.00687174778431654,
    0.011468403041362762,
    0.13838350772857666,
    0.13818618655204773,
    0.00045752088772132993,
    -0.00014501016994472593,
    -0.00027433427749201655,
    0.0003166428650729358,
    0.019023939967155457,
    0.025558162480592728,
    0.004221729002892971,
    0.0055238837376236916,
    0.0
  ],
  "active_shapes": {
    "JawForward": 0.010431202128529549,
    "JawRight": 0.016242465004324913,
    "JawOpen": 0.04753059893846512,
    "MouthFunnel": 0.021573321893811226,
    "MouthSmileLeft": 0.046686701476573944,
    "MouthSmileRight": 0.042193178087472916,
    "MouthDimpleLeft": 0.017187051475048065,
    "MouthDimpleRight": 0.01733432523906231,
    "MouthStretchRight": 0.012287563644349575,
    "MouthLowerDownLeft": 0.08142685890197754,
    "MouthLowerDownRight": 0.09438440203666687,
    "MouthUpperUpRight": 0.011468403041362762,
    "BrowDownLeft": 0.13838350772857666,
    "BrowDownRight": 0.13818618655204773,
    "CheekSquintLeft": 0.019023939967155457,
    "CheekSquintRight": 0.025558162480592728
  },
  "packet_size": 314,
  "packet_hex_preview": "060000002464646431326362302d333463612d313166302d383166662d3734353633633437336235330000000847616c6146616365003b8fa0fb3d07c8000000"
}