{
  "frame_id": 5,
  "timestamp": "2025-05-19T18:04:15.564158",
  "input_values": [
    0.0,
    0.0,
    0.0,
    0.0,
    0.0,
    0.0,
    0.0,
    0.0,
    0.0,
    0.0,
    0.0,
    0.0,
    0.0,
    0.0,
    0.010409954003989697,
    0.00011096314119640738,
    0.014822602272033691,
    0.06315825134515762,
    -9.75346629275009e-05,
    0.09186933189630508,
    0.0005408877623267472,
    0.0014340889174491167,
    0.0005819245707243681,
    0.11891936510801315,
    0.12300526350736618,
    -9.665364632382989e-05,
    -4.6860379370627925e-05,
    0.012306957505643368,
    0.013346847146749496,
    0.020576082170009613,
    0.02084919810295105,
    0.00010744125756900758,
    0.0014137641992419958,
    0.00021517177810892463,
    0.0009335109498351812,
    0.0024129331577569246,
    0.0028528168331831694,
    0.21542306244373322,
    0.2212965339422226,
    0.11384566128253937,
    0.1201825961470604,
    0.06138884276151657,
    0.06126212328672409,
    0.030774949118494987,
    0.014414982870221138,
    0.014497227966785431,
    -0.0003210867871530354,
    0.04869861155748367,
    0.051113542169332504,
    0.05185510218143463,
    0.05670551583170891,
    0.0
  ],
  "active_shapes": {
    "JawForward": 0.010409954003989697,
    "JawRight": 0.014822602272033691,
    "JawOpen": 0.06315825134515762,
    "MouthFunnel": 0.09186933189630508,
    "MouthSmileLeft": 0.11891936510801315,
    "MouthSmileRight": 0.12300526350736618,
    "MouthDimpleLeft": 0.012306957505643368,
    "MouthDimpleRight": 0.013346847146749496,
    "MouthStretchLeft": 0.020576082170009613,
    "MouthStretchRight": 0.02084919810295105,
    "MouthLowerDownLeft": 0.21542306244373322,
    "MouthLowerDownRight": 0.2212965339422226,
    "MouthUpperUpLeft": 0.11384566128253937,
    "MouthUpperUpRight": 0.1201825961470604,
    "BrowDownLeft": 0.06138884276151657,
    "BrowDownRight": 0.06126212328672409,
    "BrowInnerUp": 0.030774949118494987,
    "BrowOuterUpLeft": 0.014414982870221138,
    "BrowOuterUpRight": 0.014497227966785431,
    "CheekSquintLeft": 0.04869861155748367,
    "CheekSquintRight": 0.051113542169332504,
    "NoseSneerLeft": 0.05185510218143463,
    "NoseSneerRight": 0.05670551583170891
  },
  "packet_size": 314,
  "packet_hex_preview": "060000002464646431326362302d333463612d313166302d383166662d3734353633633437336235330000000847616c6146616365003b8f65fb3d07c8000000"
}