{
  "frame_id": 42,
  "timestamp": "2025-05-19T18:04:16.628994",
  "input_values": [
    0.0,
    0.0,
    0.0,
    0.0,
    0.0,
    0.0,
    0.0,
    0.0,
    0.0,
    0.0,
    0.0,
    0.0,
    0.0,
    0.0,
    0.004426813218742609,
    0.00018908568017650396,
    0.03199184313416481,
    0.08407416939735413,
    -0.00037523041828535497,
    0.0926642194390297,
    0.014268399216234684,
    -0.0005915539222769439,
    0.005582503043115139,
    0.10831794142723083,
    0.09255678206682205,
    -9.053882968146354e-05,
    0.00010282628500135615,
    0.01775304600596428,
    0.017345549538731575,
    0.0015696835471317172,
    0.000731459935195744,
    -1.5669744243496098e-05,
    0.00042866915464401245,
    0.003097658045589924,
    0.02343553863465786,
    0.010302457958459854,
    0.011530101299285889,
    0.23008973896503448,
    0.24729274213314056,
    0.12481169402599335,
    0.13805727660655975,
    0.7828567624092102,
    0.7826090455055237,
    0.17110629379749298,
    3.464233304839581e-05,
    -0.00010501161159481853,
    0.0023031658492982388,
    0.05862715095281601,
    0.0702710896730423,
    0.07969754934310913,
    0.09254703670740128,
    0.0
  ],
  "active_shapes": {
    "JawRight": 0.03199184313416481,
    "JawOpen": 0.08407416939735413,
    "MouthFunnel": 0.0926642194390297,
    "MouthPucker": 0.014268399216234684,
    "MouthSmileLeft": 0.10831794142723083,
    "MouthSmileRight": 0.09255678206682205,
    "MouthDimpleLeft": 0.01775304600596428,
    "MouthDimpleRight": 0.017345549538731575,
    "MouthShrugUpper": 0.02343553863465786,
    "MouthPressLeft": 0.010302457958459854,
    "MouthPressRight": 0.011530101299285889,
    "MouthLowerDownLeft": 0.23008973896503448,
    "MouthLowerDownRight": 0.24729274213314056,
    "MouthUpperUpLeft": 0.12481169402599335,
    "MouthUpperUpRight": 0.13805727660655975,
    "BrowDownLeft": 0.7828567624092102,
    "BrowDownRight": 0.7826090455055237,
    "BrowInnerUp": 0.17110629379749298,
    "CheekSquintLeft": 0.05862715095281601,
    "CheekSquintRight": 0.0702710896730423,
    "NoseSneerLeft": 0.07969754934310913,
    "NoseSneerRight": 0.09254703670740128
  },
  "packet_size": 314,
  "packet_hex_preview": "060000002464646431326362302d333463612d313166302d383166662d3734353633633437336235330000000847616c6146616365003b8fa5fb3d07c8000000"
}