{
  "frame_id": 163,
  "timestamp": "2025-05-19T18:04:20.501739",
  "input_values": [
    0.0,
    0.0,
    0.0,
    0.0,
    0.0,
    0.0,
    0.0,
    0.0,
    0.0,
    0.0,
    0.0,
    0.0,
    0.0,
    0.0,
    0.00345985172316432,
    0.00014980559353716671,
    0.01911017671227455,
    0.06259937584400177,
    0.00015047588385641575,
    0.07923577725887299,
    0.00046335067600011826,
    0.0018065886106342077,
    0.00030713665182702243,
    0.09438226372003555,
    0.07754262536764145,
    1.947178679984063e-05,
    5.736822640756145e-05,
    0.00906397309154272,
    0.008875924162566662,
    0.0013546094996854663,
    0.0025070947594940662,
    2.989841959788464e-05,
    0.0036234743893146515,
    8.16020619822666e-05,
    0.0003061836468987167,
    0.004379344172775745,
    0.004307743161916733,
    0.16915789246559143,
    0.1735115349292755,
    0.05971475690603256,
    0.060254283249378204,
    0.09725230932235718,
    0.09702815860509872,
    0.012665143236517906,
    1.8417447790852748e-05,
    3.8981317629804835e-05,
    0.0006287411088123918,
    0.0340142697095871,
    0.0337798111140728,
    0.016083315014839172,
    0.013773667626082897,
    0.0
  ],
  "active_shapes": {
    "JawRight": 0.01911017671227455,
    "JawOpen": 0.06259937584400177,
    "MouthFunnel": 0.07923577725887299,
    "MouthSmileLeft": 0.09438226372003555,
    "MouthSmileRight": 0.07754262536764145,
    "MouthLowerDownLeft": 0.16915789246559143,
    "MouthLowerDownRight": 0.1735115349292755,
    "MouthUpperUpLeft": 0.05971475690603256,
    "MouthUpperUpRight": 0.060254283249378204,
    "BrowDownLeft": 0.09725230932235718,
    "BrowDownRight": 0.09702815860509872,
    "BrowInnerUp": 0.012665143236517906,
    "CheekSquintLeft": 0.0340142697095871,
    "CheekSquintRight": 0.0337798111140728,
    "NoseSneerLeft": 0.016083315014839172,
    "NoseSneerRight": 0.013773667626082897
  },
  "packet_size": 314,
  "packet_hex_preview": "060000002464646431326362302d333463612d313166302d383166662d3734353633633437336235330000000847616c6146616365003b908efb3d07c8000000"
}