{
  "frame_id": 313,
  "timestamp": "2025-05-19T18:04:25.567194",
  "input_values": [
    0.0,
    0.0,
    0.0,
    0.0,
    0.0,
    0.0,
    0.0,
    0.0,
    0.0,
    0.0,
    0.0,
    0.0,
    0.0,
    0.0,
    -5.432692705653608e-05,
    7.566216663690284e-05,
    0.00750240683555603,
    0.0015927823260426521,
    -0.00010812214895850047,
    0.008582288399338722,
    0.0007254976662807167,
    5.152563608135097e-05,
    0.0009354135254397988,
    0.0463826060295105,
    0.03887757286429405,
    -1.4429259863391053e-05,
    -1.0966925401589833e-05,
    0.0065193092450499535,
    0.006525745149701834,
    -1.796101059881039e-05,
    0.0001511397713329643,
    0.00012295925989747047,
    0.0007193671772256494,
    0.0012780993711203337,
    0.005880704615265131,
    0.003314272966235876,
    0.003747589886188507,
    0.04585348814725876,
    0.04954453557729721,
    0.023419242352247238,
    0.025728663429617882,
    0.2668416500091553,
    0.2667384445667267,
    0.06292916089296341,
    -5.0800277676898986e-05,
    -6.17051700828597e-05,
    0.0009220568463206291,
    0.019923057407140732,
    0.023725740611553192,
    0.022299692034721375,
    0.02543739601969719,
    0.0
  ],
  "active_shapes": {
    "MouthSmileLeft": 0.0463826060295105,
    "MouthSmileRight": 0.03887757286429405,
    "MouthLowerDownLeft": 0.04585348814725876,
    "MouthLowerDownRight": 0.04954453557729721,
    "MouthUpperUpLeft": 0.023419242352247238,
    "MouthUpperUpRight": 0.025728663429617882,
    "BrowDownLeft": 0.2668416500091553,
    "BrowDownRight": 0.2667384445667267,
    "BrowInnerUp": 0.06292916089296341,
    "CheekSquintLeft": 0.019923057407140732,
    "CheekSquintRight": 0.023725740611553192,
    "NoseSneerLeft": 0.022299692034721375,
    "NoseSneerRight": 0.02543739601969719
  },
  "packet_size": 314,
  "packet_hex_preview": "060000002464646431326362302d333463612d313166302d383166662d3734353633633437336235330000000847616c6146616365003b91befb3d07c8000000"
}