{
  "frame_id": 455,
  "timestamp": "2025-05-19T18:04:29.915334",
  "input_values": [
    0.0,
    0.0,
    0.0,
    0.0,
    0.0,
    0.0,
    0.0,
    0.0,
    0.0,
    0.0,
    0.0,
    0.0,
    0.0,
    0.0,
    -0.0005105787422508001,
    0.00011884250852745026,
    0.0014876567292958498,
    0.01999443769454956,
    0.006379370577633381,
    0.017522545531392097,
    0.03177788481116295,
    0.00017543011927045882,
    0.0034633702598512173,
    0.016625454649329185,
    0.019241003319621086,
    -1.6421092368545942e-05,
    -2.512554419809021e-05,
    0.01009465754032135,
    0.010037620551884174,
    0.006598035339266062,
    0.005600904114544392,
    3.0627263186033815e-05,
    0.0024804705753922462,
    0.00020883497199974954,
    0.0005881057004444301,
    0.004589993041008711,
    0.005249937064945698,
    0.04364531487226486,
    0.04978896677494049,
    -0.0003448059724178165,
    0.0027445547748357058,
    0.36431822180747986,
    0.36410632729530334,
    0.12739846110343933,
    -0.00010908216063398868,
    -0.0001559952215757221,
    0.0032063103280961514,
    0.02148667722940445,
    0.026169318705797195,
    0.0050238389521837234,
    0.0075597213581204414,
    0.0
  ],
  "active_shapes": {
    "JawOpen": 0.01999443769454956,
    "MouthFunnel": 0.017522545531392097,
    "MouthPucker": 0.03177788481116295,
    "MouthSmileLeft": 0.016625454649329185,
    "MouthSmileRight": 0.019241003319621086,
    "MouthDimpleLeft": 0.01009465754032135,
    "MouthDimpleRight": 0.010037620551884174,
    "MouthLowerDownLeft": 0.04364531487226486,
    "MouthLowerDownRight": 0.04978896677494049,
    "BrowDownLeft": 0.36431822180747986,
    "BrowDownRight": 0.36410632729530334,
    "BrowInnerUp": 0.12739846110343933,
    "CheekSquintLeft": 0.02148667722940445,
    "CheekSquintRight": 0.026169318705797195
  },
  "packet_size": 314,
  "packet_hex_preview": "060000002464646431326362302d333463612d313166302d383166662d3734353633633437336235330000000847616c6146616365003b92c2fb3d07c8000000"
}