{
  "frame_id": 684,
  "timestamp": "2025-05-19T18:04:40.767869",
  "input_values": [
    0.0,
    0.0,
    0.0,
    0.0,
    0.0,
    0.0,
    0.0,
    0.0,
    0.0,
    0.0,
    0.0,
    0.0,
    0.0,
    0.0,
    0.0031102485954761505,
    0.00011369756248313934,
    0.004914790391921997,
    0.01897912099957466,
    0.015261994674801826,
    0.02474014088511467,
    0.01939891092479229,
    0.00015821865235920995,
    0.0003215400502085686,
    0.051056139171123505,
    0.056373514235019684,
    -4.932643423671834e-05,
    8.158845594152808e-05,
    0.006921146530658007,
    0.0077948542311787605,
    0.00040229916339740157,
    0.0005236488068476319,
    0.00013760430738329887,
    0.0032504741102457047,
    1.9371786038391292e-05,
    0.00016162049723789096,
    0.002267337404191494,
    0.002430192194879055,
    0.055255286395549774,
    0.05666525661945343,
    0.004993850830942392,
    0.0062583088874816895,
    0.15841902792453766,
    0.1582036018371582,
    0.0021442226134240627,
    -9.846489410847425e-05,
    -0.00014049634046386927,
    0.0005574062815867364,
    0.03047078102827072,
    0.037542760372161865,
    0.024441029876470566,
    0.023204293102025986,
    0.0
  ],
  "active_shapes": {
    "JawOpen": 0.01897912099957466,
    "MouthClose": 0.015261994674801826,
    "MouthFunnel": 0.02474014088511467,
    "MouthPucker": 0.01939891092479229,
    "MouthSmileLeft": 0.051056139171123505,
    "MouthSmileRight": 0.056373514235019684,
    "MouthLowerDownLeft": 0.055255286395549774,
    "MouthLowerDownRight": 0.05666525661945343,
    "BrowDownLeft": 0.15841902792453766,
    "BrowDownRight": 0.1582036018371582,
    "CheekSquintLeft": 0.03047078102827072,
    "CheekSquintRight": 0.037542760372161865,
    "NoseSneerLeft": 0.024441029876470566,
    "NoseSneerRight": 0.023204293102025986
  },
  "packet_size": 314,
  "packet_hex_preview": "060000002464646431326362302d333463612d313166302d383166662d3734353633633437336235330000000847616c6146616365003b954efb3d07c8000000"
}