{
  "frame_id": 37,
  "timestamp": "2025-05-19T18:04:16.574230",
  "input_values": [
    0.0,
    0.0,
    0.0,
    0.0,
    0.0,
    0.0,
    0.0,
    0.0,
    0.0,
    0.0,
    0.0,
    0.0,
    0.0,
    0.0,
    0.00164799764752388,
    7.564411498606205e-05,
    0.012878792360424995,
    0.012647347524762154,
    -0.0001433055876987055,
    0.01591404341161251,
    0.0010970847215503454,
    -0.00017901665705721825,
    0.0024520030710846186,
    0.05656559020280838,
    0.04866770654916763,
    -2.623241198307369e-05,
    1.580664684297517e-05,
    0.007250047288835049,
    0.007163578178733587,
    -5.9022754612669814e-06,
    0.00021375373762566596,
    9.043820682563819e-06,
    0.0003523816994857043,
    0.002426393562927842,
    0.010232826694846153,
    0.004437859170138836,
    0.0048545170575380325,
    0.06278705596923828,
    0.06913839280605316,
    0.04435042291879654,
    0.04774829000234604,
    0.3103284239768982,
    0.3102291524410248,
    0.06643687188625336,
    2.1404786821221933e-05,
    -2.7620375476544723e-05,
    0.0007549381116405129,
    0.02693658135831356,
    0.03187578171491623,
    0.04049459472298622,
    0.04323910176753998,
    0.0
  ],
  "active_shapes": {
    "JawRight": 0.012878792360424995,
    "JawOpen": 0.012647347524762154,
    "MouthFunnel": 0.01591404341161251,
    "MouthSmileLeft": 0.05656559020280838,
    "MouthSmileRight": 0.04866770654916763,
    "MouthShrugUpper": 0.010232826694846153,
    "MouthLowerDownLeft": 0.06278705596923828,
    "MouthLowerDownRight": 0.06913839280605316,
    "MouthUpperUpLeft": 0.04435042291879654,
    "MouthUpperUpRight": 0.04774829000234604,
    "BrowDownLeft": 0.3103284239768982,
    "BrowDownRight": 0.3102291524410248,
    "BrowInnerUp": 0.06643687188625336,
    "CheekSquintLeft": 0.02693658135831356,
    "CheekSquintRight": 0.03187578171491623,
    "NoseSneerLeft": 0.04049459472298622,
    "NoseSneerRight": 0.04323910176753998
  },
  "packet_size": 314,
  "packet_hex_preview": "060000002464646431326362302d333463612d313166302d383166662d3734353633633437336235330000000847616c6146616365003b8fa2fb3d07c8000000"
}