{
  "frame_id": 379,
  "timestamp": "2025-05-19T18:04:27.310802",
  "input_values": [
    0.0,
    0.0,
    0.0,
    0.0,
    0.0,
    0.0,
    0.0,
    0.0,
    0.0,
    0.0,
    0.0,
    0.0,
    0.0,
    0.0,
    0.01282228622585535,
    0.00020212147501297295,
    0.03446589782834053,
    0.13453659415245056,
    -0.00021881770226173103,
    0.13864313066005707,
    0.03438083827495575,
    -8.219976007239893e-05,
    0.004972962662577629,
    0.0724131315946579,
    0.058420952409505844,
    -0.0001613287313375622,
    -3.253585964557715e-05,
    0.01865469664335251,
    0.017875662073493004,
    0.00532889598980546,
    0.010148545727133751,
    -0.0005141523433849216,
    0.0022860656026750803,
    0.0004089408612344414,
    0.015150893479585648,
    0.006933525204658508,
    0.007929707877337933,
    0.2533552646636963,
    0.27669933438301086,
    0.12368816137313843,
    0.1389327496290207,
    0.7126623392105103,
    0.7124515771865845,
    0.13383664190769196,
    0.0010350752854719758,
    0.0009449778590351343,
    0.0013551566516980529,
    0.05343106761574745,
    0.06434483081102371,
    0.07828949391841888,
    0.08948802202939987,
    0.0
  ],
  "active_shapes": {
    "JawForward": 0.01282228622585535,
    "JawRight": 0.03446589782834053,
    "JawOpen": 0.13453659415245056,
    "MouthFunnel": 0.13864313066005707,
    "MouthPucker": 0.03438083827495575,
    "MouthSmileLeft": 0.0724131315946579,
    "MouthSmileRight": 0.058420952409505844,
    "MouthDimpleLeft": 0.01865469664335251,
    "MouthDimpleRight": 0.017875662073493004,
    "MouthStretchRight": 0.010148545727133751,
    "MouthShrugUpper": 0.015150893479585648,
    "MouthLowerDownLeft": 0.2533552646636963,
    "MouthLowerDownRight": 0.27669933438301086,
    "MouthUpperUpLeft": 0.12368816137313843,
    "MouthUpperUpRight": 0.1389327496290207,
    "BrowDownLeft": 0.7126623392105103,
    "BrowDownRight": 0.7124515771865845,
    "BrowInnerUp": 0.13383664190769196,
    "CheekSquintLeft": 0.05343106761574745,
    "CheekSquintRight": 0.06434483081102371,
    "NoseSneerLeft": 0.07828949391841888,
    "NoseSneerRight": 0.08948802202939987
  },
  "packet_size": 314,
  "packet_hex_preview": "060000002464646431326362302d333463612d313166302d383166662d3734353633633437336235330000000847616c6146616365003b9226fb3d07c8000000"
}