{
  "frame_id": 472,
  "timestamp": "2025-05-19T18:04:30.349426",
  "input_values": [
    0.0,
    0.0,
    0.0,
    0.0,
    0.0,
    0.0,
    0.0,
    0.0,
    0.0,
    0.0,
    0.0,
    0.0,
    0.0,
    0.0,
    0.002694995142519474,
    0.00011458991502877325,
    0.00703299418091774,
    0.00844649225473404,
    0.00038249260978773236,
    0.0016028492245823145,
    0.0004520636866800487,
    2.5947578251361847e-05,
    0.0009731175377964973,
    0.07523877173662186,
    0.07041014730930328,
    -4.128707587369718e-06,
    -2.8247994123375975e-05,
    0.011230281554162502,
    0.012426456436514854,
    0.002443847246468067,
    0.005502921529114246,
    0.0001298840215895325,
    0.0015744335250928998,
    0.00032099636155180633,
    0.0006593162543140352,
    0.0031910825055092573,
    0.003352541709318757,
    0.05461420491337776,
    0.05616798624396324,
    0.011811165139079094,
    0.013372830115258694,
    0.2055785059928894,
    0.20538172125816345,
    0.0029093322809785604,
    -7.594793714815751e-05,
    -0.00012129459355492145,
    0.0004334202967584133,
    0.02705642208456993,
    0.034692250192165375,
    0.01675308309495449,
    0.01649320311844349,
    0.0
  ],
  "active_shapes": {
    "MouthSmileLeft": 0.07523877173662186,
    "MouthSmileRight": 0.07041014730930328,
    "MouthDimpleLeft": 0.011230281554162502,
    "MouthDimpleRight": 0.012426456436514854,
    "MouthLowerDownLeft": 0.05461420491337776,
    "MouthLowerDownRight": 0.05616798624396324,
    "MouthUpperUpLeft": 0.011811165139079094,
    "MouthUpperUpRight": 0.013372830115258694,
    "BrowDownLeft": 0.2055785059928894,
    "BrowDownRight": 0.20538172125816345,
    "CheekSquintLeft": 0.02705642208456993,
    "CheekSquintRight": 0.034692250192165375,
    "NoseSneerLeft": 0.01675308309495449,
    "NoseSneerRight": 0.01649320311844349
  },
  "packet_size": 314,
  "packet_hex_preview": "060000002464646431326362302d333463612d313166302d383166662d3734353633633437336235330000000847616c6146616365003b92dcfb3d07c8000000"
}