{
  "frame_id": 658,
  "timestamp": "2025-05-19T18:04:39.205843",
  "input_values": [
    0.0,
    0.0,
    0.0,
    0.0,
    0.0,
    0.0,
    0.0,
    0.0,
    0.0,
    0.0,
    0.0,
    0.0,
    0.0,
    0.0,
    0.023872612044215202,
    0.0002712853893171996,
    0.023012448102235794,
    0.1465654969215393,
    0.003954283427447081,
    0.14133289456367493,
    0.012627087533473969,
    0.0001499221834819764,
    0.004661832936108112,
    0.011695154011249542,
    0.028451640158891678,
    0.0002116229006787762,
    -0.0003312585467938334,
    0.011516498401761055,
    0.012730729766190052,
    0.03462012857198715,
    0.043220844119787216,
    -6.709603621857241e-05,
    0.003253583563491702,
    -2.942565879493486e-05,
    0.0007013200083747506,
    0.0004371179675217718,
    0.0005035538342781365,
    0.2092868685722351,
    0.23786744475364685,
    0.06675494462251663,
    0.08645601570606232,
    0.09904816001653671,
    0.09894490242004395,
    -0.0001907151163322851,
    -0.0003861551231238991,
    -0.0006471146480180323,
    0.0009340599062852561,
    0.003912416752427816,
    0.020452067255973816,
    0.01389936450868845,
    0.024191956967115402,
    0.0
  ],
  "active_shapes": {
    "JawForward": 0.023872612044215202,
    "JawRight": 0.023012448102235794,
    "JawOpen": 0.1465654969215393,
    "MouthFunnel": 0.14133289456367493,
    "MouthPucker": 0.012627087533473969,
    "MouthSmileLeft": 0.011695154011249542,
    "MouthSmileRight": 0.028451640158891678,
    "MouthDimpleLeft": 0.011516498401761055,
    "MouthDimpleRight": 0.012730729766190052,
    "MouthStretchLeft": 0.03462012857198715,
    "MouthStretchRight": 0.043220844119787216,
    "MouthLowerDownLeft": 0.2092868685722351,
    "MouthLowerDownRight": 0.23786744475364685,
    "MouthUpperUpLeft": 0.06675494462251663,
    "MouthUpperUpRight": 0.08645601570606232,
    "BrowDownLeft": 0.09904816001653671,
    "BrowDownRight": 0.09894490242004395,
    "CheekSquintRight": 0.020452067255973816,
    "NoseSneerLeft": 0.01389936450868845,
    "NoseSneerRight": 0.024191956967115402
  },
  "packet_size": 314,
  "packet_hex_preview": "060000002464646431326362302d333463612d313166302d383166662d3734353633633437336235330000000847616c6146616365003b94f0fb3d07c8000000"
}