{
  "frame_id": 473,
  "timestamp": "2025-05-19T18:04:30.362844",
  "input_values": [
    0.0,
    0.0,
    0.0,
    0.0,
    0.0,
    0.0,
    0.0,
    0.0,
    0.0,
    0.0,
    0.0,
    0.0,
    0.0,
    0.0,
    0.042511261999607086,
    0.00018403852300252765,
    0.03080858662724495,
    0.16250748932361603,
    0.00023253847029991448,
    0.13254711031913757,
    0.00021124469640199095,
    0.009221273474395275,
    0.001315158442594111,
    0.26083219051361084,
    0.26833075284957886,
    -6.22687948634848e-05,
    5.747788236476481e-05,
    0.02854878269135952,
    0.027807779610157013,
    0.05657204985618591,
    0.04743431508541107,
    -6.979433965170756e-05,
    0.006107516121119261,
    -0.00024405692238360643,
    0.002391663147136569,
    0.0014823644887655973,
    0.002986310748383403,
    0.5190831422805786,
    0.5088265538215637,
    0.20065337419509888,
    0.20963028073310852,
    0.005535242613404989,
    0.005317064467817545,
    0.2195671647787094,
    0.25704243779182434,
    0.25711947679519653,
    -0.00045157020213082433,
    0.12870989739894867,
    0.1423066109418869,
    0.08710073679685593,
    0.10764942318201065,
    0.0
  ],
  "active_shapes": {
    "JawForward": 0.042511261999607086,
    "JawRight": 0.03080858662724495,
    "JawOpen": 0.16250748932361603,
    "MouthFunnel": 0.13254711031913757,
    "MouthSmileLeft": 0.26083219051361084,
    "MouthSmileRight": 0.26833075284957886,
    "MouthDimpleLeft": 0.02854878269135952,
    "MouthDimpleRight": 0.027807779610157013,
    "MouthStretchLeft": 0.05657204985618591,
    "MouthStretchRight": 0.04743431508541107,
    "MouthLowerDownLeft": 0.5190831422805786,
    "MouthLowerDownRight": 0.5088265538215637,
    "MouthUpperUpLeft": 0.20065337419509888,
    "MouthUpperUpRight": 0.20963028073310852,
    "BrowInnerUp": 0.2195671647787094,
    "BrowOuterUpLeft": 0.25704243779182434,
    "BrowOuterUpRight": 0.25711947679519653,
    "CheekSquintLeft": 0.12870989739894867,
    "CheekSquintRight": 0.1423066109418869,
    "NoseSneerLeft": 0.08710073679685593,
    "NoseSneerRight": 0.10764942318201065
  },
  "packet_size": 314,
  "packet_hex_preview": "060000002464646431326362302d333463612d313166302d383166662d3734353633633437336235330000000847616c6146616365003b92ddfb3d07c8000000"
}