{
  "frame_id": 101,
  "timestamp": "2025-05-19T18:04:18.723564",
  "input_values": [
    0.0,
    0.0,
    0.0,
    0.0,
    0.0,
    0.0,
    0.0,
    0.0,
    0.0,
    0.0,
    0.0,
    0.0,
    0.0,
    0.0,
    6.553988350788131e-05,
    3.7628029531333596e-05,
    0.0032205446623265743,
    0.00917289312928915,
    0.0002618989092297852,
    0.010525427758693695,
    0.010894457809627056,
    8.069547766353935e-05,
    0.0008626091293990612,
    0.019002681598067284,
    0.01341086346656084,
    -8.794033419690095e-06,
    2.1654352167388424e-05,
    0.00420985696837306,
    0.00399355310946703,
    0.0005686209187842906,
    0.00079842668492347,
    7.532340532634407e-05,
    0.0008109550690278411,
    9.079861047212034e-05,
    0.0008556179818697274,
    0.0017973097274079919,
    0.0020873681642115116,
    0.0262099988758564,
    0.027959581464529037,
    0.010616352781653404,
    0.011818787083029747,
    0.16295738518238068,
    0.1629234403371811,
    0.046055831015110016,
    5.374178044803557e-07,
    -5.511551989911823e-06,
    0.0008967902394942939,
    0.01304141990840435,
    0.014613473787903786,
    0.01637727953493595,
    0.01845110021531582,
    0.0
  ],
  "active_shapes": {
    "MouthFunnel": 0.010525427758693695,
    "MouthPucker": 0.010894457809627056,
    "MouthSmileLeft": 0.019002681598067284,
    "MouthSmileRight": 0.01341086346656084,
    "MouthLowerDownLeft": 0.0262099988758564,
    "MouthLowerDownRight": 0.027959581464529037,
    "MouthUpperUpLeft": 0.010616352781653404,
    "MouthUpperUpRight": 0.011818787083029747,
    "BrowDownLeft": 0.16295738518238068,
    "BrowDownRight": 0.1629234403371811,
    "BrowInnerUp": 0.046055831015110016,
    "CheekSquintLeft": 0.01304141990840435,
    "CheekSquintRight": 0.014613473787903786,
    "NoseSneerLeft": 0.01637727953493595,
    "NoseSneerRight": 0.01845110021531582
  },
  "packet_size": 314,
  "packet_hex_preview": "060000002464646431326362302d333463612d313166302d383166662d3734353633633437336235330000000847616c6146616365003b9023fb3d07c8000000"
}