{
  "frame_id": 498,
  "timestamp": "2025-05-19T18:04:31.302658",
  "input_values": [
    0.0,
    0.0,
    0.0,
    0.0,
    0.0,
    0.0,
    0.0,
    0.0,
    0.0,
    0.0,
    0.0,
    0.0,
    0.0,
    0.0,
    0.011905715800821781,
    0.0001533292088424787,
    0.02064753696322441,
    0.08797059953212738,
    -0.00017907581059262156,
    0.06125466153025627,
    0.01740468665957451,
    -0.0007166574941948056,
    0.008252670988440514,
    0.0831962302327156,
    0.08884680271148682,
    -0.00016291937208734453,
    4.271406214684248e-05,
    0.026498178020119667,
    0.02764122560620308,
    0.0058169011026620865,
    0.00889107771217823,
    0.0001984079135581851,
    0.0030958286952227354,
    0.0005092344363220036,
    0.0015058373101055622,
    0.012930418364703655,
    0.014216852374374866,
    0.1815514713525772,
    0.19713255763053894,
    0.06561115384101868,
    0.07495477050542831,
    0.5983737111091614,
    0.5982002019882202,
    0.17087066173553467,
    0.0001477290061302483,
    6.692683382425457e-05,
    0.00412583164870739,
    0.030028950423002243,
    0.038636837154626846,
    0.02241162583231926,
    0.03432752564549446,
    0.0
  ],
  "active_shapes": {
    "JawForward": 0.011905715800821781,
    "JawRight": 0.02064753696322441,
    "JawOpen": 0.08797059953212738,
    "MouthFunnel": 0.06125466153025627,
    "MouthPucker": 0.01740468665957451,
    "MouthSmileLeft": 0.0831962302327156,
    "MouthSmileRight": 0.08884680271148682,
    "MouthDimpleLeft": 0.026498178020119667,
    "MouthDimpleRight": 0.02764122560620308,
    "MouthPressLeft": 0.012930418364703655,
    "MouthPressRight": 0.014216852374374866,
    "MouthLowerDownLeft": 0.1815514713525772,
    "MouthLowerDownRight": 0.19713255763053894,
    "MouthUpperUpLeft": 0.06561115384101868,
    "MouthUpperUpRight": 0.07495477050542831,
    "BrowDownLeft": 0.5983737111091614,
    "BrowDownRight": 0.5982002019882202,
    "BrowInnerUp": 0.17087066173553467,
    "CheekSquintLeft": 0.030028950423002243,
    "CheekSquintRight": 0.038636837154626846,
    "NoseSneerLeft": 0.02241162583231926,
    "NoseSneerRight": 0.03432752564549446
  },
  "packet_size": 314,
  "packet_hex_preview": "060000002464646431326362302d333463612d313166302d383166662d3734353633633437336235330000000847616c6146616365003b9316fb3d07c8000000"
}