{
  "frame_id": 69,
  "timestamp": "2025-05-19T18:04:17.518263",
  "input_values": [
    0.0,
    0.0,
    0.0,
    0.0,
    0.0,
    0.0,
    0.0,
    0.0,
    0.0,
    0.0,
    0.0,
    0.0,
    0.0,
    0.0,
    0.011395616456866264,
    0.00018959466251544654,
    0.03188205882906914,
    0.07058459520339966,
    -0.00010089467104990035,
    0.07849323004484177,
    0.047512780874967575,
    -0.0003271495224907994,
    0.007232530042529106,
    0.0980423241853714,
    0.08608011156320572,
    -5.635243724100292e-05,
    0.00012938014697283506,
    0.018991339951753616,
    0.019272848963737488,
    0.0018179011531174183,
    0.0006820333655923605,
    -8.43453235574998e-05,
    0.0009672352462075651,
    0.0021085799671709538,
    0.01328550186008215,
    0.009128022938966751,
    0.010273387655615807,
    0.21203647553920746,
    0.22564272582530975,
    0.0985860526561737,
    0.1052449494600296,
    0.7498975992202759,
    0.7497818470001221,
    0.1986231952905655,
    -9.283590770792216e-05,
    -0.00013144388503860682,
    0.002458512084558606,
    0.05378200486302376,
    0.06529083847999573,
    0.07194257527589798,
    0.08405295014381409,
    0.0
  ],
  "active_shapes": {
    "JawForward": 0.011395616456866264,
    "JawRight": 0.03188205882906914,
    "JawOpen": 0.07058459520339966,
    "MouthFunnel": 0.07849323004484177,
    "MouthPucker": 0.047512780874967575,
    "MouthSmileLeft": 0.0980423241853714,
    "MouthSmileRight": 0.08608011156320572,
    "MouthDimpleLeft": 0.018991339951753616,
    "MouthDimpleRight": 0.019272848963737488,
    "MouthShrugUpper": 0.01328550186008215,
    "MouthPressRight": 0.010273387655615807,
    "MouthLowerDownLeft": 0.21203647553920746,
    "MouthLowerDownRight": 0.22564272582530975,
    "MouthUpperUpLeft": 0.0985860526561737,
    "MouthUpperUpRight": 0.1052449494600296,
    "BrowDownLeft": 0.7498975992202759,
    "BrowDownRight": 0.7497818470001221,
    "BrowInnerUp": 0.1986231952905655,
    "CheekSquintLeft": 0.05378200486302376,
    "CheekSquintRight": 0.06529083847999573,
    "NoseSneerLeft": 0.07194257527589798,
    "NoseSneerRight": 0.08405295014381409
  },
  "packet_size": 314,
  "packet_hex_preview": "060000002464646431326362302d333463612d313166302d383166662d3734353633633437336235330000000847616c6146616365003b8fdbfb3d07c8000000"
}