{
  "frame_id": 390,
  "timestamp": "2025-05-19T18:04:27.701603",
  "input_values": [
    0.0,
    0.0,
    0.0,
    0.0,
    0.0,
    0.0,
    0.0,
    0.0,
    0.0,
    0.0,
    0.0,
    0.0,
    0.0,
    0.0,
    0.02160418964922428,
    0.00020960147958248854,
    0.0341922752559185,
    0.19389942288398743,
    0.0003241901576984674,
    0.12923723459243774,
    0.030767271295189857,
    0.0007099895155988634,
    0.001674157683737576,
    0.1140533983707428,
    0.09152626991271973,
    6.407676210073987e-06,
    -5.73540419281926e-05,
    0.01987004093825817,
    0.018055176362395287,
    0.0010948383715003729,
    0.0039594946429133415,
    -0.0003656724002212286,
    0.005023363046348095,
    -6.506804493255913e-05,
    0.0012851892970502377,
    0.007475526537746191,
    0.008085697889328003,
    0.30910801887512207,
    0.33148136734962463,
    0.0929153710603714,
    0.10023235529661179,
    0.5343517065048218,
    0.5342748761177063,
    0.023020071908831596,
    -0.0001456307218177244,
    -0.0002043081767624244,
    0.0008773669833317399,
    0.05561753734946251,
    0.06621994823217392,
    0.04951927810907364,
    0.05693310871720314,
    0.0
  ],
  "active_shapes": {
    "JawForward": 0.02160418964922428,
    "JawRight": 0.0341922752559185,
    "JawOpen": 0.19389942288398743,
    "MouthFunnel": 0.12923723459243774,
    "MouthPucker": 0.030767271295189857,
    "MouthSmileLeft": 0.1140533983707428,
    "MouthSmileRight": 0.09152626991271973,
    "MouthDimpleLeft": 0.01987004093825817,
    "MouthDimpleRight": 0.018055176362395287,
    "MouthLowerDownLeft": 0.30910801887512207,
    "MouthLowerDownRight": 0.33148136734962463,
    "MouthUpperUpLeft": 0.0929153710603714,
    "MouthUpperUpRight": 0.10023235529661179,
    "BrowDownLeft": 0.5343517065048218,
    "BrowDownRight": 0.5342748761177063,
    "BrowInnerUp": 0.023020071908831596,
    "CheekSquintLeft": 0.05561753734946251,
    "CheekSquintRight": 0.06621994823217392,
    "NoseSneerLeft": 0.04951927810907364,
    "NoseSneerRight": 0.05693310871720314
  },
  "packet_size": 314,
  "packet_hex_preview": "060000002464646431326362302d333463612d313166302d383166662d3734353633633437336235330000000847616c6146616365003b923efb3d07c8000000"
}