{
  "frame_id": 568,
  "timestamp": "2025-05-19T18:04:34.283611",
  "input_values": [
    0.0,
    0.0,
    0.0,
    0.0,
    0.0,
    0.0,
    0.0,
    0.0,
    0.0,
    0.0,
    0.0,
    0.0,
    0.0,
    0.0,
    0.00931000616401434,
    0.0001884957164293155,
    0.028821973130106926,
    0.07857527583837509,
    0.0001658653054619208,
    0.07226469367742538,
    0.0006587152020074427,
    0.0007149385055527091,
    0.003570599015802145,
    0.12818607687950134,
    0.1117231622338295,
    -2.931279050244484e-05,
    -2.629182745295111e-05,
    0.023677675053477287,
    0.02410137839615345,
    0.007021902594715357,
    0.019696442410349846,
    -3.762822643693653e-06,
    0.0035130316391587257,
    -0.00012571309343911707,
    0.00346698728390038,
    0.0056554838083684444,
    0.006253077182918787,
    0.21199625730514526,
    0.22314947843551636,
    0.08157449960708618,
    0.08530376106500626,
    0.32002583146095276,
    0.3196801245212555,
    0.008441386744379997,
    -1.2825616067857482e-05,
    -7.114186882972717e-05,
    2.6912577595794573e-05,
    0.0546853169798851,
    0.06520729511976242,
    0.04179871082305908,
    0.04619497433304787,
    0.0
  ],
  "active_shapes": {
    "JawRight": 0.028821973130106926,
    "JawOpen": 0.07857527583837509,
    "MouthFunnel": 0.07226469367742538,
    "MouthSmileLeft": 0.12818607687950134,
    "MouthSmileRight": 0.1117231622338295,
    "MouthDimpleLeft": 0.023677675053477287,
    "MouthDimpleRight": 0.02410137839615345,
    "MouthStretchRight": 0.019696442410349846,
    "MouthLowerDownLeft": 0.21199625730514526,
    "MouthLowerDownRight": 0.22314947843551636,
    "MouthUpperUpLeft": 0.08157449960708618,
    "MouthUpperUpRight": 0.08530376106500626,
    "BrowDownLeft": 0.32002583146095276,
    "BrowDownRight": 0.3196801245212555,
    "CheekSquintLeft": 0.0546853169798851,
    "CheekSquintRight": 0.06520729511976242,
    "NoseSneerLeft": 0.04179871082305908,
    "NoseSneerRight": 0.04619497433304787
  },
  "packet_size": 314,
  "packet_hex_preview": "060000002464646431326362302d333463612d313166302d383166662d3734353633633437336235330000000847616c6146616365003b93c8fb3d07c8000000"
}