{
  "frame_id": 196,
  "timestamp": "2025-05-19T18:04:21.377433",
  "input_values": [
    0.0,
    0.0,
    0.0,
    0.0,
    0.0,
    0.0,
    0.0,
    0.0,
    0.0,
    0.0,
    0.0,
    0.0,
    0.0,
    0.0,
    0.017925294116139412,
    0.00018759490922093391,
    0.03662305697798729,
    0.18870218098163605,
    -0.00030374477501027286,
    0.10729121416807175,
    0.0003396962711121887,
    0.00030527409398928285,
    0.0066939159296453,
    0.15437017381191254,
    0.13208909332752228,
    -5.990785575704649e-05,
    -3.70288580597844e-05,
    0.039240311831235886,
    0.03692749887704849,
    0.05985414609313011,
    0.05179387703537941,
    -0.0001593032357050106,
    0.0028458007145673037,
    0.000974554568529129,
    0.03820817172527313,
    0.010750996880233288,
    0.013062150217592716,
    0.4084632098674774,
    0.4224880635738373,
    0.20804008841514587,
    0.2285662144422531,
    0.8329222202301025,
    0.8328313231468201,
    0.14707861840724945,
    -9.56534204306081e-05,
    -0.00013481512723956257,
    0.0011129906633868814,
    0.07253336161375046,
    0.08659717440605164,
    0.14273083209991455,
    0.17904716730117798,
    0.0
  ],
  "active_shapes": {
    "JawForward": 0.017925294116139412,
    "JawRight": 0.03662305697798729,
    "JawOpen": 0.18870218098163605,
    "MouthFunnel": 0.10729121416807175,
    "MouthSmileLeft": 0.15437017381191254,
    "MouthSmileRight": 0.13208909332752228,
    "MouthDimpleLeft": 0.039240311831235886,
    "MouthDimpleRight": 0.03692749887704849,
    "MouthStretchLeft": 0.05985414609313011,
    "MouthStretchRight": 0.05179387703537941,
    "MouthShrugUpper": 0.03820817172527313,
    "MouthPressLeft": 0.010750996880233288,
    "MouthPressRight": 0.013062150217592716,
    "MouthLowerDownLeft": 0.4084632098674774,
    "MouthLowerDownRight": 0.4224880635738373,
    "MouthUpperUpLeft": 0.20804008841514587,
    "MouthUpperUpRight": 0.2285662144422531,
    "BrowDownLeft": 0.8329222202301025,
    "BrowDownRight": 0.8328313231468201,
    "BrowInnerUp": 0.14707861840724945,
    "CheekSquintLeft": 0.07253336161375046,
    "CheekSquintRight": 0.08659717440605164,
    "NoseSneerLeft": 0.14273083209991455,
    "NoseSneerRight": 0.17904716730117798
  },
  "packet_size": 314,
  "packet_hex_preview": "060000002464646431326362302d333463612d313166302d383166662d3734353633633437336235330000000847616c6146616365003b90c2fb3d07c8000000"
}