{
  "frame_id": 585,
  "timestamp": "2025-05-19T18:04:35.315797",
  "input_values": [
    0.0,
    0.0,
    0.0,
    0.0,
    0.0,
    0.0,
    0.0,
    0.0,
    0.0,
    0.0,
    0.0,
    0.0,
    0.0,
    0.0,
    0.001554067013785243,
    7.549806468887255e-05,
    0.012921065092086792,
    0.032051727175712585,
    -2.7105133995064534e-05,
    0.02826833724975586,
    0.004254666622728109,
    -0.0001167704031104222,
    0.004846167750656605,
    0.050880033522844315,
    0.04248892515897751,
    1.1897634976776317e-05,
    -5.160597993381089e-06,
    0.007200309541076422,
    0.006987019442021847,
    0.00011147166515002027,
    0.0006070805247873068,
    -1.2047760719724465e-05,
    0.0005981418071314692,
    0.0010784835321828723,
    0.01251644641160965,
    0.00443200021982193,
    0.004978199023753405,
    0.08593989163637161,
    0.09501027315855026,
    0.05382625013589859,
    0.06008545309305191,
    0.33240240812301636,
    0.3323304057121277,
    0.05369574949145317,
    -9.035065886564553e-06,
    -4.325872578192502e-05,
    0.00046585057862102985,
    0.02528725005686283,
    0.030949652194976807,
    0.058678947389125824,
    0.06649304181337357,
    0.0
  ],
  "active_shapes": {
    "JawRight": 0.012921065092086792,
    "JawOpen": 0.032051727175712585,
    "MouthFunnel": 0.02826833724975586,
    "MouthSmileLeft": 0.050880033522844315,
    "MouthSmileRight": 0.04248892515897751,
    "MouthShrugUpper": 0.01251644641160965,
    "MouthLowerDownLeft": 0.08593989163637161,
    "MouthLowerDownRight": 0.09501027315855026,
    "MouthUpperUpLeft": 0.05382625013589859,
    "MouthUpperUpRight": 0.06008545309305191,
    "BrowDownLeft": 0.33240240812301636,
    "BrowDownRight": 0.3323304057121277,
    "BrowInnerUp": 0.05369574949145317,
    "CheekSquintLeft": 0.02528725005686283,
    "CheekSquintRight": 0.030949652194976807,
    "NoseSneerLeft": 0.058678947389125824,
    "NoseSneerRight": 0.06649304181337357
  },
  "packet_size": 314,
  "packet_hex_preview": "060000002464646431326362302d333463612d313166302d383166662d3734353633633437336235330000000847616c6146616365003b9406fb3d07c8000000"
}