{
  "frame_id": 202,
  "timestamp": "2025-05-19T18:04:21.735605",
  "input_values": [
    0.0,
    0.0,
    0.0,
    0.0,
    0.0,
    0.0,
    0.0,
    0.0,
    0.0,
    0.0,
    0.0,
    0.0,
    0.0,
    0.0,
    0.002102686557918787,
    5.366011828300543e-05,
    0.0018830647459253669,
    0.02086406573653221,
    0.006552553735673428,
    0.020198963582515717,
    0.010188514366745949,
    1.1695675311784726e-05,
    0.0016181252431124449,
    0.001395431230776012,
    0.0022313410881906748,
    9.1933885414619e-05,
    -8.692599658388644e-05,
    0.002053795848041773,
    0.0021538068540394306,
    0.0028355554677546024,
    0.001681197201833129,
    -5.2877030611853115e-06,
    0.0005943505675531924,
    0.000543982838280499,
    0.00026215871912427247,
    0.00031206192215904593,
    0.00033957508276216686,
    0.014299070462584496,
    0.021607842296361923,
    0.0042021749541163445,
    0.007607705891132355,
    0.03820685297250748,
    0.03818307816982269,
    0.0022285552695393562,
    -7.185218419181183e-05,
    -0.00011263159103691578,
    0.0003852749359793961,
    0.004933514166623354,
    0.008108401671051979,
    0.007939355447888374,
    0.008930685929954052,
    0.0
  ],
  "active_shapes": {
    "JawOpen": 0.02086406573653221,
    "MouthFunnel": 0.020198963582515717,
    "MouthPucker": 0.010188514366745949,
    "MouthLowerDownLeft": 0.014299070462584496,
    "MouthLowerDownRight": 0.021607842296361923,
    "BrowDownLeft": 0.03820685297250748,
    "BrowDownRight": 0.03818307816982269
  },
  "packet_size": 314,
  "packet_hex_preview": "060000002464646431326362302d333463612d313166302d383166662d3734353633633437336235330000000847616c6146616365003b90d8fb3d07c8000000"
}