{
  "frame_id": 308,
  "timestamp": "2025-05-19T18:04:25.195056",
  "input_values": [
    0.0,
    0.0,
    0.0,
    0.0,
    0.0,
    0.0,
    0.0,
    0.0,
    0.0,
    0.0,
    0.0,
    0.0,
    0.0,
    0.0,
    0.029695477336645126,
    0.0001818228338379413,
    0.014987220987677574,
    0.08219466358423233,
    0.0036352528259158134,
    0.16272002458572388,
    0.023587379604578018,
    0.029064543545246124,
    -6.072623727959581e-05,
    0.024339929223060608,
    0.002112077549099922,
    0.0007028277032077312,
    0.004120261874049902,
    0.01954045332968235,
    0.014423532411456108,
    0.08585517108440399,
    0.07731479406356812,
    0.0014617762062698603,
    0.015235709957778454,
    1.4277063201006968e-05,
    0.00016916256572585553,
    -0.0004973092000000179,
    0.0004164935671724379,
    0.2819388806819916,
    0.2616673409938812,
    0.06619894504547119,
    0.06171836331486702,
    0.00014554128574673086,
    -0.00021052568627055734,
    0.5818439722061157,
    0.4153156280517578,
    0.4158853590488434,
    0.0011199143482372165,
    0.04985303431749344,
    0.04811713844537735,
    -0.00024449932971037924,
    -0.0004462810466066003,
    0.0
  ],
  "active_shapes": {
    "JawForward": 0.029695477336645126,
    "JawRight": 0.014987220987677574,
    "JawOpen": 0.08219466358423233,
    "MouthFunnel": 0.16272002458572388,
    "MouthPucker": 0.023587379604578018,
    "MouthLeft": 0.029064543545246124,
    "MouthSmileLeft": 0.024339929223060608,
    "MouthDimpleLeft": 0.01954045332968235,
    "MouthDimpleRight": 0.014423532411456108,
    "MouthStretchLeft": 0.08585517108440399,
    "MouthStretchRight": 0.07731479406356812,
    "MouthRollUpper": 0.015235709957778454,
    "MouthLowerDownLeft": 0.2819388806819916,
    "MouthLowerDownRight": 0.2616673409938812,
    "MouthUpperUpLeft": 0.06619894504547119,
    "MouthUpperUpRight": 0.06171836331486702,
    "BrowInnerUp": 0.5818439722061157,
    "BrowOuterUpLeft": 0.4153156280517578,
    "BrowOuterUpRight": 0.4158853590488434,
    "CheekSquintLeft": 0.04985303431749344,
    "CheekSquintRight": 0.04811713844537735
  },
  "packet_size": 314,
  "packet_hex_preview": "060000002464646431326362302d333463612d313166302d383166662d3734353633633437336235330000000847616c6146616365003b91a7fb3d07c8000000"
}