{
  "frame_id": 388,
  "timestamp": "2025-05-19T18:04:27.684734",
  "input_values": [
    0.0,
    0.0,
    0.0,
    0.0,
    0.0,
    0.0,
    0.0,
    0.0,
    0.0,
    0.0,
    0.0,
    0.0,
    0.0,
    0.0,
    0.014846730045974255,
    0.0002097150863846764,
    0.03218768537044525,
    0.18039152026176453,
    0.00027935075922869146,
    0.13904094696044922,
    0.04459242522716522,
    0.0008912975899875164,
    0.0017602763837203383,
    0.1031615138053894,
    0.07679962366819382,
    -9.599747500033118e-06,
    -0.000112027300929185,
    0.017024686560034752,
    0.014807658270001411,
    0.00011714104766724631,
    0.0008022654801607132,
    -0.00042157142888754606,
    0.005093458108603954,
    -9.604696242604405e-05,
    0.001303155324421823,
    0.007243776228278875,
    0.007833044975996017,
    0.2736968696117401,
    0.294310599565506,
    0.08985785394906998,
    0.09693947434425354,
    0.5471778512001038,
    0.5470530390739441,
    0.02757776528596878,
    -0.0003032301610801369,
    -0.00036552324309013784,
    0.0010813564294949174,
    0.05565204471349716,
    0.06595609337091446,
    0.054838892072439194,
    0.05969005450606346,
    0.0
  ],
  "active_shapes": {
    "JawForward": 0.014846730045974255,
    "JawRight": 0.03218768537044525,
    "JawOpen": 0.18039152026176453,
    "MouthFunnel": 0.13904094696044922,
    "MouthPucker": 0.04459242522716522,
    "MouthSmileLeft": 0.1031615138053894,
    "MouthSmileRight": 0.07679962366819382,
    "MouthDimpleLeft": 0.017024686560034752,
    "MouthDimpleRight": 0.014807658270001411,
    "MouthLowerDownLeft": 0.2736968696117401,
    "MouthLowerDownRight": 0.294310599565506,
    "MouthUpperUpLeft": 0.08985785394906998,
    "MouthUpperUpRight": 0.09693947434425354,
    "BrowDownLeft": 0.5471778512001038,
    "BrowDownRight": 0.5470530390739441,
    "BrowInnerUp": 0.02757776528596878,
    "CheekSquintLeft": 0.05565204471349716,
    "CheekSquintRight": 0.06595609337091446,
    "NoseSneerLeft": 0.054838892072439194,
    "NoseSneerRight": 0.05969005450606346
  },
  "packet_size": 314,
  "packet_hex_preview": "060000002464646431326362302d333463612d313166302d383166662d3734353633633437336235330000000847616c6146616365003b923dfb3d07c8000000"
}