{
  "frame_id": 386,
  "timestamp": "2025-05-19T18:04:27.667875",
  "input_values": [
    0.0,
    0.0,
    0.0,
    0.0,
    0.0,
    0.0,
    0.0,
    0.0,
    0.0,
    0.0,
    0.0,
    0.0,
    0.0,
    0.0,
    0.0065512461587786674,
    0.0001703113375697285,
    0.0208901260048151,
    0.11620624363422394,
    0.0008197274291887879,
    0.09468521922826767,
    0.0337553396821022,
    0.0011884316336363554,
    0.0009422115981578827,
    0.07133149355649948,
    0.05278845503926277,
    2.2169574549479876e-06,
    2.7489102194522275e-06,
    0.012390943244099617,
    0.010906556621193886,
    0.00020519259851425886,
    0.000614255026448518,
    -0.00016972850426100194,
    0.003969456069171429,
    0.00012019059067824855,
    0.0010039166081696749,
    0.005640716291964054,
    0.006103619001805782,
    0.18210524320602417,
    0.19782501459121704,
    0.056324802339076996,
    0.06141318008303642,
    0.44997501373291016,
    0.44985970854759216,
    0.0332011878490448,
    -0.00020250692614354193,
    -0.00022488320246338844,
    0.0012756937649101019,
    0.03684636577963829,
    0.04366058483719826,
    0.03599928319454193,
    0.03700054809451103,
    0.0
  ],
  "active_shapes": {
    "JawRight": 0.0208901260048151,
    "JawOpen": 0.11620624363422394,
    "MouthFunnel": 0.09468521922826767,
    "MouthPucker": 0.0337553396821022,
    "MouthSmileLeft": 0.07133149355649948,
    "MouthSmileRight": 0.05278845503926277,
    "MouthDimpleLeft": 0.012390943244099617,
    "MouthDimpleRight": 0.010906556621193886,
    "MouthLowerDownLeft": 0.18210524320602417,
    "MouthLowerDownRight": 0.19782501459121704,
    "MouthUpperUpLeft": 0.056324802339076996,
    "MouthUpperUpRight": 0.06141318008303642,
    "BrowDownLeft": 0.44997501373291016,
    "BrowDownRight": 0.44985970854759216,
    "BrowInnerUp": 0.0332011878490448,
    "CheekSquintLeft": 0.03684636577963829,
    "CheekSquintRight": 0.04366058483719826,
    "NoseSneerLeft": 0.03599928319454193,
    "NoseSneerRight": 0.03700054809451103
  },
  "packet_size": 314,
  "packet_hex_preview": "060000002464646431326362302d333463612d313166302d383166662d3734353633633437336235330000000847616c6146616365003b923cfb3d07c8000000"
}