{
  "frame_id": 719,
  "timestamp": "2025-05-19T18:04:42.633836",
  "input_values": [
    0.0,
    0.0,
    0.0,
    0.0,
    0.0,
    0.0,
    0.0,
    0.0,
    0.0,
    0.0,
    0.0,
    0.0,
    0.0,
    0.0,
    0.0018740089144557714,
    0.0001135822240030393,
    0.016180580481886864,
    0.04704127088189125,
    -6.723302794853225e-05,
    0.05648106709122658,
    0.006475486326962709,
    7.91168276919052e-05,
    0.0014735503355041146,
    0.0754416286945343,
    0.05939948931336403,
    5.14708654009155e-06,
    6.36952681816183e-05,
    0.011625139974057674,
    0.011269194073975086,
    0.0001285693870158866,
    0.0003176493919454515,
    5.999977656756528e-05,
    0.0014221169985830784,
    0.00067131471587345,
    0.009198796935379505,
    0.005605159793049097,
    0.006177288945764303,
    0.14511235058307648,
    0.15572458505630493,
    0.07724034786224365,
    0.08333511650562286,
    0.42914313077926636,
    0.42897963523864746,
    0.07034549117088318,
    3.978545282734558e-05,
    1.4504582395602483e-05,
    0.0008945023291744292,
    0.03408615291118622,
    0.038684021681547165,
    0.05984393134713173,
    0.06290106475353241,
    0.0
  ],
  "active_shapes": {
    "JawRight": 0.016180580481886864,
    "JawOpen": 0.04704127088189125,
    "MouthFunnel": 0.05648106709122658,
    "MouthSmileLeft": 0.0754416286945343,
    "MouthSmileRight": 0.05939948931336403,
    "MouthDimpleLeft": 0.011625139974057674,
    "MouthDimpleRight": 0.011269194073975086,
    "MouthLowerDownLeft": 0.14511235058307648,
    "MouthLowerDownRight": 0.15572458505630493,
    "MouthUpperUpLeft": 0.07724034786224365,
    "MouthUpperUpRight": 0.08333511650562286,
    "BrowDownLeft": 0.42914313077926636,
    "BrowDownRight": 0.42897963523864746,
    "BrowInnerUp": 0.07034549117088318,
    "CheekSquintLeft": 0.03408615291118622,
    "CheekSquintRight": 0.038684021681547165,
    "NoseSneerLeft": 0.05984393134713173,
    "NoseSneerRight": 0.06290106475353241
  },
  "packet_size": 314,
  "packet_hex_preview": "060000002464646431326362302d333463612d313166302d383166662d3734353633633437336235330000000847616c6146616365003b95befb3d07c8000000"
}