{
  "frame_id": 591,
  "timestamp": "2025-05-19T18:04:35.797166",
  "input_values": [
    0.0,
    0.0,
    0.0,
    0.0,
    0.0,
    0.0,
    0.0,
    0.0,
    0.0,
    0.0,
    0.0,
    0.0,
    0.0,
    0.0,
    1.1726778211595956e-05,
    3.777976235141978e-05,
    0.0038357446901500225,
    0.005525796674191952,
    -3.043266224267427e-05,
    0.0037384163588285446,
    0.000687221996486187,
    7.810040551703423e-05,
    0.00040624436223879457,
    0.026784231886267662,
    0.020907171070575714,
    -1.1300170626782347e-05,
    6.805644261476118e-06,
    0.003439060179516673,
    0.003307037055492401,
    -6.210729566191731e-07,
    0.00011017944052582607,
    4.141676618019119e-05,
    0.0006922377506271005,
    8.43607122078538e-05,
    0.001451445510610938,
    0.0020178898703306913,
    0.002186949597671628,
    0.03070187196135521,
    0.03276457637548447,
    0.013598593883216381,
    0.0142951849848032,
    0.13571591675281525,
    0.13564324378967285,
    0.007760602980852127,
    -1.399896245857235e-05,
    -3.573968933778815e-05,
    0.00029669160721823573,
    0.010516548529267311,
    0.011198347434401512,
    0.022868482396006584,
    0.023168640211224556,
    0.0
  ],
  "active_shapes": {
    "MouthSmileLeft": 0.026784231886267662,
    "MouthSmileRight": 0.020907171070575714,
    "MouthLowerDownLeft": 0.03070187196135521,
    "MouthLowerDownRight": 0.03276457637548447,
    "MouthUpperUpLeft": 0.013598593883216381,
    "MouthUpperUpRight": 0.0142951849848032,
    "BrowDownLeft": 0.13571591675281525,
    "BrowDownRight": 0.13564324378967285,
    "CheekSquintLeft": 0.010516548529267311,
    "CheekSquintRight": 0.011198347434401512,
    "NoseSneerLeft": 0.022868482396006584,
    "NoseSneerRight": 0.023168640211224556
  },
  "packet_size": 314,
  "packet_hex_preview": "060000002464646431326362302d333463612d313166302d383166662d3734353633633437336235330000000847616c6146616365003b9423fb3d07c8000000"
}