{
  "frame_id": 651,
  "timestamp": "2025-05-19T18:04:38.839150",
  "input_values": [
    0.0,
    0.0,
    0.0,
    0.0,
    0.0,
    0.0,
    0.0,
    0.0,
    0.0,
    0.0,
    0.0,
    0.0,
    0.0,
    0.0,
    0.006107103079557419,
    0.0001884977100417018,
    0.03621157258749008,
    0.08836856484413147,
    -0.0004961700178682804,
    0.11236419528722763,
    0.0013732985826209188,
    3.653179737739265e-05,
    0.006014830898493528,
    0.09196411073207855,
    0.07584366947412491,
    -6.432538066292182e-05,
    -1.2409161172399763e-05,
    0.020539255812764168,
    0.020210597664117813,
    0.0024736321065574884,
    0.007203881628811359,
    8.985586532617162e-07,
    0.0007924875826574862,
    0.006815177388489246,
    0.028791265562176704,
    0.011610507033765316,
    0.012916039675474167,
    0.22938130795955658,
    0.24310888350009918,
    0.11891592293977737,
    0.13309940695762634,
    0.6502101421356201,
    0.6498887538909912,
    0.03832578659057617,
    -0.00019709813932422549,
    -0.00027061477885581553,
    0.0007582620019093156,
    0.04904773086309433,
    0.05898617208003998,
    0.049080222845077515,
    0.06483470648527145,
    0.0
  ],
  "active_shapes": {
    "JawRight": 0.03621157258749008,
    "JawOpen": 0.08836856484413147,
    "MouthFunnel": 0.11236419528722763,
    "MouthSmileLeft": 0.09196411073207855,
    "MouthSmileRight": 0.07584366947412491,
    "MouthDimpleLeft": 0.020539255812764168,
    "MouthDimpleRight": 0.020210597664117813,
    "MouthShrugUpper": 0.028791265562176704,
    "MouthPressLeft": 0.011610507033765316,
    "MouthPressRight": 0.012916039675474167,
    "MouthLowerDownLeft": 0.22938130795955658,
    "MouthLowerDownRight": 0.24310888350009918,
    "MouthUpperUpLeft": 0.11891592293977737,
    "MouthUpperUpRight": 0.13309940695762634,
    "BrowDownLeft": 0.6502101421356201,
    "BrowDownRight": 0.6498887538909912,
    "BrowInnerUp": 0.03832578659057617,
    "CheekSquintLeft": 0.04904773086309433,
    "CheekSquintRight": 0.05898617208003998,
    "NoseSneerLeft": 0.049080222845077515,
    "NoseSneerRight": 0.06483470648527145
  },
  "packet_size": 314,
  "packet_hex_preview": "060000002464646431326362302d333463612d313166302d383166662d3734353633633437336235330000000847616c6146616365003b94dafb3d07c8000000"
}