{
  "frame_id": 219,
  "timestamp": "2025-05-19T18:04:22.275358",
  "input_values": [
    0.0,
    0.0,
    0.0,
    0.0,
    0.0,
    0.0,
    0.0,
    0.0,
    0.0,
    0.0,
    0.0,
    0.0,
    0.0,
    0.0,
    0.0007524372776970267,
    0.00014978359104134142,
    0.021488428115844727,
    0.05886787176132202,
    -0.00032974823261611164,
    0.08491338789463043,
    0.00619893753901124,
    0.0003938529116567224,
    0.003886182326823473,
    0.08935907483100891,
    0.06727766245603561,
    -7.173786434577778e-05,
    3.2596530218143016e-05,
    0.018830306828022003,
    0.01785692386329174,
    0.014270240440964699,
    0.014784842729568481,
    9.90627013379708e-05,
    0.0016502116341143847,
    0.00032020805520005524,
    0.01746193692088127,
    0.005953273270279169,
    0.0073863244615495205,
    0.17304320633411407,
    0.1822868436574936,
    0.10629807412624359,
    0.11705867946147919,
    0.6488558053970337,
    0.6487247943878174,
    0.2122771292924881,
    3.142747300444171e-05,
    -3.068077421630733e-05,
    0.0021551623940467834,
    0.05015793442726135,
    0.06101822853088379,
    0.05976411700248718,
    0.07918354868888855,
    0.0
  ],
  "active_shapes": {
    "JawRight": 0.021488428115844727,
    "JawOpen": 0.05886787176132202,
    "MouthFunnel": 0.08491338789463043,
    "MouthSmileLeft": 0.08935907483100891,
    "MouthSmileRight": 0.06727766245603561,
    "MouthDimpleLeft": 0.018830306828022003,
    "MouthDimpleRight": 0.01785692386329174,
    "MouthStretchLeft": 0.014270240440964699,
    "MouthStretchRight": 0.014784842729568481,
    "MouthShrugUpper": 0.01746193692088127,
    "MouthLowerDownLeft": 0.17304320633411407,
    "MouthLowerDownRight": 0.1822868436574936,
    "MouthUpperUpLeft": 0.10629807412624359,
    "MouthUpperUpRight": 0.11705867946147919,
    "BrowDownLeft": 0.6488558053970337,
    "BrowDownRight": 0.6487247943878174,
    "BrowInnerUp": 0.2122771292924881,
    "CheekSquintLeft": 0.05015793442726135,
    "CheekSquintRight": 0.06101822853088379,
    "NoseSneerLeft": 0.05976411700248718,
    "NoseSneerRight": 0.07918354868888855
  },
  "packet_size": 314,
  "packet_hex_preview": "060000002464646431326362302d333463612d313166302d383166662d3734353633633437336235330000000847616c6146616365003b90f8fb3d07c8000000"
}