{
  "frame_id": 624,
  "timestamp": "2025-05-19T18:04:37.401101",
  "input_values": [
    0.0,
    0.0,
    0.0,
    0.0,
    0.0,
    0.0,
    0.0,
    0.0,
    0.0,
    0.0,
    0.0,
    0.0,
    0.0,
    0.0,
    0.005636183544993401,
    0.000190068589290604,
    0.011236274614930153,
    0.02627374231815338,
    0.01586424745619297,
    -0.0007264385931193829,
    0.0026130634360015392,
    0.0007311651133932173,
    0.005479772575199604,
    0.11462298035621643,
    0.09856301546096802,
    0.00011417704808991402,
    6.787769962102175e-05,
    0.029918288812041283,
    0.030362164601683617,
    0.012391787022352219,
    0.009314719587564468,
    0.006753627210855484,
    0.0057296897284686565,
    0.0011534839868545532,
    0.0011486114235594869,
    0.01066408772021532,
    0.012142780236899853,
    0.0744122862815857,
    0.07616029679775238,
    0.0013718866975978017,
    0.0022810823284089565,
    0.6578601598739624,
    0.6576573848724365,
    0.15009769797325134,
    -0.00012954104749951512,
    -0.00015994682325981557,
    0.0032025447580963373,
    0.05509526655077934,
    0.07010488957166672,
    0.04353942349553108,
    0.050458669662475586,
    0.0
  ],
  "active_shapes": {
    "JawRight": 0.011236274614930153,
    "JawOpen": 0.02627374231815338,
    "MouthClose": 0.01586424745619297,
    "MouthSmileLeft": 0.11462298035621643,
    "MouthSmileRight": 0.09856301546096802,
    "MouthDimpleLeft": 0.029918288812041283,
    "MouthDimpleRight": 0.030362164601683617,
    "MouthStretchLeft": 0.012391787022352219,
    "MouthPressLeft": 0.01066408772021532,
    "MouthPressRight": 0.012142780236899853,
    "MouthLowerDownLeft": 0.0744122862815857,
    "MouthLowerDownRight": 0.07616029679775238,
    "BrowDownLeft": 0.6578601598739624,
    "BrowDownRight": 0.6576573848724365,
    "BrowInnerUp": 0.15009769797325134,
    "CheekSquintLeft": 0.05509526655077934,
    "CheekSquintRight": 0.07010488957166672,
    "NoseSneerLeft": 0.04353942349553108,
    "NoseSneerRight": 0.050458669662475586
  },
  "packet_size": 314,
  "packet_hex_preview": "060000002464646431326362302d333463612d313166302d383166662d3734353633633437336235330000000847616c6146616365003b9483fb3d07c8000000"
}