{
  "frame_id": 242,
  "timestamp": "2025-05-19T18:04:23.176814",
  "input_values": [
    0.0,
    0.0,
    0.0,
    0.0,
    0.0,
    0.0,
    0.0,
    0.0,
    0.0,
    0.0,
    0.0,
    0.0,
    0.0,
    0.0,
    8.267365046776831e-06,
    7.557661592727527e-05,
    0.007548717316240072,
    0.0007868694374337792,
    -4.564766277326271e-05,
    0.00022372350213117898,
    0.0006935340934433043,
    7.25960562704131e-05,
    0.0013178347144275904,
    0.05909018591046333,
    0.046858225017786026,
    -8.447575964964926e-06,
    3.652724626590498e-05,
    0.01002858579158783,
    0.009932681918144226,
    0.0023773417342454195,
    0.001912085572257638,
    0.0003095032006967813,
    0.0009667350095696747,
    0.00085703085642308,
    0.0028809369541704655,
    0.0034074720460921526,
    0.003933765925467014,
    0.04496675729751587,
    0.04951811581850052,
    0.015349479392170906,
    0.016799762845039368,
    0.3147147297859192,
    0.3146248757839203,
    0.09087157249450684,
    -3.334946813993156e-05,
    -4.35376787208952e-05,
    0.0013152756728231907,
    0.02058984898030758,
    0.025506701320409775,
    0.025459300726652145,
    0.02945718541741371,
    0.0
  ],
  "active_shapes": {
    "MouthSmileLeft": 0.05909018591046333,
    "MouthSmileRight": 0.046858225017786026,
    "MouthDimpleLeft": 0.01002858579158783,
    "MouthLowerDownLeft": 0.04496675729751587,
    "MouthLowerDownRight": 0.04951811581850052,
    "MouthUpperUpLeft": 0.015349479392170906,
    "MouthUpperUpRight": 0.016799762845039368,
    "BrowDownLeft": 0.3147147297859192,
    "BrowDownRight": 0.3146248757839203,
    "BrowInnerUp": 0.09087157249450684,
    "CheekSquintLeft": 0.02058984898030758,
    "CheekSquintRight": 0.025506701320409775,
    "NoseSneerLeft": 0.025459300726652145,
    "NoseSneerRight": 0.02945718541741371
  },
  "packet_size": 314,
  "packet_hex_preview": "060000002464646431326362302d333463612d313166302d383166662d3734353633633437336235330000000847616c6146616365003b912efb3d07c8000000"
}