{
  "frame_id": 475,
  "timestamp": "2025-05-19T18:04:30.379725",
  "input_values": [
    0.0,
    0.0,
    0.0,
    0.0,
    0.0,
    0.0,
    0.0,
    0.0,
    0.0,
    0.0,
    0.0,
    0.0,
    0.0,
    0.0,
    0.04187292978167534,
    0.0001841470948420465,
    0.03023371286690235,
    0.1572013795375824,
    0.00021567453222814947,
    0.12030141800642014,
    7.939921488286927e-05,
    0.008974945172667503,
    0.0011201777961105108,
    0.25064167380332947,
    0.25580376386642456,
    -0.00014009696315042675,
    4.4622353016166016e-05,
    0.027529718354344368,
    0.026848897337913513,
    0.0630425214767456,
    0.052047472447156906,
    -1.808075285225641e-05,
    0.005980387330055237,
    -0.00035416785976849496,
    0.001952944789081812,
    0.0016312467632815242,
    0.003031528554856777,
    0.5146238803863525,
    0.5037295818328857,
    0.19451838731765747,
    0.20333503186702728,
    0.0056096529588103294,
    0.005436745937913656,
    0.19805511832237244,
    0.2327379584312439,
    0.2328011840581894,
    -0.0004238962719682604,
    0.12140195816755295,
    0.13503679633140564,
    0.08727406710386276,
    0.10647667199373245,
    0.0
  ],
  "active_shapes": {
    "JawForward": 0.04187292978167534,
    "JawRight": 0.03023371286690235,
    "JawOpen": 0.1572013795375824,
    "MouthFunnel": 0.12030141800642014,
    "MouthSmileLeft": 0.25064167380332947,
    "MouthSmileRight": 0.25580376386642456,
    "MouthDimpleLeft": 0.027529718354344368,
    "MouthDimpleRight": 0.026848897337913513,
    "MouthStretchLeft": 0.0630425214767456,
    "MouthStretchRight": 0.052047472447156906,
    "MouthLowerDownLeft": 0.5146238803863525,
    "MouthLowerDownRight": 0.5037295818328857,
    "MouthUpperUpLeft": 0.19451838731765747,
    "MouthUpperUpRight": 0.20333503186702728,
    "BrowInnerUp": 0.19805511832237244,
    "BrowOuterUpLeft": 0.2327379584312439,
    "BrowOuterUpRight": 0.2328011840581894,
    "CheekSquintLeft": 0.12140195816755295,
    "CheekSquintRight": 0.13503679633140564,
    "NoseSneerLeft": 0.08727406710386276,
    "NoseSneerRight": 0.10647667199373245
  },
  "packet_size": 314,
  "packet_hex_preview": "060000002464646431326362302d333463612d313166302d383166662d3734353633633437336235330000000847616c6146616365003b92defb3d07c8000000"
}