{
  "frame_id": 322,
  "timestamp": "2025-05-19T18:04:25.645074",
  "input_values": [
    0.0,
    0.0,
    0.0,
    0.0,
    0.0,
    0.0,
    0.0,
    0.0,
    0.0,
    0.0,
    0.0,
    0.0,
    0.0,
    0.0,
    0.08019459992647171,
    0.00018159391765948385,
    0.03188793733716011,
    0.20107801258563995,
    0.0002096622047247365,
    0.22515472769737244,
    -2.656353717611637e-05,
    0.009015323594212532,
    -0.00013971819134894758,
    0.12679967284202576,
    0.1204865351319313,
    0.0003326564037706703,
    0.0003822963626589626,
    0.02041906863451004,
    0.01690121926367283,
    0.12958186864852905,
    0.12674638628959656,
    3.4238713851664215e-05,
    0.006732844281941652,
    -0.00027458553086034954,
    0.0006781749543733895,
    -4.093311872566119e-06,
    0.0009014272945933044,
    0.5339431166648865,
    0.5309587717056274,
    0.20984546840190887,
    0.2101137787103653,
    7.517188805650221e-06,
    8.142620208673179e-05,
    0.5910393595695496,
    0.5482047200202942,
    0.5483996868133545,
    -3.3199601602973416e-05,
    0.07887514680624008,
    0.07725928723812103,
    0.015061336569488049,
    0.02360021509230137,
    0.0
  ],
  "active_shapes": {
    "JawForward": 0.08019459992647171,
    "JawRight": 0.03188793733716011,
    "JawOpen": 0.20107801258563995,
    "MouthFunnel": 0.22515472769737244,
    "MouthSmileLeft": 0.12679967284202576,
    "MouthSmileRight": 0.1204865351319313,
    "MouthDimpleLeft": 0.02041906863451004,
    "MouthDimpleRight": 0.01690121926367283,
    "MouthStretchLeft": 0.12958186864852905,
    "MouthStretchRight": 0.12674638628959656,
    "MouthLowerDownLeft": 0.5339431166648865,
    "MouthLowerDownRight": 0.5309587717056274,
    "MouthUpperUpLeft": 0.20984546840190887,
    "MouthUpperUpRight": 0.2101137787103653,
    "BrowInnerUp": 0.5910393595695496,
    "BrowOuterUpLeft": 0.5482047200202942,
    "BrowOuterUpRight": 0.5483996868133545,
    "CheekSquintLeft": 0.07887514680624008,
    "CheekSquintRight": 0.07725928723812103,
    "NoseSneerLeft": 0.015061336569488049,
    "NoseSneerRight": 0.02360021509230137
  },
  "packet_size": 314,
  "packet_hex_preview": "060000002464646431326362302d333463612d313166302d383166662d3734353633633437336235330000000847616c6146616365003b91c2fb3d07c8000000"
}