{
  "frame_id": 207,
  "timestamp": "2025-05-19T18:04:21.775614",
  "input_values": [
    0.0,
    0.0,
    0.0,
    0.0,
    0.0,
    0.0,
    0.0,
    0.0,
    0.0,
    0.0,
    0.0,
    0.0,
    0.0,
    0.0,
    0.02639220468699932,
    0.0001845142396632582,
    0.03246143460273743,
    0.1365383267402649,
    -0.0004158611118327826,
    0.14046506583690643,
    0.0003230003931093961,
    0.004843300208449364,
    -1.803381383069791e-05,
    0.1134849488735199,
    0.10191480815410614,
    0.0001196505400002934,
    0.00011889509914908558,
    0.009147465229034424,
    0.006881630513817072,
    0.060981377959251404,
    0.05857595428824425,
    -0.00020488796872086823,
    0.0009593084687367082,
    -6.772045162506402e-05,
    0.0038374217692762613,
    0.0006442213198170066,
    0.001248402171768248,
    0.4109618067741394,
    0.41070321202278137,
    0.15994706749916077,
    0.16324099898338318,
    0.00177950959187001,
    0.0017916515935212374,
    0.2786964774131775,
    0.17983503639698029,
    0.17987148463726044,
    -0.00041797186713665724,
    0.02744241990149021,
    0.030718879774212837,
    -0.00013098586350679398,
    0.002187383593991399,
    0.0
  ],
  "active_shapes": {
    "JawForward": 0.02639220468699932,
    "JawRight": 0.03246143460273743,
    "JawOpen": 0.1365383267402649,
    "MouthFunnel": 0.14046506583690643,
    "MouthSmileLeft": 0.1134849488735199,
    "MouthSmileRight": 0.10191480815410614,
    "MouthStretchLeft": 0.060981377959251404,
    "MouthStretchRight": 0.05857595428824425,
    "MouthLowerDownLeft": 0.4109618067741394,
    "MouthLowerDownRight": 0.41070321202278137,
    "MouthUpperUpLeft": 0.15994706749916077,
    "MouthUpperUpRight": 0.16324099898338318,
    "BrowInnerUp": 0.2786964774131775,
    "BrowOuterUpLeft": 0.17983503639698029,
    "BrowOuterUpRight": 0.17987148463726044,
    "CheekSquintLeft": 0.02744241990149021,
    "CheekSquintRight": 0.030718879774212837
  },
  "packet_size": 314,
  "packet_hex_preview": "060000002464646431326362302d333463612d313166302d383166662d3734353633633437336235330000000847616c6146616365003b90dafb3d07c8000000"
}