{
  "frame_id": 675,
  "timestamp": "2025-05-19T18:04:40.252213",
  "input_values": [
    0.0,
    0.0,
    0.0,
    0.0,
    0.0,
    0.0,
    0.0,
    0.0,
    0.0,
    0.0,
    0.0,
    0.0,
    0.0,
    0.0,
    0.00029137186356820166,
    3.787986861425452e-05,
    0.002589388284832239,
    0.0024817255325615406,
    7.657835521968082e-05,
    6.199006020324305e-05,
    0.0003773109638132155,
    1.3297013538249303e-05,
    0.0008679156308062375,
    0.026103844866156578,
    0.022050490602850914,
    -5.040669748268556e-06,
    1.7160460629384033e-05,
    0.005075904540717602,
    0.005266913212835789,
    0.001495968084782362,
    0.002336168196052313,
    0.00015032559167593718,
    0.0008340112981386483,
    9.758817759575322e-05,
    0.0002924922446254641,
    0.001239973003976047,
    0.0014646381605416536,
    0.019902855157852173,
    0.021325886249542236,
    0.003301947610452771,
    0.004193396307528019,
    0.1546831578016281,
    0.15465287864208221,
    0.04819779098033905,
    -1.2191750101919752e-05,
    -1.4711409676237963e-05,
    0.0006123160128481686,
    0.011339046992361546,
    0.014041800983250141,
    0.011820947751402855,
    0.012687946669757366,
    0.0
  ],
  "active_shapes": {
    "MouthSmileLeft": 0.026103844866156578,
    "MouthSmileRight": 0.022050490602850914,
    "MouthLowerDownLeft": 0.019902855157852173,
    "MouthLowerDownRight": 0.021325886249542236,
    "BrowDownLeft": 0.1546831578016281,
    "BrowDownRight": 0.15465287864208221,
    "BrowInnerUp": 0.04819779098033905,
    "CheekSquintLeft": 0.011339046992361546,
    "CheekSquintRight": 0.014041800983250141,
    "NoseSneerLeft": 0.011820947751402855,
    "NoseSneerRight": 0.012687946669757366
  },
  "packet_size": 314,
  "packet_hex_preview": "060000002464646431326362302d333463612d313166302d383166662d3734353633633437336235330000000847616c6146616365003b952ffb3d07c8000000"
}