{
  "frame_id": 557,
  "timestamp": "2025-05-19T18:04:33.847339",
  "input_values": [
    0.0,
    0.0,
    0.0,
    0.0,
    0.0,
    0.0,
    0.0,
    0.0,
    0.0,
    0.0,
    0.0,
    0.0,
    0.0,
    0.0,
    0.0006701085949316621,
    7.557099888799712e-05,
    0.0075294142588973045,
    0.014290931634604931,
    -9.77055424300488e-06,
    0.008380262181162834,
    0.00035166041925549507,
    0.00015784346032887697,
    0.0012156928423792124,
    0.056453317403793335,
    0.04748211055994034,
    -6.534505700983573e-06,
    3.247729182476178e-05,
    0.01345043070614338,
    0.013463856652379036,
    0.009095453657209873,
    0.009038755670189857,
    0.00021796560031361878,
    0.0016850292449817061,
    7.015369919827208e-05,
    0.0010107752168551087,
    0.002561073051765561,
    0.0031916541047394276,
    0.07378105819225311,
    0.07862404733896255,
    0.024321196600794792,
    0.027009522542357445,
    0.31388235092163086,
    0.3138178288936615,
    0.08843225985765457,
    -5.247548415354686e-06,
    -1.5077173884492368e-05,
    0.0011034246999770403,
    0.021724920719861984,
    0.027348589152097702,
    0.01770539954304695,
    0.02360939048230648,
    0.0
  ],
  "active_shapes": {
    "JawOpen": 0.014290931634604931,
    "MouthSmileLeft": 0.056453317403793335,
    "MouthSmileRight": 0.04748211055994034,
    "MouthDimpleLeft": 0.01345043070614338,
    "MouthDimpleRight": 0.013463856652379036,
    "MouthLowerDownLeft": 0.07378105819225311,
    "MouthLowerDownRight": 0.07862404733896255,
    "MouthUpperUpLeft": 0.024321196600794792,
    "MouthUpperUpRight": 0.027009522542357445,
    "BrowDownLeft": 0.31388235092163086,
    "BrowDownRight": 0.3138178288936615,
    "BrowInnerUp": 0.08843225985765457,
    "CheekSquintLeft": 0.021724920719861984,
    "CheekSquintRight": 0.027348589152097702,
    "NoseSneerLeft": 0.01770539954304695,
    "NoseSneerRight": 0.02360939048230648
  },
  "packet_size": 314,
  "packet_hex_preview": "060000002464646431326362302d333463612d313166302d383166662d3734353633633437336235330000000847616c6146616365003b93aefb3d07c8000000"
}