{
  "frame_id": 414,
  "timestamp": "2025-05-19T18:04:28.635107",
  "input_values": [
    0.0,
    0.0,
    0.0,
    0.0,
    0.0,
    0.0,
    0.0,
    0.0,
    0.0,
    0.0,
    0.0,
    0.0,
    0.0,
    0.0,
    0.00650011608377099,
    7.332243694690987e-05,
    0.004084658809006214,
    0.006230755243450403,
    0.006730102933943272,
    0.01438113022595644,
    0.026992177590727806,
    0.007897870615124702,
    -2.181070340157021e-05,
    0.007212663535028696,
    0.0025299496483057737,
    0.004231826867908239,
    0.008656444028019905,
    0.0035058599896728992,
    0.0019593099132180214,
    0.014162227511405945,
    0.011132663115859032,
    0.00639635045081377,
    0.003923653159290552,
    0.0002640235470607877,
    5.514352233149111e-05,
    -4.058420927322004e-06,
    0.0003426563343964517,
    0.030804168432950974,
    0.026841122657060623,
    0.00040384879685007036,
    0.00047054802416823804,
    5.078023605165072e-05,
    3.419995437070611e-06,
    0.20832304656505585,
    0.13059869408607483,
    0.13078416883945465,
    0.0011486302828416228,
    0.01026718970388174,
    0.010916723869740963,
    -0.00017992945504374802,
    -5.925997538724914e-05,
    0.0
  ],
  "active_shapes": {
    "MouthFunnel": 0.01438113022595644,
    "MouthPucker": 0.026992177590727806,
    "MouthStretchLeft": 0.014162227511405945,
    "MouthStretchRight": 0.011132663115859032,
    "MouthLowerDownLeft": 0.030804168432950974,
    "MouthLowerDownRight": 0.026841122657060623,
    "BrowInnerUp": 0.20832304656505585,
    "BrowOuterUpLeft": 0.13059869408607483,
    "BrowOuterUpRight": 0.13078416883945465,
    "CheekSquintLeft": 0.01026718970388174,
    "CheekSquintRight": 0.010916723869740963
  },
  "packet_size": 314,
  "packet_hex_preview": "060000002464646431326362302d333463612d313166302d383166662d3734353633633437336235330000000847616c6146616365003b9276fb3d07c8000000"
}