{
  "frame_id": 148,
  "timestamp": "2025-05-19T18:04:20.058332",
  "input_values": [
    0.0,
    0.0,
    0.0,
    0.0,
    0.0,
    0.0,
    0.0,
    0.0,
    0.0,
    0.0,
    0.0,
    0.0,
    0.0,
    0.0,
    0.011331364512443542,
    7.442832429660484e-05,
    0.0009081682073883712,
    0.028916988521814346,
    0.035289466381073,
    0.000991437933407724,
    0.00037755531957373023,
    0.002443049568682909,
    -1.7630150978220627e-05,
    0.027192652225494385,
    0.029203882440924644,
    5.5771182815078646e-05,
    5.112597136758268e-05,
    0.01284814067184925,
    0.012763941660523415,
    0.040263980627059937,
    0.03571460396051407,
    0.01527132373303175,
    0.011184358969330788,
    4.285082013666397e-06,
    -0.00015627821267116815,
    0.0003108364180661738,
    0.0005642248434014618,
    0.0456155464053154,
    0.04512783885002136,
    -0.00015666183026041836,
    -2.902090454881545e-05,
    0.0006422814913094044,
    0.0006364193977788091,
    0.14599165320396423,
    0.09792736917734146,
    0.09802539646625519,
    0.0005251882830634713,
    0.026565680280327797,
    0.029332751408219337,
    -1.4713719792780466e-05,
    -2.5134406314464286e-05,
    0.0
  ],
  "active_shapes": {
    "JawForward": 0.011331364512443542,
    "JawOpen": 0.028916988521814346,
    "MouthClose": 0.035289466381073,
    "MouthSmileLeft": 0.027192652225494385,
    "MouthSmileRight": 0.029203882440924644,
    "MouthDimpleLeft": 0.01284814067184925,
    "MouthDimpleRight": 0.012763941660523415,
    "MouthStretchLeft": 0.040263980627059937,
    "MouthStretchRight": 0.03571460396051407,
    "MouthRollLower": 0.01527132373303175,
    "MouthRollUpper": 0.011184358969330788,
    "MouthLowerDownLeft": 0.0456155464053154,
    "MouthLowerDownRight": 0.04512783885002136,
    "BrowInnerUp": 0.14599165320396423,
    "BrowOuterUpLeft": 0.09792736917734146,
    "BrowOuterUpRight": 0.09802539646625519,
    "CheekSquintLeft": 0.026565680280327797,
    "CheekSquintRight": 0.029332751408219337
  },
  "packet_size": 314,
  "packet_hex_preview": "060000002464646431326362302d333463612d313166302d383166662d3734353633633437336235330000000847616c6146616365003b9073fb3d07c8000000"
}