{
  "frame_id": 87,
  "timestamp": "2025-05-19T18:04:18.307540",
  "input_values": [
    0.0,
    0.0,
    0.0,
    0.0,
    0.0,
    0.0,
    0.0,
    0.0,
    0.0,
    0.0,
    0.0,
    0.0,
    0.0,
    0.0,
    0.001965800765901804,
    3.727080184035003e-05,
    0.002566300332546234,
    0.002357494318857789,
    0.0002824886760208756,
    0.022928979247808456,
    0.01640390232205391,
    0.00044822963536717,
    2.5942656066035852e-05,
    0.02868199720978737,
    0.02757970057427883,
    -5.824211939398083e-07,
    2.837573083525058e-05,
    0.0019324679160490632,
    0.0018480333965271711,
    0.0004428789543453604,
    0.00011847831774502993,
    2.057258143395302e-06,
    0.000663463375531137,
    0.0031266543082892895,
    0.004364482127130032,
    0.0009430577047169209,
    0.001131360768340528,
    0.01986953616142273,
    0.02033045142889023,
    0.018721990287303925,
    0.019214274361729622,
    0.023023409768939018,
    0.023016398772597313,
    0.026874348521232605,
    0.004893105011433363,
    0.00491765420883894,
    0.00013433281856123358,
    0.020003177225589752,
    0.022147614508867264,
    0.016180600970983505,
    0.017517970874905586,
    0.0
  ],
  "active_shapes": {
    "MouthFunnel": 0.022928979247808456,
    "MouthPucker": 0.01640390232205391,
    "MouthSmileLeft": 0.02868199720978737,
    "MouthSmileRight": 0.02757970057427883,
    "MouthLowerDownLeft": 0.01986953616142273,
    "MouthLowerDownRight": 0.02033045142889023,
    "MouthUpperUpLeft": 0.018721990287303925,
    "MouthUpperUpRight": 0.019214274361729622,
    "BrowDownLeft": 0.023023409768939018,
    "BrowDownRight": 0.023016398772597313,
    "BrowInnerUp": 0.026874348521232605,
    "CheekSquintLeft": 0.020003177225589752,
    "CheekSquintRight": 0.022147614508867264,
    "NoseSneerLeft": 0.016180600970983505,
    "NoseSneerRight": 0.017517970874905586
  },
  "packet_size": 314,
  "packet_hex_preview": "060000002464646431326362302d333463612d313166302d383166662d3734353633633437336235330000000847616c6146616365003b900afb3d07c8000000"
}