{
  "frame_id": 434,
  "timestamp": "2025-05-19T18:04:29.165466",
  "input_values": [
    0.0,
    0.0,
    0.0,
    0.0,
    0.0,
    0.0,
    0.0,
    0.0,
    0.0,
    0.0,
    0.0,
    0.0,
    0.0,
    0.0,
    0.005691536236554384,
    0.00018852528592105955,
    0.023815417662262917,
    0.054467570036649704,
    0.0002694742870517075,
    0.05741467326879501,
    0.019451990723609924,
    3.276299685239792e-05,
    0.004425805062055588,
    0.09593599289655685,
    0.08307678997516632,
    -2.576303631940391e-05,
    0.00010864995419979095,
    0.02384006418287754,
    0.023289578035473824,
    0.03415266424417496,
    0.030047068372368813,
    0.0002465027791913599,
    0.0023008971475064754,
    0.0002947270404547453,
    0.003237880067899823,
    0.005830798298120499,
    0.0071899485774338245,
    0.1727880984544754,
    0.19001996517181396,
    0.06071650981903076,
    0.06823574751615524,
    0.7724947929382324,
    0.7723782062530518,
    0.265156626701355,
    -4.107940912945196e-05,
    -5.053654240327887e-05,
    0.0025795642286539078,
    0.053078994154930115,
    0.06702041625976562,
    0.03761019930243492,
    0.05022476986050606,
    0.0
  ],
  "active_shapes": {
    "JawRight": 0.023815417662262917,
    "JawOpen": 0.054467570036649704,
    "MouthFunnel": 0.05741467326879501,
    "MouthPucker": 0.019451990723609924,
    "MouthSmileLeft": 0.09593599289655685,
    "MouthSmileRight": 0.08307678997516632,
    "MouthDimpleLeft": 0.02384006418287754,
    "MouthDimpleRight": 0.023289578035473824,
    "MouthStretchLeft": 0.03415266424417496,
    "MouthStretchRight": 0.030047068372368813,
    "MouthLowerDownLeft": 0.1727880984544754,
    "MouthLowerDownRight": 0.19001996517181396,
    "MouthUpperUpLeft": 0.06071650981903076,
    "MouthUpperUpRight": 0.06823574751615524,
    "BrowDownLeft": 0.7724947929382324,
    "BrowDownRight": 0.7723782062530518,
    "BrowInnerUp": 0.265156626701355,
    "CheekSquintLeft": 0.053078994154930115,
    "CheekSquintRight": 0.06702041625976562,
    "NoseSneerLeft": 0.03761019930243492,
    "NoseSneerRight": 0.05022476986050606
  },
  "packet_size": 314,
  "packet_hex_preview": "060000002464646431326362302d333463612d313166302d383166662d3734353633633437336235330000000847616c6146616365003b9295fb3d07c8000000"
}