{
  "frame_id": 294,
  "timestamp": "2025-05-19T18:04:24.715520",
  "input_values": [
    0.0,
    0.0,
    0.0,
    0.0,
    0.0,
    0.0,
    0.0,
    0.0,
    0.0,
    0.0,
    0.0,
    0.0,
    0.0,
    0.0,
    0.0032093592453747988,
    0.00020185307948850095,
    0.011054242961108685,
    0.060607921332120895,
    0.01166081428527832,
    0.07039734721183777,
    0.00304715265519917,
    0.0008909185416996479,
    0.0022214569617062807,
    0.07132625579833984,
    0.06128605827689171,
    7.761466258671135e-05,
    -0.0001099837536457926,
    0.021167054772377014,
    0.020821060985326767,
    0.018576158210635185,
    0.01921139284968376,
    3.2141990686795907e-06,
    0.006027430295944214,
    -0.00011021498357877135,
    0.0004837254818994552,
    0.0035185525193810463,
    0.004077576566487551,
    0.1531222015619278,
    0.1660950481891632,
    0.029933178797364235,
    0.03735600411891937,
    0.3597707748413086,
    0.35948917269706726,
    0.041748058050870895,
    -9.187687101075426e-05,
    -0.00021576420112978667,
    0.0013370603555813432,
    0.03511999920010567,
    0.044191718101501465,
    0.006775773596018553,
    0.007269770372658968,
    0.0
  ],
  "active_shapes": {
    "JawRight": 0.011054242961108685,
    "JawOpen": 0.060607921332120895,
    "MouthClose": 0.01166081428527832,
    "MouthFunnel": 0.07039734721183777,
    "MouthSmileLeft": 0.07132625579833984,
    "MouthSmileRight": 0.06128605827689171,
    "MouthDimpleLeft": 0.021167054772377014,
    "MouthDimpleRight": 0.020821060985326767,
    "MouthStretchLeft": 0.018576158210635185,
    "MouthStretchRight": 0.01921139284968376,
    "MouthLowerDownLeft": 0.1531222015619278,
    "MouthLowerDownRight": 0.1660950481891632,
    "MouthUpperUpLeft": 0.029933178797364235,
    "MouthUpperUpRight": 0.03735600411891937,
    "BrowDownLeft": 0.3597707748413086,
    "BrowDownRight": 0.35948917269706726,
    "BrowInnerUp": 0.041748058050870895,
    "CheekSquintLeft": 0.03511999920010567,
    "CheekSquintRight": 0.044191718101501465
  },
  "packet_size": 314,
  "packet_hex_preview": "060000002464646431326362302d333463612d313166302d383166662d3734353633633437336235330000000847616c6146616365003b918afb3d07c8000000"
}