{
  "frame_id": 717,
  "timestamp": "2025-05-19T18:04:42.600188",
  "input_values": [
    0.0,
    0.0,
    0.0,
    0.0,
    0.0,
    0.0,
    0.0,
    0.0,
    0.0,
    0.0,
    0.0,
    0.0,
    0.0,
    0.0,
    0.000298154482152313,
    3.787170862779021e-05,
    0.004236400127410889,
    0.005503698717802763,
    -1.3323088751349133e-05,
    0.009085206314921379,
    0.0026930782478302717,
    1.058205270965118e-05,
    0.00034954535658471286,
    0.024784330278635025,
    0.01972148008644581,
    -8.955324119597208e-06,
    1.9773946405621246e-05,
    0.0037420038133859634,
    0.0036559407599270344,
    7.622338307555765e-05,
    8.478118979837745e-05,
    3.296700742794201e-05,
    0.0005128281773068011,
    4.246961179887876e-05,
    0.0015621196944266558,
    0.0018029045313596725,
    0.0019739398267120123,
    0.035171397030353546,
    0.03761441260576248,
    0.01661013811826706,
    0.01775226555764675,
    0.14297768473625183,
    0.14291831851005554,
    0.023317227140069008,
    1.709153366391547e-05,
    8.351535143447109e-06,
    0.0003823557053692639,
    0.010222294367849827,
    0.011528266593813896,
    0.01661178097128868,
    0.016998829320073128,
    0.0
  ],
  "active_shapes": {
    "MouthSmileLeft": 0.024784330278635025,
    "MouthSmileRight": 0.01972148008644581,
    "MouthLowerDownLeft": 0.035171397030353546,
    "MouthLowerDownRight": 0.03761441260576248,
    "MouthUpperUpLeft": 0.01661013811826706,
    "MouthUpperUpRight": 0.01775226555764675,
    "BrowDownLeft": 0.14297768473625183,
    "BrowDownRight": 0.14291831851005554,
    "BrowInnerUp": 0.023317227140069008,
    "CheekSquintLeft": 0.010222294367849827,
    "CheekSquintRight": 0.011528266593813896,
    "NoseSneerLeft": 0.01661178097128868,
    "NoseSneerRight": 0.016998829320073128
  },
  "packet_size": 314,
  "packet_hex_preview": "060000002464646431326362302d333463612d313166302d383166662d3734353633633437336235330000000847616c6146616365003b95bbfb3d07c8000000"
}