{
  "frame_id": 7,
  "timestamp": "2025-05-19T18:04:15.581052",
  "input_values": [
    0.0,
    0.0,
    0.0,
    0.0,
    0.0,
    0.0,
    0.0,
    0.0,
    0.0,
    0.0,
    0.0,
    0.0,
    0.0,
    0.0,
    0.015119287185370922,
    0.00014761873171664774,
    0.02218170091509819,
    0.09280646592378616,
    0.0001109794684452936,
    0.1183658093214035,
    0.0007020138436928391,
    0.0015457035042345524,
    0.0005888615851290524,
    0.1656913012266159,
    0.1727980375289917,
    -0.00015031560906209052,
    -2.403217149549164e-05,
    0.01699729822576046,
    0.01856817677617073,
    0.02583949640393257,
    0.02415790595114231,
    0.0001481321087339893,
    0.0020794000010937452,
    0.00012434669770300388,
    0.0011561316205188632,
    0.0030588398221880198,
    0.0036798580549657345,
    0.3053894340991974,
    0.3121258020401001,
    0.15455546975135803,
    0.16428904235363007,
    0.09458498656749725,
    0.09438089281320572,
    0.030294444411993027,
    0.01066852267831564,
    0.01074084360152483,
    -0.0004263804876245558,
    0.07107231765985489,
    0.07610272616147995,
    0.07337482273578644,
    0.08022341877222061,
    0.0
  ],
  "active_shapes": {
    "JawForward": 0.015119287185370922,
    "JawRight": 0.02218170091509819,
    "JawOpen": 0.09280646592378616,
    "MouthFunnel": 0.1183658093214035,
    "MouthSmileLeft": 0.1656913012266159,
    "MouthSmileRight": 0.1727980375289917,
    "MouthDimpleLeft": 0.01699729822576046,
    "MouthDimpleRight": 0.01856817677617073,
    "MouthStretchLeft": 0.02583949640393257,
    "MouthStretchRight": 0.02415790595114231,
    "MouthLowerDownLeft": 0.3053894340991974,
    "MouthLowerDownRight": 0.3121258020401001,
    "MouthUpperUpLeft": 0.15455546975135803,
    "MouthUpperUpRight": 0.16428904235363007,
    "BrowDownLeft": 0.09458498656749725,
    "BrowDownRight": 0.09438089281320572,
    "BrowInnerUp": 0.030294444411993027,
    "BrowOuterUpLeft": 0.01066852267831564,
    "BrowOuterUpRight": 0.01074084360152483,
    "CheekSquintLeft": 0.07107231765985489,
    "CheekSquintRight": 0.07610272616147995,
    "NoseSneerLeft": 0.07337482273578644,
    "NoseSneerRight": 0.08022341877222061
  },
  "packet_size": 314,
  "packet_hex_preview": "060000002464646431326362302d333463612d313166302d383166662d3734353633633437336235330000000847616c6146616365003b8f66fb3d07c8000000"
}