{
  "frame_id": 311,
  "timestamp": "2025-05-19T18:04:25.550509",
  "input_values": [
    0.0,
    0.0,
    0.0,
    0.0,
    0.0,
    0.0,
    0.0,
    0.0,
    0.0,
    0.0,
    0.0,
    0.0,
    0.0,
    0.0,
    0.0001410955737810582,
    3.7811812944710255e-05,
    0.0030639818869531155,
    0.00013258331455290318,
    -3.679253859445453e-05,
    0.0004172060580458492,
    0.0008037270163185894,
    5.8334553614258766e-05,
    0.00036126788472756743,
    0.02295086532831192,
    0.01907527819275856,
    9.476299851485237e-07,
    4.749164872919209e-06,
    0.0032019689679145813,
    0.003179289400577545,
    2.106977262883447e-05,
    7.892562280176207e-05,
    8.348685514647514e-05,
    0.00045411326573230326,
    0.0013290145434439182,
    0.0027190160471946,
    0.0017173374071717262,
    0.0018961627501994371,
    0.016741057857871056,
    0.018076807260513306,
    0.007957113906741142,
    0.008547728881239891,
    0.12483028322458267,
    0.12477074563503265,
    0.027625611051917076,
    -2.532098369556479e-05,
    -3.3075124520109966e-05,
    0.00045571723603643477,
    0.009971927851438522,
    0.011558745056390762,
    0.011986215598881245,
    0.012406270951032639,
    0.0
  ],
  "active_shapes": {
    "MouthSmileLeft": 0.02295086532831192,
    "MouthSmileRight": 0.01907527819275856,
    "MouthLowerDownLeft": 0.016741057857871056,
    "MouthLowerDownRight": 0.018076807260513306,
    "BrowDownLeft": 0.12483028322458267,
    "BrowDownRight": 0.12477074563503265,
    "BrowInnerUp": 0.027625611051917076,
    "CheekSquintRight": 0.011558745056390762,
    "NoseSneerLeft": 0.011986215598881245,
    "NoseSneerRight": 0.012406270951032639
  },
  "packet_size": 314,
  "packet_hex_preview": "060000002464646431326362302d333463612d313166302d383166662d3734353633633437336235330000000847616c6146616365003b91bdfb3d07c8000000"
}