{
  "frame_id": 477,
  "timestamp": "2025-05-19T18:04:30.400620",
  "input_values": [
    0.0,
    0.0,
    0.0,
    0.0,
    0.0,
    0.0,
    0.0,
    0.0,
    0.0,
    0.0,
    0.0,
    0.0,
    0.0,
    0.0,
    0.004112338647246361,
    0.00018989290401805192,
    0.009110535494983196,
    0.005552325397729874,
    0.0009633719455450773,
    0.0007436229498125613,
    0.0007543776882812381,
    0.00020784373919013888,
    0.0009500092128291726,
    0.11546459048986435,
    0.10702666640281677,
    -2.110135756083764e-05,
    7.014506263658404e-05,
    0.01975000649690628,
    0.02139090932905674,
    0.0066526466980576515,
    0.0095835505053401,
    0.0004300555447116494,
    0.002943662693724036,
    0.0004999327356927097,
    0.001064618700183928,
    0.005016156937927008,
    0.005435229744762182,
    0.0767916738986969,
    0.07814035564661026,
    0.013175326399505138,
    0.01462344266474247,
    0.38376620411872864,
    0.38345634937286377,
    0.015581310726702213,
    -9.336341463495046e-05,
    -0.00016690864867996424,
    0.000918941106647253,
    0.04281105473637581,
    0.0550655759871006,
    0.03104414977133274,
    0.03032480739057064,
    0.0
  ],
  "active_shapes": {
    "MouthSmileLeft": 0.11546459048986435,
    "MouthSmileRight": 0.10702666640281677,
    "MouthDimpleLeft": 0.01975000649690628,
    "MouthDimpleRight": 0.02139090932905674,
    "MouthLowerDownLeft": 0.0767916738986969,
    "MouthLowerDownRight": 0.07814035564661026,
    "MouthUpperUpLeft": 0.013175326399505138,
    "MouthUpperUpRight": 0.01462344266474247,
    "BrowDownLeft": 0.38376620411872864,
    "BrowDownRight": 0.38345634937286377,
    "BrowInnerUp": 0.015581310726702213,
    "CheekSquintLeft": 0.04281105473637581,
    "CheekSquintRight": 0.0550655759871006,
    "NoseSneerLeft": 0.03104414977133274,
    "NoseSneerRight": 0.03032480739057064
  },
  "packet_size": 314,
  "packet_hex_preview": "060000002464646431326362302d333463612d313166302d383166662d3734353633633437336235330000000847616c6146616365003b92e0fb3d07c8000000"
}