{
  "frame_id": 385,
  "timestamp": "2025-05-19T18:04:27.657470",
  "input_values": [
    0.0,
    0.0,
    0.0,
    0.0,
    0.0,
    0.0,
    0.0,
    0.0,
    0.0,
    0.0,
    0.0,
    0.0,
    0.0,
    0.0,
    0.005821787286549807,
    3.6348006688058376e-05,
    0.005067001562565565,
    0.02111106365919113,
    8.208522922359407e-05,
    0.05165315419435501,
    0.003124604932963848,
    0.0015894316602498293,
    -5.148463060322683e-07,
    0.018112607300281525,
    0.015351833775639534,
    2.3224270989885554e-05,
    2.2417054424295202e-05,
    0.001729800715111196,
    0.0011843334650620818,
    0.016170289367437363,
    0.016856655478477478,
    1.0462943464517593e-05,
    0.0012955290731042624,
    -3.6614186683436856e-05,
    0.0008561541326344013,
    -2.4598793970653787e-05,
    0.00014991311763878912,
    0.062895268201828,
    0.06240849941968918,
    0.03151031583547592,
    0.031588561832904816,
    -9.58839063969208e-06,
    -4.032313881907612e-06,
    0.11024363338947296,
    0.0988350659608841,
    0.0988910123705864,
    0.0001371302641928196,
    0.014250514097511768,
    0.01484332513064146,
    0.0061611635610461235,
    0.008780309930443764,
    0.0
  ],
  "active_shapes": {
    "JawOpen": 0.02111106365919113,
    "MouthFunnel": 0.05165315419435501,
    "MouthSmileLeft": 0.018112607300281525,
    "MouthSmileRight": 0.015351833775639534,
    "MouthStretchLeft": 0.016170289367437363,
    "MouthStretchRight": 0.016856655478477478,
    "MouthLowerDownLeft": 0.062895268201828,
    "MouthLowerDownRight": 0.06240849941968918,
    "MouthUpperUpLeft": 0.03151031583547592,
    "MouthUpperUpRight": 0.031588561832904816,
    "BrowInnerUp": 0.11024363338947296,
    "BrowOuterUpLeft": 0.0988350659608841,
    "BrowOuterUpRight": 0.0988910123705864,
    "CheekSquintLeft": 0.014250514097511768,
    "CheekSquintRight": 0.01484332513064146
  },
  "packet_size": 314,
  "packet_hex_preview": "060000002464646431326362302d333463612d313166302d383166662d3734353633633437336235330000000847616c6146616365003b923bfb3d07c8000000"
}