{
  "frame_id": 552,
  "timestamp": "2025-05-19T18:04:33.504569",
  "input_values": [
    0.0,
    0.0,
    0.0,
    0.0,
    0.0,
    0.0,
    0.0,
    0.0,
    0.0,
    0.0,
    0.0,
    0.0,
    0.0,
    0.0,
    0.0008338700863532722,
    0.0001507088600192219,
    0.018683353438973427,
    0.047235384583473206,
    6.835261592641473e-05,
    0.05483550578355789,
    0.007238337304443121,
    0.0006820998387411237,
    0.005939277820289135,
    0.10248301923274994,
    0.08022908866405487,
    1.4480494428426027e-05,
    2.6240982151648495e-06,
    0.019382212311029434,
    0.018596848472952843,
    0.008454279974102974,
    0.009297084994614124,
    0.0003841955622192472,
    0.0028377757407724857,
    0.0013864131178706884,
    0.013740308582782745,
    0.00751818111166358,
    0.008844499476253986,
    0.15874622762203217,
    0.1673727184534073,
    0.07226590812206268,
    0.08188499510288239,
    0.6515914797782898,
    0.6514620184898376,
    0.11762787401676178,
    -7.400503818644211e-05,
    -0.00011340629862388596,
    0.001742302207276225,
    0.053987033665180206,
    0.06672394275665283,
    0.08128746598958969,
    0.09360119700431824,
    0.0
  ],
  "active_shapes": {
    "JawRight": 0.018683353438973427,
    "JawOpen": 0.047235384583473206,
    "MouthFunnel": 0.05483550578355789,
    "MouthSmileLeft": 0.10248301923274994,
    "MouthSmileRight": 0.08022908866405487,
    "MouthDimpleLeft": 0.019382212311029434,
    "MouthDimpleRight": 0.018596848472952843,
    "MouthShrugUpper": 0.013740308582782745,
    "MouthLowerDownLeft": 0.15874622762203217,
    "MouthLowerDownRight": 0.1673727184534073,
    "MouthUpperUpLeft": 0.07226590812206268,
    "MouthUpperUpRight": 0.08188499510288239,
    "BrowDownLeft": 0.6515914797782898,
    "BrowDownRight": 0.6514620184898376,
    "BrowInnerUp": 0.11762787401676178,
    "CheekSquintLeft": 0.053987033665180206,
    "CheekSquintRight": 0.06672394275665283,
    "NoseSneerLeft": 0.08128746598958969,
    "NoseSneerRight": 0.09360119700431824
  },
  "packet_size": 314,
  "packet_hex_preview": "060000002464646431326362302d333463612d313166302d383166662d3734353633633437336235330000000847616c6146616365003b939afb3d07c8000000"
}