{
  "frame_id": 720,
  "timestamp": "2025-05-19T18:04:42.650655",
  "input_values": [
    0.0,
    0.0,
    0.0,
    0.0,
    0.0,
    0.0,
    0.0,
    0.0,
    0.0,
    0.0,
    0.0,
    0.0,
    0.0,
    0.0,
    0.003501723986119032,
    0.00015139968309085816,
    0.02365746721625328,
    0.08639577776193619,
    -0.00011594733223319054,
    0.07662934809923172,
    0.0014470757450908422,
    6.776925874873996e-05,
    0.002065412001684308,
    0.10642115026712418,
    0.0864495113492012,
    1.1376045222277753e-05,
    8.649057417642325e-05,
    0.01711229421198368,
    0.016797659918665886,
    0.001644992851652205,
    0.0012593946885317564,
    9.971357940230519e-05,
    0.0017226592171937227,
    0.0004344224580563605,
    0.01305987685918808,
    0.007092061452567577,
    0.007933433167636395,
    0.22475862503051758,
    0.24007347226142883,
    0.10709035396575928,
    0.11608873307704926,
    0.5847082138061523,
    0.5844953060150146,
    0.10316590964794159,
    3.4477321605663747e-05,
    -2.3814441192371305e-06,
    0.0010649057803675532,
    0.0485321544110775,
    0.055461715906858444,
    0.07756874710321426,
    0.08250940591096878,
    0.0
  ],
  "active_shapes": {
    "JawRight": 0.02365746721625328,
    "JawOpen": 0.08639577776193619,
    "MouthFunnel": 0.07662934809923172,
    "MouthSmileLeft": 0.10642115026712418,
    "MouthSmileRight": 0.0864495113492012,
    "MouthDimpleLeft": 0.01711229421198368,
    "MouthDimpleRight": 0.016797659918665886,
    "MouthShrugUpper": 0.01305987685918808,
    "MouthLowerDownLeft": 0.22475862503051758,
    "MouthLowerDownRight": 0.24007347226142883,
    "MouthUpperUpLeft": 0.10709035396575928,
    "MouthUpperUpRight": 0.11608873307704926,
    "BrowDownLeft": 0.5847082138061523,
    "BrowDownRight": 0.5844953060150146,
    "BrowInnerUp": 0.10316590964794159,
    "CheekSquintLeft": 0.0485321544110775,
    "CheekSquintRight": 0.055461715906858444,
    "NoseSneerLeft": 0.07756874710321426,
    "NoseSneerRight": 0.08250940591096878
  },
  "packet_size": 314,
  "packet_hex_preview": "060000002464646431326362302d333463612d313166302d383166662d3734353633633437336235330000000847616c6146616365003b95bffb3d07c8000000"
}