{
  "frame_id": 317,
  "timestamp": "2025-05-19T18:04:25.600865",
  "input_values": [
    0.0,
    0.0,
    0.0,
    0.0,
    0.0,
    0.0,
    0.0,
    0.0,
    0.0,
    0.0,
    0.0,
    0.0,
    0.0,
    0.0,
    0.0006280571687966585,
    0.00015119914314709604,
    0.02027842029929161,
    0.02990940771996975,
    -0.0001978736836463213,
    0.04103122651576996,
    0.0006150659173727036,
    9.295553354604635e-06,
    0.002761494368314743,
    0.09647734463214874,
    0.08115018904209137,
    -3.316388028906658e-05,
    6.888810275995638e-06,
    0.015278324484825134,
    0.015343673527240753,
    0.0016082888469099998,
    0.00391690619289875,
    0.00015926195192150772,
    0.001326031400822103,
    0.0003185476816724986,
    0.00991821475327015,
    0.006640180945396423,
    0.007625294383615255,
    0.15642033517360687,
    0.16520588099956512,
    0.06907182931900024,
    0.07657517492771149,
    0.5761429071426392,
    0.575976550579071,
    0.13666225969791412,
    9.443864109925926e-05,
    7.4036477599293e-05,
    0.001743003143928945,
    0.040336497128009796,
    0.04985247552394867,
    0.03673217073082924,
    0.04860779643058777,
    0.0
  ],
  "active_shapes": {
    "JawRight": 0.02027842029929161,
    "JawOpen": 0.02990940771996975,
    "MouthFunnel": 0.04103122651576996,
    "MouthSmileLeft": 0.09647734463214874,
    "MouthSmileRight": 0.08115018904209137,
    "MouthDimpleLeft": 0.015278324484825134,
    "MouthDimpleRight": 0.015343673527240753,
    "MouthLowerDownLeft": 0.15642033517360687,
    "MouthLowerDownRight": 0.16520588099956512,
    "MouthUpperUpLeft": 0.06907182931900024,
    "MouthUpperUpRight": 0.07657517492771149,
    "BrowDownLeft": 0.5761429071426392,
    "BrowDownRight": 0.575976550579071,
    "BrowInnerUp": 0.13666225969791412,
    "CheekSquintLeft": 0.040336497128009796,
    "CheekSquintRight": 0.04985247552394867,
    "NoseSneerLeft": 0.03673217073082924,
    "NoseSneerRight": 0.04860779643058777
  },
  "packet_size": 314,
  "packet_hex_preview": "060000002464646431326362302d333463612d313166302d383166662d3734353633633437336235330000000847616c6146616365003b91c0fb3d07c8000000"
}