{
  "frame_id": 336,
  "timestamp": "2025-05-19T18:04:26.078210",
  "input_values": [
    0.0,
    0.0,
    0.0,
    0.0,
    0.0,
    0.0,
    0.0,
    0.0,
    0.0,
    0.0,
    0.0,
    0.0,
    0.0,
    0.0,
    0.023438340052962303,
    0.00018367658776696771,
    0.037765633314847946,
    0.06668289005756378,
    -0.00010920117347268388,
    0.13604962825775146,
    0.010449706576764584,
    0.006278138142079115,
    0.00045110733481124043,
    0.0695609599351883,
    0.05440518260002136,
    0.0006961412727832794,
    0.0010216259397566319,
    0.011594738811254501,
    0.009039465337991714,
    0.05093818157911301,
    0.05853879824280739,
    -3.812579598161392e-05,
    0.001922963303513825,
    -0.00020827654225286096,
    0.0039596944116055965,
    0.0004061129002366215,
    0.0011431522434577346,
    0.2455994039773941,
    0.24536745250225067,
    0.11593569815158844,
    0.11527569591999054,
    3.762528285733424e-05,
    9.998619498219341e-05,
    0.31831008195877075,
    0.24479396641254425,
    0.24499280750751495,
    -0.0002329011622350663,
    0.030684852972626686,
    0.03116019070148468,
    -0.0006982408231124282,
    0.0012456623371690512,
    0.0
  ],
  "active_shapes": {
    "JawForward": 0.023438340052962303,
    "JawRight": 0.037765633314847946,
    "JawOpen": 0.06668289005756378,
    "MouthFunnel": 0.13604962825775146,
    "MouthPucker": 0.010449706576764584,
    "MouthSmileLeft": 0.0695609599351883,
    "MouthSmileRight": 0.05440518260002136,
    "MouthDimpleLeft": 0.011594738811254501,
    "MouthStretchLeft": 0.05093818157911301,
    "MouthStretchRight": 0.05853879824280739,
    "MouthLowerDownLeft": 0.2455994039773941,
    "MouthLowerDownRight": 0.24536745250225067,
    "MouthUpperUpLeft": 0.11593569815158844,
    "MouthUpperUpRight": 0.11527569591999054,
    "BrowInnerUp": 0.31831008195877075,
    "BrowOuterUpLeft": 0.24479396641254425,
    "BrowOuterUpRight": 0.24499280750751495,
    "CheekSquintLeft": 0.030684852972626686,
    "CheekSquintRight": 0.03116019070148468
  },
  "packet_size": 314,
  "packet_hex_preview": "060000002464646431326362302d333463612d313166302d383166662d3734353633633437336235330000000847616c6146616365003b91dcfb3d07c8000000"
}