{
  "frame_id": 180,
  "timestamp": "2025-05-19T18:04:20.977564",
  "input_values": [
    0.0,
    0.0,
    0.0,
    0.0,
    0.0,
    0.0,
    0.0,
    0.0,
    0.0,
    0.0,
    0.0,
    0.0,
    0.0,
    0.0,
    0.0031104390509426594,
    0.00015114748384803534,
    0.010470828972756863,
    0.06232091784477234,
    0.001253380673006177,
    0.08247106522321701,
    0.008804859593510628,
    0.0010287774493917823,
    0.0003380777779966593,
    0.08004836738109589,
    0.0694461539387703,
    8.243225238402374e-06,
    4.275030369171873e-05,
    0.015451997518539429,
    0.015928473323583603,
    0.0021019517444074154,
    0.0014542118879035115,
    0.00023613765370100737,
    0.00528758717700839,
    8.46881594043225e-05,
    0.00034641154343262315,
    0.004956228658556938,
    0.005190878640860319,
    0.1551537662744522,
    0.1586684137582779,
    0.04245748743414879,
    0.046571776270866394,
    0.20902398228645325,
    0.20882093906402588,
    0.013328452594578266,
    -5.347052501747385e-05,
    -7.056629692669958e-05,
    0.0006469002109952271,
    0.03679767623543739,
    0.04202743619680405,
    0.01590745523571968,
    0.013507616706192493,
    0.0
  ],
  "active_shapes": {
    "JawRight": 0.010470828972756863,
    "JawOpen": 0.06232091784477234,
    "MouthFunnel": 0.08247106522321701,
    "MouthSmileLeft": 0.08004836738109589,
    "MouthSmileRight": 0.0694461539387703,
    "MouthDimpleLeft": 0.015451997518539429,
    "MouthDimpleRight": 0.015928473323583603,
    "MouthLowerDownLeft": 0.1551537662744522,
    "MouthLowerDownRight": 0.1586684137582779,
    "MouthUpperUpLeft": 0.04245748743414879,
    "MouthUpperUpRight": 0.046571776270866394,
    "BrowDownLeft": 0.20902398228645325,
    "BrowDownRight": 0.20882093906402588,
    "BrowInnerUp": 0.013328452594578266,
    "CheekSquintLeft": 0.03679767623543739,
    "CheekSquintRight": 0.04202743619680405,
    "NoseSneerLeft": 0.01590745523571968,
    "NoseSneerRight": 0.013507616706192493
  },
  "packet_size": 314,
  "packet_hex_preview": "060000002464646431326362302d333463612d313166302d383166662d3734353633633437336235330000000847616c6146616365003b90aafb3d07c8000000"
}