{
  "frame_id": 505,
  "timestamp": "2025-05-19T18:04:31.502899",
  "input_values": [
    0.0,
    0.0,
    0.0,
    0.0,
    0.0,
    0.0,
    0.0,
    0.0,
    0.0,
    0.0,
    0.0,
    0.0,
    0.0,
    0.0,
    0.007107992190867662,
    0.00020129149197600782,
    0.02092920057475567,
    0.028144024312496185,
    0.016323912888765335,
    0.03143007680773735,
    0.028262676671147346,
    0.0009223688975907862,
    0.006300881039351225,
    0.059487082064151764,
    0.05937393754720688,
    -4.072886804351583e-05,
    -0.0001623725111130625,
    0.013778848573565483,
    0.014492823742330074,
    0.006326647941023111,
    0.01628727838397026,
    0.00013943822705186903,
    0.006013073958456516,
    0.0001730650255922228,
    0.0003864268655888736,
    0.0029680817387998104,
    0.002994622802361846,
    0.05872046947479248,
    0.0698913186788559,
    0.006457130424678326,
    0.012123075313866138,
    0.10133057832717896,
    0.10120227932929993,
    0.00887310691177845,
    0.013039017096161842,
    0.01302171591669321,
    0.00020330757251940668,
    0.04193377494812012,
    0.04917960241436958,
    0.02227478101849556,
    0.0208736564964056,
    0.0
  ],
  "active_shapes": {
    "JawRight": 0.02092920057475567,
    "JawOpen": 0.028144024312496185,
    "MouthClose": 0.016323912888765335,
    "MouthFunnel": 0.03143007680773735,
    "MouthPucker": 0.028262676671147346,
    "MouthSmileLeft": 0.059487082064151764,
    "MouthSmileRight": 0.05937393754720688,
    "MouthDimpleLeft": 0.013778848573565483,
    "MouthDimpleRight": 0.014492823742330074,
    "MouthStretchRight": 0.01628727838397026,
    "MouthLowerDownLeft": 0.05872046947479248,
    "MouthLowerDownRight": 0.0698913186788559,
    "MouthUpperUpRight": 0.012123075313866138,
    "BrowDownLeft": 0.10133057832717896,
    "BrowDownRight": 0.10120227932929993,
    "BrowOuterUpLeft": 0.013039017096161842,
    "BrowOuterUpRight": 0.01302171591669321,
    "CheekSquintLeft": 0.04193377494812012,
    "CheekSquintRight": 0.04917960241436958,
    "NoseSneerLeft": 0.02227478101849556,
    "NoseSneerRight": 0.0208736564964056
  },
  "packet_size": 314,
  "packet_hex_preview": "060000002464646431326362302d333463612d313166302d383166662d3734353633633437336235330000000847616c6146616365003b9322fb3d07c8000000"
}