{
  "frame_id": 686,
  "timestamp": "2025-05-19T18:04:40.803252",
  "input_values": [
    0.0,
    0.0,
    0.0,
    0.0,
    0.0,
    0.0,
    0.0,
    0.0,
    0.0,
    0.0,
    0.0,
    0.0,
    0.0,
    0.0,
    0.00550795067101717,
    0.0001894190500024706,
    0.010441240854561329,
    0.047831591218709946,
    0.037033967673778534,
    0.03579762950539589,
    0.03318050876259804,
    -5.146302100911271e-06,
    0.000581192085519433,
    0.07984738051891327,
    0.08738242089748383,
    -9.705824049888179e-05,
    7.68410463933833e-05,
    0.01093360222876072,
    0.012503106147050858,
    0.00037566665560007095,
    0.0009252671152353287,
    0.0001349982776446268,
    0.004877239931374788,
    2.283897265442647e-05,
    0.00021263520466163754,
    0.0036963713355362415,
    0.0038446723483502865,
    0.10104115307331085,
    0.1040014773607254,
    0.00572113087400794,
    0.0072471569292247295,
    0.229369655251503,
    0.22895149886608124,
    0.006234043277800083,
    -0.00030551705276593566,
    -0.00040043488843366504,
    0.0008030247408896685,
    0.05229954421520233,
    0.06194504350423813,
    0.03661567345261574,
    0.030732475221157074,
    0.0
  ],
  "active_shapes": {
    "JawRight": 0.010441240854561329,
    "JawOpen": 0.047831591218709946,
    "MouthClose": 0.037033967673778534,
    "MouthFunnel": 0.03579762950539589,
    "MouthPucker": 0.03318050876259804,
    "MouthSmileLeft": 0.07984738051891327,
    "MouthSmileRight": 0.08738242089748383,
    "MouthDimpleLeft": 0.01093360222876072,
    "MouthDimpleRight": 0.012503106147050858,
    "MouthLowerDownLeft": 0.10104115307331085,
    "MouthLowerDownRight": 0.1040014773607254,
    "BrowDownLeft": 0.229369655251503,
    "BrowDownRight": 0.22895149886608124,
    "CheekSquintLeft": 0.05229954421520233,
    "CheekSquintRight": 0.06194504350423813,
    "NoseSneerLeft": 0.03661567345261574,
    "NoseSneerRight": 0.030732475221157074
  },
  "packet_size": 314,
  "packet_hex_preview": "060000002464646431326362302d333463612d313166302d383166662d3734353633633437336235330000000847616c6146616365003b9550fb3d07c8000000"
}