{
  "frame_id": 77,
  "timestamp": "2025-05-19T18:04:17.915503",
  "input_values": [
    0.0,
    0.0,
    0.0,
    0.0,
    0.0,
    0.0,
    0.0,
    0.0,
    0.0,
    0.0,
    0.0,
    0.0,
    0.0,
    0.0,
    0.0033092363737523556,
    0.00011283979984000325,
    0.016966991126537323,
    0.05529685318470001,
    -0.00015765352873131633,
    0.025317715480923653,
    0.00035746401408687234,
    0.0002492621715646237,
    0.0013314371462911367,
    0.0765942707657814,
    0.05964474752545357,
    -5.799586870125495e-05,
    3.8160102121764794e-05,
    0.014980638399720192,
    0.014483748935163021,
    0.007851047441363335,
    0.008200547657907009,
    5.685980067937635e-05,
    0.0019182960968464613,
    -4.075243487022817e-05,
    0.0026542791165411472,
    0.004618089646100998,
    0.005158969201147556,
    0.14971280097961426,
    0.15593594312667847,
    0.04721402749419212,
    0.05046366900205612,
    0.38330891728401184,
    0.3831307291984558,
    0.08132860064506531,
    -8.331149001605809e-05,
    -0.00012986836372874677,
    0.001023513963446021,
    0.029259182512760162,
    0.03324495628476143,
    0.020490815863013268,
    0.027722053229808807,
    0.0
  ],
  "active_shapes": {
    "JawRight": 0.016966991126537323,
    "JawOpen": 0.05529685318470001,
    "MouthFunnel": 0.025317715480923653,
    "MouthSmileLeft": 0.0765942707657814,
    "MouthSmileRight": 0.05964474752545357,
    "MouthDimpleLeft": 0.014980638399720192,
    "MouthDimpleRight": 0.014483748935163021,
    "MouthLowerDownLeft": 0.14971280097961426,
    "MouthLowerDownRight": 0.15593594312667847,
    "MouthUpperUpLeft": 0.04721402749419212,
    "MouthUpperUpRight": 0.05046366900205612,
    "BrowDownLeft": 0.38330891728401184,
    "BrowDownRight": 0.3831307291984558,
    "BrowInnerUp": 0.08132860064506531,
    "CheekSquintLeft": 0.029259182512760162,
    "CheekSquintRight": 0.03324495628476143,
    "NoseSneerLeft": 0.020490815863013268,
    "NoseSneerRight": 0.027722053229808807
  },
  "packet_size": 314,
  "packet_hex_preview": "060000002464646431326362302d333463612d313166302d383166662d3734353633633437336235330000000847616c6146616365003b8ff2fb3d07c8000000"
}