{
  "frame_id": 272,
  "timestamp": "2025-05-19T18:04:24.151072",
  "input_values": [
    0.0,
    0.0,
    0.0,
    0.0,
    0.0,
    0.0,
    0.0,
    0.0,
    0.0,
    0.0,
    0.0,
    0.0,
    0.0,
    0.0,
    0.040261637419462204,
    0.00014998794358689338,
    0.015633385628461838,
    0.0818435400724411,
    0.017733540385961533,
    0.09425849467515945,
    0.0002531222125981003,
    -0.00014511910558212548,
    0.008216789923608303,
    0.2864326238632202,
    0.29338085651397705,
    0.00014915909559931606,
    -0.0001754617114784196,
    0.04431203007698059,
    0.047870758920907974,
    0.06572094559669495,
    0.06553428620100021,
    0.001034208806231618,
    0.016059016808867455,
    0.0027008806355297565,
    0.03790230304002762,
    0.0031044664792716503,
    0.003958675544708967,
    0.20953109860420227,
    0.21474461257457733,
    0.14936451613903046,
    0.1521918773651123,
    0.061077047139406204,
    0.06099874526262283,
    0.057584792375564575,
    0.0001131802418967709,
    0.00023374069132842124,
    -0.0005058189854025841,
    0.17971280217170715,
    0.20115837454795837,
    0.14345744252204895,
    0.16648074984550476,
    0.0
  ],
  "active_shapes": {
    "JawForward": 0.040261637419462204,
    "JawRight": 0.015633385628461838,
    "JawOpen": 0.0818435400724411,
    "MouthClose": 0.017733540385961533,
    "MouthFunnel": 0.09425849467515945,
    "MouthSmileLeft": 0.2864326238632202,
    "MouthSmileRight": 0.29338085651397705,
    "MouthDimpleLeft": 0.04431203007698059,
    "MouthDimpleRight": 0.047870758920907974,
    "MouthStretchLeft": 0.06572094559669495,
    "MouthStretchRight": 0.06553428620100021,
    "MouthRollUpper": 0.016059016808867455,
    "MouthShrugUpper": 0.03790230304002762,
    "MouthLowerDownLeft": 0.20953109860420227,
    "MouthLowerDownRight": 0.21474461257457733,
    "MouthUpperUpLeft": 0.14936451613903046,
    "MouthUpperUpRight": 0.1521918773651123,
    "BrowDownLeft": 0.061077047139406204,
    "BrowDownRight": 0.06099874526262283,
    "BrowInnerUp": 0.057584792375564575,
    "CheekSquintLeft": 0.17971280217170715,
    "CheekSquintRight": 0.20115837454795837,
    "NoseSneerLeft": 0.14345744252204895,
    "NoseSneerRight": 0.16648074984550476
  },
  "packet_size": 314,
  "packet_hex_preview": "060000002464646431326362302d333463612d313166302d383166662d3734353633633437336235330000000847616c6146616365003b9169fb3d07c8000000"
}