{
  "frame_id": 736,
  "timestamp": "2025-05-19T18:04:43.429631",
  "input_values": [
    0.0,
    0.0,
    0.0,
    0.0,
    0.0,
    0.0,
    0.0,
    0.0,
    0.0,
    0.0,
    0.0,
    0.0,
    0.0,
    0.0,
    0.002726490143686533,
    0.00018907316552940756,
    0.018194250762462616,
    0.0121642230078578,
    -0.0001511938462499529,
    0.008248337544500828,
    0.0009246341651305556,
    8.389126742258668e-05,
    0.0022229303140193224,
    0.1765385866165161,
    0.14857086539268494,
    -4.6786488383077085e-05,
    5.371563747758046e-05,
    0.02804272621870041,
    0.028635339811444283,
    0.008388929069042206,
    0.004541933536529541,
    0.0005599871510639787,
    0.00245732837356627,
    0.0030061500146985054,
    0.012952216900885105,
    0.008877365849912167,
    0.010336806997656822,
    0.20556874573230743,
    0.21485663950443268,
    0.0874750167131424,
    0.09320098906755447,
    0.7796383500099182,
    0.7795169949531555,
    0.23759235441684723,
    0.0007811237592250109,
    0.0008022378315217793,
    0.0021627284586429596,
    0.06458201259374619,
    0.0789680927991867,
    0.1058836430311203,
    0.11623110622167587,
    0.0
  ],
  "active_shapes": {
    "JawRight": 0.018194250762462616,
    "JawOpen": 0.0121642230078578,
    "MouthSmileLeft": 0.1765385866165161,
    "MouthSmileRight": 0.14857086539268494,
    "MouthDimpleLeft": 0.02804272621870041,
    "MouthDimpleRight": 0.028635339811444283,
    "MouthShrugUpper": 0.012952216900885105,
    "MouthPressRight": 0.010336806997656822,
    "MouthLowerDownLeft": 0.20556874573230743,
    "MouthLowerDownRight": 0.21485663950443268,
    "MouthUpperUpLeft": 0.0874750167131424,
    "MouthUpperUpRight": 0.09320098906755447,
    "BrowDownLeft": 0.7796383500099182,
    "BrowDownRight": 0.7795169949531555,
    "BrowInnerUp": 0.23759235441684723,
    "CheekSquintLeft": 0.06458201259374619,
    "CheekSquintRight": 0.0789680927991867,
    "NoseSneerLeft": 0.1058836430311203,
    "NoseSneerRight": 0.11623110622167587
  },
  "packet_size": 314,
  "packet_hex_preview": "060000002464646431326362302d333463612d313166302d383166662d3734353633633437336235330000000847616c6146616365003b95edfb3d07c8000000"
}