{
  "frame_id": 579,
  "timestamp": "2025-05-19T18:04:34.964088",
  "input_values": [
    0.0,
    0.0,
    0.0,
    0.0,
    0.0,
    0.0,
    0.0,
    0.0,
    0.0,
    0.0,
    0.0,
    0.0,
    0.0,
    0.0,
    0.003017767332494259,
    0.00011328877008054405,
    0.018332218751311302,
    0.043608903884887695,
    -0.00010869355173781514,
    0.034178055822849274,
    0.0005874737398698926,
    -0.00011153485684189945,
    0.0022670873440802097,
    0.08703187853097916,
    0.07235035300254822,
    -1.094706112780841e-05,
    3.3345178962918e-05,
    0.015710659325122833,
    0.015646127983927727,
    0.00020788123947568238,
    0.0004905932582914829,
    0.00011481482943054289,
    0.002069347770884633,
    3.651092265499756e-05,
    0.0026992426719516516,
    0.004206869751214981,
    0.004827357828617096,
    0.1531880497932434,
    0.16260291635990143,
    0.06646734476089478,
    0.07176414877176285,
    0.46871620416641235,
    0.46862900257110596,
    0.1244334876537323,
    3.519780148053542e-05,
    -1.0708272384363227e-06,
    0.0010469859698787332,
    0.041649654507637024,
    0.04738926142454147,
    0.04328170418739319,
    0.046755366027355194,
    0.0
  ],
  "active_shapes": {
    "JawRight": 0.018332218751311302,
    "JawOpen": 0.043608903884887695,
    "MouthFunnel": 0.034178055822849274,
    "MouthSmileLeft": 0.08703187853097916,
    "MouthSmileRight": 0.07235035300254822,
    "MouthDimpleLeft": 0.015710659325122833,
    "MouthDimpleRight": 0.015646127983927727,
    "MouthLowerDownLeft": 0.1531880497932434,
    "MouthLowerDownRight": 0.16260291635990143,
    "MouthUpperUpLeft": 0.06646734476089478,
    "MouthUpperUpRight": 0.07176414877176285,
    "BrowDownLeft": 0.46871620416641235,
    "BrowDownRight": 0.46862900257110596,
    "BrowInnerUp": 0.1244334876537323,
    "CheekSquintLeft": 0.041649654507637024,
    "CheekSquintRight": 0.04738926142454147,
    "NoseSneerLeft": 0.04328170418739319,
    "NoseSneerRight": 0.046755366027355194
  },
  "packet_size": 314,
  "packet_hex_preview": "060000002464646431326362302d333463612d313166302d383166662d3734353633633437336235330000000847616c6146616365003b93f1fb3d07c8000000"
}