{
  "frame_id": 191,
  "timestamp": "2025-05-19T18:04:21.333905",
  "input_values": [
    0.0,
    0.0,
    0.0,
    0.0,
    0.0,
    0.0,
    0.0,
    0.0,
    0.0,
    0.0,
    0.0,
    0.0,
    0.0,
    0.0,
    0.018204091116786003,
    0.00014709579409100115,
    0.02238842472434044,
    0.029616761952638626,
    0.0004913803422823548,
    0.07537882775068283,
    0.0006587637471966445,
    0.00498122489079833,
    0.00019288260955363512,
    0.08479722589254379,
    0.08118247240781784,
    6.585373921552673e-05,
    0.00011059849930461496,
    0.012433809228241444,
    0.011180880479514599,
    0.055406589061021805,
    0.061458688229322433,
    0.0010483019286766648,
    0.003255218267440796,
    5.6637258239788935e-05,
    0.0008531817002221942,
    0.000130464366520755,
    0.0006182546494528651,
    0.12442396581172943,
    0.12336327135562897,
    0.059650786221027374,
    0.057546842843294144,
    0.006498278118669987,
    0.006437615491449833,
    0.3215312361717224,
    0.23142898082733154,
    0.23164495825767517,
    -4.1969567973865196e-05,
    0.047454193234443665,
    0.0552329495549202,
    0.00017423066310584545,
    0.004147618543356657,
    0.0
  ],
  "active_shapes": {
    "JawForward": 0.018204091116786003,
    "JawRight": 0.02238842472434044,
    "JawOpen": 0.029616761952638626,
    "MouthFunnel": 0.07537882775068283,
    "MouthSmileLeft": 0.08479722589254379,
    "MouthSmileRight": 0.08118247240781784,
    "MouthDimpleLeft": 0.012433809228241444,
    "MouthDimpleRight": 0.011180880479514599,
    "MouthStretchLeft": 0.055406589061021805,
    "MouthStretchRight": 0.061458688229322433,
    "MouthLowerDownLeft": 0.12442396581172943,
    "MouthLowerDownRight": 0.12336327135562897,
    "MouthUpperUpLeft": 0.059650786221027374,
    "MouthUpperUpRight": 0.057546842843294144,
    "BrowInnerUp": 0.3215312361717224,
    "BrowOuterUpLeft": 0.23142898082733154,
    "BrowOuterUpRight": 0.23164495825767517,
    "CheekSquintLeft": 0.047454193234443665,
    "CheekSquintRight": 0.0552329495549202
  },
  "packet_size": 314,
  "packet_hex_preview": "060000002464646431326362302d333463612d313166302d383166662d3734353633633437336235330000000847616c6146616365003b90c0fb3d07c8000000"
}