{
  "frame_id": 281,
  "timestamp": "2025-05-19T18:04:24.330210",
  "input_values": [
    0.0,
    0.0,
    0.0,
    0.0,
    0.0,
    0.0,
    0.0,
    0.0,
    0.0,
    0.0,
    0.0,
    0.0,
    0.0,
    0.0,
    0.0018561179749667645,
    0.00018933331011794508,
    0.011955248191952705,
    0.046129416674375534,
    0.00024013388610910624,
    0.046720728278160095,
    0.0018638669280335307,
    0.000291086093056947,
    0.003585884580388665,
    0.09182406216859818,
    0.07286565750837326,
    7.149058365030214e-05,
    6.199650670168921e-05,
    0.02332615852355957,
    0.02326972410082817,
    0.0221586674451828,
    0.014204222708940506,
    0.0005360299255698919,
    0.0028442507609725,
    0.0002368837158428505,
    0.001362651470117271,
    0.0062646702863276005,
    0.0074171219021081924,
    0.17451652884483337,
    0.1833593249320984,
    0.04442349821329117,
    0.05257372930645943,
    0.7685495018959045,
    0.768385112285614,
    0.24324095249176025,
    -7.148016447899863e-05,
    -0.0001298154820688069,
    0.0032442279625684023,
    0.04516619071364403,
    0.05996042117476463,
    0.028046272695064545,
    0.03742146119475365,
    0.0
  ],
  "active_shapes": {
    "JawRight": 0.011955248191952705,
    "JawOpen": 0.046129416674375534,
    "MouthFunnel": 0.046720728278160095,
    "MouthSmileLeft": 0.09182406216859818,
    "MouthSmileRight": 0.07286565750837326,
    "MouthDimpleLeft": 0.02332615852355957,
    "MouthDimpleRight": 0.02326972410082817,
    "MouthStretchLeft": 0.0221586674451828,
    "MouthStretchRight": 0.014204222708940506,
    "MouthLowerDownLeft": 0.17451652884483337,
    "MouthLowerDownRight": 0.1833593249320984,
    "MouthUpperUpLeft": 0.04442349821329117,
    "MouthUpperUpRight": 0.05257372930645943,
    "BrowDownLeft": 0.7685495018959045,
    "BrowDownRight": 0.768385112285614,
    "BrowInnerUp": 0.24324095249176025,
    "CheekSquintLeft": 0.04516619071364403,
    "CheekSquintRight": 0.05996042117476463,
    "NoseSneerLeft": 0.028046272695064545,
    "NoseSneerRight": 0.03742146119475365
  },
  "packet_size": 314,
  "packet_hex_preview": "060000002464646431326362302d333463612d313166302d383166662d3734353633633437336235330000000847616c6146616365003b9173fb3d07c8000000"
}