{
  "frame_id": 669,
  "timestamp": "2025-05-19T18:04:39.891617",
  "input_values": [
    0.0,
    0.0,
    0.0,
    0.0,
    0.0,
    0.0,
    0.0,
    0.0,
    0.0,
    0.0,
    0.0,
    0.0,
    0.0,
    0.0,
    0.00026259274454787374,
    7.539802754763514e-05,
    0.009751161560416222,
    0.022114410996437073,
    -0.0001450009731343016,
    0.014771757647395134,
    0.00028219431987963617,
    0.00017426369595341384,
    0.0010508843697607517,
    0.057075243443250656,
    0.04425787553191185,
    -1.7905880667967722e-05,
    8.966418135969434e-06,
    0.01140904612839222,
    0.011241124011576176,
    0.0014083886053413153,
    0.0020076963119208813,
    0.00015927381173241884,
    0.0012963121989741921,
    0.00010138748621102422,
    0.0038384764920920134,
    0.0030054892413318157,
    0.003567926585674286,
    0.07981126010417938,
    0.0855463296175003,
    0.03379382938146591,
    0.037255167961120605,
    0.3159570097923279,
    0.3159024119377136,
    0.07396510243415833,
    -2.8346015824354254e-05,
    -4.141575118410401e-05,
    0.0010727992048487067,
    0.019092673435807228,
    0.02318328060209751,
    0.02210547775030136,
    0.028295379132032394,
    0.0
  ],
  "active_shapes": {
    "JawOpen": 0.022114410996437073,
    "MouthFunnel": 0.014771757647395134,
    "MouthSmileLeft": 0.057075243443250656,
    "MouthSmileRight": 0.04425787553191185,
    "MouthDimpleLeft": 0.01140904612839222,
    "MouthDimpleRight": 0.011241124011576176,
    "MouthLowerDownLeft": 0.07981126010417938,
    "MouthLowerDownRight": 0.0855463296175003,
    "MouthUpperUpLeft": 0.03379382938146591,
    "MouthUpperUpRight": 0.037255167961120605,
    "BrowDownLeft": 0.3159570097923279,
    "BrowDownRight": 0.3159024119377136,
    "BrowInnerUp": 0.07396510243415833,
    "CheekSquintLeft": 0.019092673435807228,
    "CheekSquintRight": 0.02318328060209751,
    "NoseSneerLeft": 0.02210547775030136,
    "NoseSneerRight": 0.028295379132032394
  },
  "packet_size": 314,
  "packet_hex_preview": "060000002464646431326362302d333463612d313166302d383166662d3734353633633437336235330000000847616c6146616365003b9519fb3d07c8000000"
}