{
  "frame_id": 613,
  "timestamp": "2025-05-19T18:04:36.957586",
  "input_values": [
    0.0,
    0.0,
    0.0,
    0.0,
    0.0,
    0.0,
    0.0,
    0.0,
    0.0,
    0.0,
    0.0,
    0.0,
    0.0,
    0.0,
    0.0060217054560780525,
    7.601843390148133e-05,
    0.0009987419471144676,
    0.030113231390714645,
    0.023785386234521866,
    0.001957391854375601,
    0.005488172639161348,
    0.0004472972941584885,
    0.00018887637997977436,
    0.022035490721464157,
    0.03178684413433075,
    -2.424084050289821e-05,
    4.05471000703983e-05,
    0.011388876475393772,
    0.011885187588632107,
    0.020912641659379005,
    0.01911231316626072,
    0.005442284978926182,
    0.008061167784035206,
    0.00011218928557354957,
    -2.958877303171903e-05,
    0.0012076905695721507,
    0.0014344460796564817,
    0.0409756675362587,
    0.040949784219264984,
    -0.0003478315775282681,
    0.00042653403943404555,
    0.030474606901407242,
    0.030385499820113182,
    0.020230822265148163,
    0.0024100386071950197,
    0.002406641375273466,
    0.000756802677642554,
    0.015007128939032555,
    0.019917797297239304,
    0.00011733727296814322,
    0.0004989639855921268,
    0.0
  ],
  "active_shapes": {
    "JawOpen": 0.030113231390714645,
    "MouthClose": 0.023785386234521866,
    "MouthSmileLeft": 0.022035490721464157,
    "MouthSmileRight": 0.03178684413433075,
    "MouthDimpleLeft": 0.011388876475393772,
    "MouthDimpleRight": 0.011885187588632107,
    "MouthStretchLeft": 0.020912641659379005,
    "MouthStretchRight": 0.01911231316626072,
    "MouthLowerDownLeft": 0.0409756675362587,
    "MouthLowerDownRight": 0.040949784219264984,
    "BrowDownLeft": 0.030474606901407242,
    "BrowDownRight": 0.030385499820113182,
    "BrowInnerUp": 0.020230822265148163,
    "CheekSquintLeft": 0.015007128939032555,
    "CheekSquintRight": 0.019917797297239304
  },
  "packet_size": 314,
  "packet_hex_preview": "060000002464646431326362302d333463612d313166302d383166662d3734353633633437336235330000000847616c6146616365003b9469fb3d07c8000000"
}