{
  "frame_id": 411,
  "timestamp": "2025-05-19T18:04:28.615434",
  "input_values": [
    0.0,
    0.0,
    0.0,
    0.0,
    0.0,
    0.0,
    0.0,
    0.0,
    0.0,
    0.0,
    0.0,
    0.0,
    0.0,
    0.0,
    0.0006635542376898229,
    7.505797111662105e-05,
    0.005575100891292095,
    0.009666047058999538,
    8.470268949167803e-05,
    0.007449901197105646,
    0.00024929066421464086,
    0.0010991280432790518,
    0.002208639867603779,
    0.05347141623497009,
    0.04164686053991318,
    3.726751674548723e-05,
    -1.2993125892535318e-05,
    0.007145006209611893,
    0.006986332591623068,
    9.677173511590809e-05,
    0.0007712937076576054,
    0.00014460380771197379,
    0.0017394095193594694,
    7.67660530982539e-05,
    0.0006623496301472187,
    0.002943776547908783,
    0.0032309379894286394,
    0.04869332164525986,
    0.05050324648618698,
    0.012752709910273552,
    0.014634187333285809,
    0.14254547655582428,
    0.14239536225795746,
    0.0006061032181605697,
    -1.2815430636692327e-05,
    -5.565983155975118e-05,
    0.00036375035415403545,
    0.02291141450405121,
    0.02654891274869442,
    0.01760522462427616,
    0.018556350842118263,
    0.0
  ],
  "active_shapes": {
    "MouthSmileLeft": 0.05347141623497009,
    "MouthSmileRight": 0.04164686053991318,
    "MouthLowerDownLeft": 0.04869332164525986,
    "MouthLowerDownRight": 0.05050324648618698,
    "MouthUpperUpLeft": 0.012752709910273552,
    "MouthUpperUpRight": 0.014634187333285809,
    "BrowDownLeft": 0.14254547655582428,
    "BrowDownRight": 0.14239536225795746,
    "CheekSquintLeft": 0.02291141450405121,
    "CheekSquintRight": 0.02654891274869442,
    "NoseSneerLeft": 0.01760522462427616,
    "NoseSneerRight": 0.018556350842118263
  },
  "packet_size": 314,
  "packet_hex_preview": "060000002464646431326362302d333463612d313166302d383166662d3734353633633437336235330000000847616c6146616365003b9274fb3d07c8000000"
}