{
  "frame_id": 96,
  "timestamp": "2025-05-19T18:04:18.384459",
  "input_values": [
    0.0,
    0.0,
    0.0,
    0.0,
    0.0,
    0.0,
    0.0,
    0.0,
    0.0,
    0.0,
    0.0,
    0.0,
    0.0,
    0.0,
    0.004177863709628582,
    0.00017290946561843157,
    0.021960953250527382,
    0.058192718774080276,
    0.0006880740402266383,
    0.04110206291079521,
    0.012788048014044762,
    -0.00017735495930537581,
    0.009314071387052536,
    0.05716679245233536,
    0.05115119367837906,
    3.09993265545927e-05,
    -2.6314790375181474e-05,
    0.019570503383874893,
    0.019136987626552582,
    0.015072964131832123,
    0.014473222196102142,
    0.0002473976637702435,
    0.002507462864741683,
    0.00019502112991176546,
    0.004270740784704685,
    0.0038853860460221767,
    0.00506201758980751,
    0.10358438640832901,
    0.1274336874485016,
    0.03825296834111214,
    0.051598988473415375,
    0.6145327687263489,
    0.6143931150436401,
    0.17303815484046936,
    -0.00015886107576079667,
    -0.00024664413649588823,
    0.0024254212621599436,
    0.037256870418787,
    0.05353827401995659,
    0.04150928929448128,
    0.057094186544418335,
    0.0
  ],
  "active_shapes": {
    "JawRight": 0.021960953250527382,
    "JawOpen": 0.058192718774080276,
    "MouthFunnel": 0.04110206291079521,
    "MouthPucker": 0.012788048014044762,
    "MouthSmileLeft": 0.05716679245233536,
    "MouthSmileRight": 0.05115119367837906,
    "MouthDimpleLeft": 0.019570503383874893,
    "MouthDimpleRight": 0.019136987626552582,
    "MouthStretchLeft": 0.015072964131832123,
    "MouthStretchRight": 0.014473222196102142,
    "MouthLowerDownLeft": 0.10358438640832901,
    "MouthLowerDownRight": 0.1274336874485016,
    "MouthUpperUpLeft": 0.03825296834111214,
    "MouthUpperUpRight": 0.051598988473415375,
    "BrowDownLeft": 0.6145327687263489,
    "BrowDownRight": 0.6143931150436401,
    "BrowInnerUp": 0.17303815484046936,
    "CheekSquintLeft": 0.037256870418787,
    "CheekSquintRight": 0.05353827401995659,
    "NoseSneerLeft": 0.04150928929448128,
    "NoseSneerRight": 0.057094186544418335
  },
  "packet_size": 314,
  "packet_hex_preview": "060000002464646431326362302d333463612d313166302d383166662d3734353633633437336235330000000847616c6146616365003b900ffb3d07c8000000"
}