{
  "frame_id": 145,
  "timestamp": "2025-05-19T18:04:20.038660",
  "input_values": [
    0.0,
    0.0,
    0.0,
    0.0,
    0.0,
    0.0,
    0.0,
    0.0,
    0.0,
    0.0,
    0.0,
    0.0,
    0.0,
    0.0,
    0.0007561153033748269,
    8.107905887300149e-05,
    0.0030624931678175926,
    0.01962033100426197,
    0.00032736893626861274,
    0.007804883178323507,
    0.0013150312006473541,
    0.00022416518186219037,
    0.0008850992890074849,
    0.034207697957754135,
    0.028454169631004333,
    -4.190612344245892e-06,
    5.8213195188727695e-06,
    0.007716808468103409,
    0.007914937101304531,
    0.0004508881247602403,
    0.0014653797261416912,
    0.0001385804353049025,
    0.0022111961152404547,
    0.00021752117027062923,
    0.0005082964198663831,
    0.00247776391915977,
    0.0026184390299022198,
    0.04059708118438721,
    0.04637248441576958,
    0.013234725221991539,
    0.015869181603193283,
    0.18002541363239288,
    0.17990632355213165,
    0.018864864483475685,
    -4.329104922362603e-05,
    -5.1078379328828305e-05,
    0.0007333732210099697,
    0.016919495537877083,
    0.01909470558166504,
    0.02369396574795246,
    0.02228538878262043,
    0.0
  ],
  "active_shapes": {
    "JawOpen": 0.01962033100426197,
    "MouthSmileLeft": 0.034207697957754135,
    "MouthSmileRight": 0.028454169631004333,
    "MouthLowerDownLeft": 0.04059708118438721,
    "MouthLowerDownRight": 0.04637248441576958,
    "MouthUpperUpLeft": 0.013234725221991539,
    "MouthUpperUpRight": 0.015869181603193283,
    "BrowDownLeft": 0.18002541363239288,
    "BrowDownRight": 0.17990632355213165,
    "BrowInnerUp": 0.018864864483475685,
    "CheekSquintLeft": 0.016919495537877083,
    "CheekSquintRight": 0.01909470558166504,
    "NoseSneerLeft": 0.02369396574795246,
    "NoseSneerRight": 0.02228538878262043
  },
  "packet_size": 314,
  "packet_hex_preview": "060000002464646431326362302d333463612d313166302d383166662d3734353633633437336235330000000847616c6146616365003b9072fb3d07c8000000"
}