{
  "frame_id": 147,
  "timestamp": "2025-05-19T18:04:20.055391",
  "input_values": [
    0.0,
    0.0,
    0.0,
    0.0,
    0.0,
    0.0,
    0.0,
    0.0,
    0.0,
    0.0,
    0.0,
    0.0,
    0.0,
    0.0,
    0.003184995846822858,
    0.00012120877363486215,
    0.008527345955371857,
    0.05536369979381561,
    0.0003933036932721734,
    0.03610565885901451,
    0.00048544470337219536,
    0.0003648495185188949,
    0.0026880830992013216,
    0.05417275056242943,
    0.045745156705379486,
    -2.585603215266019e-05,
    -2.4599476091680117e-05,
    0.012926416471600533,
    0.013405349105596542,
    0.005028644576668739,
    0.008111914619803429,
    2.7717424018192105e-05,
    0.003189742099493742,
    0.00011020657984772697,
    0.0004816595755983144,
    0.003148259362205863,
    0.003312518121674657,
    0.10922258347272873,
    0.12046372890472412,
    0.031594038009643555,
    0.036795224994421005,
    0.23853927850723267,
    0.23838265240192413,
    0.016125565394759178,
    -0.00016493933799210936,
    -0.0001787703949958086,
    0.0002476469671819359,
    0.025685863569378853,
    0.03064764477312565,
    0.024762582033872604,
    0.023324519395828247,
    0.0
  ],
  "active_shapes": {
    "JawOpen": 0.05536369979381561,
    "MouthFunnel": 0.03610565885901451,
    "MouthSmileLeft": 0.05417275056242943,
    "MouthSmileRight": 0.045745156705379486,
    "MouthDimpleLeft": 0.012926416471600533,
    "MouthDimpleRight": 0.013405349105596542,
    "MouthLowerDownLeft": 0.10922258347272873,
    "MouthLowerDownRight": 0.12046372890472412,
    "MouthUpperUpLeft": 0.031594038009643555,
    "MouthUpperUpRight": 0.036795224994421005,
    "BrowDownLeft": 0.23853927850723267,
    "BrowDownRight": 0.23838265240192413,
    "BrowInnerUp": 0.016125565394759178,
    "CheekSquintLeft": 0.025685863569378853,
    "CheekSquintRight": 0.03064764477312565,
    "NoseSneerLeft": 0.024762582033872604,
    "NoseSneerRight": 0.023324519395828247
  },
  "packet_size": 314,
  "packet_hex_preview": "060000002464646431326362302d333463612d313166302d383166662d3734353633633437336235330000000847616c6146616365003b9073fb3d07c8000000"
}