{
  "frame_id": 554,
  "timestamp": "2025-05-19T18:04:33.543433",
  "input_values": [
    0.0,
    0.0,
    0.0,
    0.0,
    0.0,
    0.0,
    0.0,
    0.0,
    0.0,
    0.0,
    0.0,
    0.0,
    0.0,
    0.0,
    0.0019401822937652469,
    0.0001880589552456513,
    0.02806728333234787,
    0.06724602729082108,
    -2.6850802896660753e-05,
    0.07741127908229828,
    0.0051183318719267845,
    0.0007470896816812456,
    0.006800664123147726,
    0.12331988662481308,
    0.0942184254527092,
    2.033787859545555e-05,
    5.4792690207250416e-05,
    0.025378141552209854,
    0.024191666394472122,
    0.014865814708173275,
    0.016800712794065475,
    0.0003321179829072207,
    0.003161292988806963,
    0.0006516340654343367,
    0.015174010768532753,
    0.008784961886703968,
    0.010486057959496975,
    0.20760735869407654,
    0.21667958796024323,
    0.0935487449169159,
    0.1033167839050293,
    0.8158542513847351,
    0.8156493902206421,
    0.18250460922718048,
    -2.577889790700283e-05,
    -6.261363887460902e-05,
    0.0024061722215265036,
    0.0653562992811203,
    0.07885555922985077,
    0.07931459695100784,
    0.09531297534704208,
    0.0
  ],
  "active_shapes": {
    "JawRight": 0.02806728333234787,
    "JawOpen": 0.06724602729082108,
    "MouthFunnel": 0.07741127908229828,
    "MouthSmileLeft": 0.12331988662481308,
    "MouthSmileRight": 0.0942184254527092,
    "MouthDimpleLeft": 0.025378141552209854,
    "MouthDimpleRight": 0.024191666394472122,
    "MouthStretchLeft": 0.014865814708173275,
    "MouthStretchRight": 0.016800712794065475,
    "MouthShrugUpper": 0.015174010768532753,
    "MouthPressRight": 0.010486057959496975,
    "MouthLowerDownLeft": 0.20760735869407654,
    "MouthLowerDownRight": 0.21667958796024323,
    "MouthUpperUpLeft": 0.0935487449169159,
    "MouthUpperUpRight": 0.1033167839050293,
    "BrowDownLeft": 0.8158542513847351,
    "BrowDownRight": 0.8156493902206421,
    "BrowInnerUp": 0.18250460922718048,
    "CheekSquintLeft": 0.0653562992811203,
    "CheekSquintRight": 0.07885555922985077,
    "NoseSneerLeft": 0.07931459695100784,
    "NoseSneerRight": 0.09531297534704208
  },
  "packet_size": 314,
  "packet_hex_preview": "060000002464646431326362302d333463612d313166302d383166662d3734353633633437336235330000000847616c6146616365003b939cfb3d07c8000000"
}