{
  "frame_id": 665,
  "timestamp": "2025-05-19T18:04:39.580292",
  "input_values": [
    0.0,
    0.0,
    0.0,
    0.0,
    0.0,
    0.0,
    0.0,
    0.0,
    0.0,
    0.0,
    0.0,
    0.0,
    0.0,
    0.0,
    0.024175649508833885,
    0.00031956270686350763,
    0.02338278293609619,
    0.07283367961645126,
    0.025582946836948395,
    0.06406146287918091,
    0.04109815135598183,
    0.00019984405662398785,
    0.0174550823867321,
    -0.0013349506771191955,
    0.011357568204402924,
    0.000971153553109616,
    -0.00047454246669076383,
    -0.00043613286106847227,
    0.0014028452569618821,
    -0.00033453520154580474,
    0.008360471576452255,
    0.00024425360606983304,
    0.0008705851505510509,
    0.0027272282168269157,
    0.0022419362794607878,
    0.001693769358098507,
    0.0016365541378036141,
    0.011945494450628757,
    0.05900239944458008,
    0.016125738620758057,
    0.0387294664978981,
    -0.00016517772746738046,
    -0.00010259955888614058,
    0.0009384400327689946,
    0.000250148877967149,
    -0.0001418556203134358,
    0.004035392310470343,
    0.012746518477797508,
    0.03785424679517746,
    0.0485726073384285,
    0.06230174005031586,
    0.0
  ],
  "active_shapes": {
    "JawForward": 0.024175649508833885,
    "JawRight": 0.02338278293609619,
    "JawOpen": 0.07283367961645126,
    "MouthClose": 0.025582946836948395,
    "MouthFunnel": 0.06406146287918091,
    "MouthPucker": 0.04109815135598183,
    "MouthRight": 0.0174550823867321,
    "MouthSmileRight": 0.011357568204402924,
    "MouthLowerDownLeft": 0.011945494450628757,
    "MouthLowerDownRight": 0.05900239944458008,
    "MouthUpperUpLeft": 0.016125738620758057,
    "MouthUpperUpRight": 0.0387294664978981,
    "CheekSquintLeft": 0.012746518477797508,
    "CheekSquintRight": 0.03785424679517746,
    "NoseSneerLeft": 0.0485726073384285,
    "NoseSneerRight": 0.06230174005031586
  },
  "packet_size": 314,
  "packet_hex_preview": "060000002464646431326362302d333463612d313166302d383166662d3734353633633437336235330000000847616c6146616365003b9506fb3d07c8000000"
}