{
  "frame_id": 446,
  "timestamp": "2025-05-19T18:04:29.515648",
  "input_values": [
    0.0,
    0.0,
    0.0,
    0.0,
    0.0,
    0.0,
    0.0,
    0.0,
    0.0,
    0.0,
    0.0,
    0.0,
    0.0,
    0.0,
    0.012503273785114288,
    0.00014898914378136396,
    0.012855857610702515,
    0.026511874049901962,
    0.003345214994624257,
    0.05639589577913284,
    0.008619017899036407,
    0.0026444606482982635,
    0.00028155086329206824,
    0.0726439505815506,
    0.0815829485654831,
    8.026816794881597e-05,
    0.00012960427557118237,
    0.00872552115470171,
    0.008061626926064491,
    0.03285570442676544,
    0.029744893312454224,
    0.0007694194209761918,
    0.0020324024371802807,
    0.0036075052339583635,
    0.008279886096715927,
    0.0005527418106794357,
    0.0014720226172357798,
    0.08872587233781815,
    0.08585341274738312,
    0.04998449236154556,
    0.05405372381210327,
    0.004751398228108883,
    0.004806154407560825,
    0.13662996888160706,
    0.06893639266490936,
    0.0691080242395401,
    -0.0001405681687174365,
    0.05335330218076706,
    0.0669533982872963,
    0.025119755417108536,
    0.03460599109530449,
    0.0
  ],
  "active_shapes": {
    "JawForward": 0.012503273785114288,
    "JawRight": 0.012855857610702515,
    "JawOpen": 0.026511874049901962,
    "MouthFunnel": 0.05639589577913284,
    "MouthSmileLeft": 0.0726439505815506,
    "MouthSmileRight": 0.0815829485654831,
    "MouthStretchLeft": 0.03285570442676544,
    "MouthStretchRight": 0.029744893312454224,
    "MouthLowerDownLeft": 0.08872587233781815,
    "MouthLowerDownRight": 0.08585341274738312,
    "MouthUpperUpLeft": 0.04998449236154556,
    "MouthUpperUpRight": 0.05405372381210327,
    "BrowInnerUp": 0.13662996888160706,
    "BrowOuterUpLeft": 0.06893639266490936,
    "BrowOuterUpRight": 0.0691080242395401,
    "CheekSquintLeft": 0.05335330218076706,
    "CheekSquintRight": 0.0669533982872963,
    "NoseSneerLeft": 0.025119755417108536,
    "NoseSneerRight": 0.03460599109530449
  },
  "packet_size": 314,
  "packet_hex_preview": "060000002464646431326362302d333463612d313166302d383166662d3734353633633437336235330000000847616c6146616365003b92aafb3d07c8000000"
}