{
  "frame_id": 329,
  "timestamp": "2025-05-19T18:04:26.025007",
  "input_values": [
    0.0,
    0.0,
    0.0,
    0.0,
    0.0,
    0.0,
    0.0,
    0.0,
    0.0,
    0.0,
    0.0,
    0.0,
    0.0,
    0.0,
    0.0026204928290098906,
    0.0001153689154307358,
    0.011409170925617218,
    0.049209240823984146,
    0.0001302626624237746,
    0.03784581646323204,
    0.0061962539330124855,
    7.116237975424156e-05,
    0.0038594305515289307,
    0.06082534417510033,
    0.05134022235870361,
    -3.0461204005405307e-05,
    -1.698951018624939e-05,
    0.015550554729998112,
    0.01568678952753544,
    0.011325405910611153,
    0.008584900759160519,
    5.482221604324877e-05,
    0.0017983877332881093,
    8.015868661459535e-05,
    0.0011476026847958565,
    0.004219947848469019,
    0.005143527407199144,
    0.13187377154827118,
    0.1420670598745346,
    0.041569046676158905,
    0.0489158034324646,
    0.4773018956184387,
    0.47720059752464294,
    0.13510866463184357,
    -4.579000233206898e-06,
    -3.4928172681247815e-05,
    0.0015697905328124762,
    0.029279226437211037,
    0.03848543018102646,
    0.037237346172332764,
    0.04650738835334778,
    0.0
  ],
  "active_shapes": {
    "JawRight": 0.011409170925617218,
    "JawOpen": 0.049209240823984146,
    "MouthFunnel": 0.03784581646323204,
    "MouthSmileLeft": 0.06082534417510033,
    "MouthSmileRight": 0.05134022235870361,
    "MouthDimpleLeft": 0.015550554729998112,
    "MouthDimpleRight": 0.01568678952753544,
    "MouthStretchLeft": 0.011325405910611153,
    "MouthLowerDownLeft": 0.13187377154827118,
    "MouthLowerDownRight": 0.1420670598745346,
    "MouthUpperUpLeft": 0.041569046676158905,
    "MouthUpperUpRight": 0.0489158034324646,
    "BrowDownLeft": 0.4773018956184387,
    "BrowDownRight": 0.47720059752464294,
    "BrowInnerUp": 0.13510866463184357,
    "CheekSquintLeft": 0.029279226437211037,
    "CheekSquintRight": 0.03848543018102646,
    "NoseSneerLeft": 0.037237346172332764,
    "NoseSneerRight": 0.04650738835334778
  },
  "packet_size": 314,
  "packet_hex_preview": "060000002464646431326362302d333463612d313166302d383166662d3734353633633437336235330000000847616c6146616365003b91d9fb3d07c8000000"
}