{
  "frame_id": 269,
  "timestamp": "2025-05-19T18:04:24.096045",
  "input_values": [
    0.0,
    0.0,
    0.0,
    0.0,
    0.0,
    0.0,
    0.0,
    0.0,
    0.0,
    0.0,
    0.0,
    0.0,
    0.0,
    0.0,
    0.008845821022987366,
    3.785447188420221e-05,
    0.0009622970828786492,
    0.03906520828604698,
    0.02800232172012329,
    0.02368083968758583,
    0.000150847525219433,
    0.0011001143138855696,
    0.0021507656201720238,
    0.03490564227104187,
    0.0389743372797966,
    1.911226354422979e-05,
    -7.734062091913074e-05,
    0.013238166458904743,
    0.013861117884516716,
    0.02461801841855049,
    0.022004958242177963,
    0.0011107568861916661,
    0.008914350531995296,
    -6.104774365667254e-05,
    6.918927829246968e-05,
    0.0004984670667909086,
    0.0006986047374084592,
    0.040401823818683624,
    0.042249202728271484,
    0.004033070057630539,
    0.0038553965277969837,
    0.006140652112662792,
    0.006082386709749699,
    0.02253899537026882,
    0.0001559620286570862,
    0.00017198536079376936,
    4.611135955201462e-05,
    0.0393795408308506,
    0.04427160322666168,
    0.017646612599492073,
    0.020143605768680573,
    0.0
  ],
  "active_shapes": {
    "JawOpen": 0.03906520828604698,
    "MouthClose": 0.02800232172012329,
    "MouthFunnel": 0.02368083968758583,
    "MouthSmileLeft": 0.03490564227104187,
    "MouthSmileRight": 0.0389743372797966,
    "MouthDimpleLeft": 0.013238166458904743,
    "MouthDimpleRight": 0.013861117884516716,
    "MouthStretchLeft": 0.02461801841855049,
    "MouthStretchRight": 0.022004958242177963,
    "MouthLowerDownLeft": 0.040401823818683624,
    "MouthLowerDownRight": 0.042249202728271484,
    "BrowInnerUp": 0.02253899537026882,
    "CheekSquintLeft": 0.0393795408308506,
    "CheekSquintRight": 0.04427160322666168,
    "NoseSneerLeft": 0.017646612599492073,
    "NoseSneerRight": 0.020143605768680573
  },
  "packet_size": 314,
  "packet_hex_preview": "060000002464646431326362302d333463612d313166302d383166662d3734353633633437336235330000000847616c6146616365003b9165fb3d07c8000000"
}