{
  "frame_id": 622,
  "timestamp": "2025-05-19T18:04:37.362735",
  "input_values": [
    0.0,
    0.0,
    0.0,
    0.0,
    0.0,
    0.0,
    0.0,
    0.0,
    0.0,
    0.0,
    0.0,
    0.0,
    0.0,
    0.0,
    0.004703355021774769,
    0.0001520639780210331,
    0.008898742496967316,
    0.02012164145708084,
    0.013191808946430683,
    -0.0001554335030959919,
    0.013083310797810555,
    0.00039386615389958024,
    0.004526444710791111,
    0.08142493665218353,
    0.06986356526613235,
    3.684844705276191e-05,
    2.6089135644724593e-05,
    0.021030014380812645,
    0.02152596041560173,
    0.0017588939517736435,
    0.0007424450595863163,
    0.006125121843069792,
    0.003784767584875226,
    0.0025016912259161472,
    0.0011445058044046164,
    0.009153136983513832,
    0.010313240811228752,
    0.05182144045829773,
    0.05157854035496712,
    0.00046466669300571084,
    0.0010483120568096638,
    0.5139376521110535,
    0.5137824416160583,
    0.10695774853229523,
    -0.0002209548110840842,
    -0.00024004376609809697,
    0.0025116954930126667,
    0.04372512549161911,
    0.05491582676768303,
    0.036550410091876984,
    0.04094027727842331,
    0.0
  ],
  "active_shapes": {
    "JawOpen": 0.02012164145708084,
    "MouthClose": 0.013191808946430683,
    "MouthPucker": 0.013083310797810555,
    "MouthSmileLeft": 0.08142493665218353,
    "MouthSmileRight": 0.06986356526613235,
    "MouthDimpleLeft": 0.021030014380812645,
    "MouthDimpleRight": 0.02152596041560173,
    "MouthPressRight": 0.010313240811228752,
    "MouthLowerDownLeft": 0.05182144045829773,
    "MouthLowerDownRight": 0.05157854035496712,
    "BrowDownLeft": 0.5139376521110535,
    "BrowDownRight": 0.5137824416160583,
    "BrowInnerUp": 0.10695774853229523,
    "CheekSquintLeft": 0.04372512549161911,
    "CheekSquintRight": 0.05491582676768303,
    "NoseSneerLeft": 0.036550410091876984,
    "NoseSneerRight": 0.04094027727842331
  },
  "packet_size": 314,
  "packet_hex_preview": "060000002464646431326362302d333463612d313166302d383166662d3734353633633437336235330000000847616c6146616365003b9481fb3d07c8000000"
}