{
  "frame_id": 91,
  "timestamp": "2025-05-19T18:04:18.341255",
  "input_values": [
    0.0,
    0.0,
    0.0,
    0.0,
    0.0,
    0.0,
    0.0,
    0.0,
    0.0,
    0.0,
    0.0,
    0.0,
    0.0,
    0.0,
    0.006668363232165575,
    0.00011160482972627506,
    0.01592152938246727,
    0.050429753959178925,
    0.0002760160423349589,
    0.11675909906625748,
    0.027196714654564857,
    0.0007751422235742211,
    0.0001743891480145976,
    0.08558494597673416,
    0.08415994048118591,
    -3.1445753847947344e-05,
    0.00012420196435414255,
    0.005056723486632109,
    0.004819583147764206,
    0.00043281339458189905,
    0.0004223413998261094,
    -0.00011301021731924266,
    0.0016599558293819427,
    0.00031155894976109266,
    0.013779418542981148,
    0.002818151144310832,
    0.0034095572773367167,
    0.14216312766075134,
    0.14658664166927338,
    0.09223143756389618,
    0.09616156667470932,
    0.07305712252855301,
    0.0730375200510025,
    0.07006772607564926,
    0.008083000779151917,
    0.008145381696522236,
    -0.00025627369177527726,
    0.05911558121442795,
    0.0657004565000534,
    0.05062028765678406,
    0.05842382460832596,
    0.0
  ],
  "active_shapes": {
    "JawRight": 0.01592152938246727,
    "JawOpen": 0.050429753959178925,
    "MouthFunnel": 0.11675909906625748,
    "MouthPucker": 0.027196714654564857,
    "MouthSmileLeft": 0.08558494597673416,
    "MouthSmileRight": 0.08415994048118591,
    "MouthShrugUpper": 0.013779418542981148,
    "MouthLowerDownLeft": 0.14216312766075134,
    "MouthLowerDownRight": 0.14658664166927338,
    "MouthUpperUpLeft": 0.09223143756389618,
    "MouthUpperUpRight": 0.09616156667470932,
    "BrowDownLeft": 0.07305712252855301,
    "BrowDownRight": 0.0730375200510025,
    "BrowInnerUp": 0.07006772607564926,
    "CheekSquintLeft": 0.05911558121442795,
    "CheekSquintRight": 0.0657004565000534,
    "NoseSneerLeft": 0.05062028765678406,
    "NoseSneerRight": 0.05842382460832596
  },
  "packet_size": 314,
  "packet_hex_preview": "060000002464646431326362302d333463612d313166302d383166662d3734353633633437336235330000000847616c6146616365003b900cfb3d07c8000000"
}