{
  "frame_id": 462,
  "timestamp": "2025-05-19T18:04:29.975257",
  "input_values": [
    0.0,
    0.0,
    0.0,
    0.0,
    0.0,
    0.0,
    0.0,
    0.0,
    0.0,
    0.0,
    0.0,
    0.0,
    0.0,
    0.0,
    0.015962282195687294,
    0.00018717128841672093,
    0.022609516978263855,
    0.15604111552238464,
    0.0027157205622643232,
    0.07452578842639923,
    0.00034630284062586725,
    0.014536024071276188,
    -9.211218275595456e-05,
    0.16004502773284912,
    0.14033474028110504,
    -3.888589344569482e-05,
    -4.035900474264054e-06,
    0.03182074427604675,
    0.030563263222575188,
    0.06329292058944702,
    0.06661108881235123,
    0.0003905370831489563,
    0.007766659837216139,
    -1.872915709100198e-05,
    0.00018662821094039828,
    0.0008585385512560606,
    0.0012537715956568718,
    0.31841233372688293,
    0.30965515971183777,
    0.06923916935920715,
    0.0654711052775383,
    0.008402661420404911,
    0.008078361861407757,
    0.05914273113012314,
    0.04188350588083267,
    0.04207035154104233,
    -0.00041897373739629984,
    0.03801930695772171,
    0.041571736335754395,
    0.00015488754434045404,
    0.0008325792150571942,
    0.0
  ],
  "active_shapes": {
    "JawForward": 0.015962282195687294,
    "JawRight": 0.022609516978263855,
    "JawOpen": 0.15604111552238464,
    "MouthFunnel": 0.07452578842639923,
    "MouthLeft": 0.014536024071276188,
    "MouthSmileLeft": 0.16004502773284912,
    "MouthSmileRight": 0.14033474028110504,
    "MouthDimpleLeft": 0.03182074427604675,
    "MouthDimpleRight": 0.030563263222575188,
    "MouthStretchLeft": 0.06329292058944702,
    "MouthStretchRight": 0.06661108881235123,
    "MouthLowerDownLeft": 0.31841233372688293,
    "MouthLowerDownRight": 0.30965515971183777,
    "MouthUpperUpLeft": 0.06923916935920715,
    "MouthUpperUpRight": 0.0654711052775383,
    "BrowInnerUp": 0.05914273113012314,
    "BrowOuterUpLeft": 0.04188350588083267,
    "BrowOuterUpRight": 0.04207035154104233,
    "CheekSquintLeft": 0.03801930695772171,
    "CheekSquintRight": 0.041571736335754395
  },
  "packet_size": 314,
  "packet_hex_preview": "060000002464646431326362302d333463612d313166302d383166662d3734353633633437336235330000000847616c6146616365003b92c6fb3d07c8000000"
}