{
  "frame_id": 698,
  "timestamp": "2025-05-19T18:04:41.512056",
  "input_values": [
    0.0,
    0.0,
    0.0,
    0.0,
    0.0,
    0.0,
    0.0,
    0.0,
    0.0,
    0.0,
    0.0,
    0.0,
    0.0,
    0.0,
    0.0018653206061571836,
    0.00011424426338635385,
    0.01723942533135414,
    0.056360092014074326,
    -3.1146425953920698e-06,
    0.08403950929641724,
    0.026244869455695152,
    -0.00015704595716670156,
    0.0060482872650027275,
    0.0730295479297638,
    0.06512083113193512,
    -4.69197175334557e-06,
    2.8031547117279842e-05,
    0.008437023498117924,
    0.008130034431815147,
    0.0008391272858716547,
    9.136396693065763e-05,
    6.982882041484118e-05,
    0.0005577272386290133,
    0.018485764041543007,
    0.04149442911148071,
    0.011843059211969376,
    0.012847168371081352,
    0.17841878533363342,
    0.1915600448846817,
    0.12686629593372345,
    0.1392248123884201,
    0.4891839325428009,
    0.4890659749507904,
    0.039391376078128815,
    -5.148976561031304e-05,
    -7.866176747484133e-05,
    0.0012369899777695537,
    0.04478450492024422,
    0.053338177502155304,
    0.12480250746011734,
    0.13644172251224518,
    0.0
  ],
  "active_shapes": {
    "JawRight": 0.01723942533135414,
    "JawOpen": 0.056360092014074326,
    "MouthFunnel": 0.08403950929641724,
    "MouthPucker": 0.026244869455695152,
    "MouthSmileLeft": 0.0730295479297638,
    "MouthSmileRight": 0.06512083113193512,
    "MouthShrugLower": 0.018485764041543007,
    "MouthShrugUpper": 0.04149442911148071,
    "MouthPressLeft": 0.011843059211969376,
    "MouthPressRight": 0.012847168371081352,
    "MouthLowerDownLeft": 0.17841878533363342,
    "MouthLowerDownRight": 0.1915600448846817,
    "MouthUpperUpLeft": 0.12686629593372345,
    "MouthUpperUpRight": 0.1392248123884201,
    "BrowDownLeft": 0.4891839325428009,
    "BrowDownRight": 0.4890659749507904,
    "BrowInnerUp": 0.039391376078128815,
    "CheekSquintLeft": 0.04478450492024422,
    "CheekSquintRight": 0.053338177502155304,
    "NoseSneerLeft": 0.12480250746011734,
    "NoseSneerRight": 0.13644172251224518
  },
  "packet_size": 314,
  "packet_hex_preview": "060000002464646431326362302d333463612d313166302d383166662d3734353633633437336235330000000847616c6146616365003b957afb3d07c8000000"
}