{
  "frame_id": 187,
  "timestamp": "2025-05-19T18:04:21.300258",
  "input_values": [
    0.0,
    0.0,
    0.0,
    0.0,
    0.0,
    0.0,
    0.0,
    0.0,
    0.0,
    0.0,
    0.0,
    0.0,
    0.0,
    0.0,
    0.009869922883808613,
    7.356647256528959e-05,
    0.012528151273727417,
    0.016491523012518883,
    0.00022147029812913388,
    0.03871443495154381,
    0.0003382099384907633,
    0.0021898052655160427,
    8.297275780932978e-05,
    0.041735850274562836,
    0.03922637552022934,
    5.883108769921819e-06,
    3.821322388830595e-05,
    0.0075520784594118595,
    0.007003575563430786,
    0.031187420710921288,
    0.034848690032958984,
    0.0003335165965836495,
    0.0018141577020287514,
    5.650315870298073e-05,
    0.0002473450149409473,
    0.00010707941692089662,
    0.0003260282683186233,
    0.06534329056739807,
    0.0650293305516243,
    0.03130798041820526,
    0.030033627524971962,
    0.0019105367828160524,
    0.0018726069247350097,
    0.16947169601917267,
    0.12060333788394928,
    0.12071703374385834,
    6.219312490429729e-05,
    0.023774979636073112,
    0.02664625644683838,
    0.00043439585715532303,
    0.0021967485081404448,
    0.0
  ],
  "active_shapes": {
    "JawRight": 0.012528151273727417,
    "JawOpen": 0.016491523012518883,
    "MouthFunnel": 0.03871443495154381,
    "MouthSmileLeft": 0.041735850274562836,
    "MouthSmileRight": 0.03922637552022934,
    "MouthStretchLeft": 0.031187420710921288,
    "MouthStretchRight": 0.034848690032958984,
    "MouthLowerDownLeft": 0.06534329056739807,
    "MouthLowerDownRight": 0.0650293305516243,
    "MouthUpperUpLeft": 0.03130798041820526,
    "MouthUpperUpRight": 0.030033627524971962,
    "BrowInnerUp": 0.16947169601917267,
    "BrowOuterUpLeft": 0.12060333788394928,
    "BrowOuterUpRight": 0.12071703374385834,
    "CheekSquintLeft": 0.023774979636073112,
    "CheekSquintRight": 0.02664625644683838
  },
  "packet_size": 314,
  "packet_hex_preview": "060000002464646431326362302d333463612d313166302d383166662d3734353633633437336235330000000847616c6146616365003b90bdfb3d07c8000000"
}