{
  "frame_id": 393,
  "timestamp": "2025-05-19T18:04:27.749245",
  "input_values": [
    0.0,
    0.0,
    0.0,
    0.0,
    0.0,
    0.0,
    0.0,
    0.0,
    0.0,
    0.0,
    0.0,
    0.0,
    0.0,
    0.0,
    0.09925296902656555,
    0.00018198162433691323,
    0.03168328106403351,
    0.24239620566368103,
    0.00030376960057765245,
    0.22136035561561584,
    -0.0003566278610378504,
    0.01025951188057661,
    -0.00016008538659662008,
    0.08822209388017654,
    0.08373799175024033,
    0.0009669445571489632,
    0.0010015420848503709,
    0.027269864454865456,
    0.023267794400453568,
    0.1688888669013977,
    0.16476358473300934,
    -1.1587422704906203e-05,
    0.007779396139085293,
    -0.00016094092279672623,
    0.0005236003780737519,
    -3.3449159673182294e-05,
    0.0008112758514471352,
    0.5676078200340271,
    0.5652477741241455,
    0.18313202261924744,
    0.18664953112602234,
    9.896606570691802e-06,
    3.558307798812166e-05,
    0.6023060083389282,
    0.5501238107681274,
    0.5502058267593384,
    6.17645273450762e-05,
    0.06667667627334595,
    0.06699305772781372,
    0.004468920174986124,
    0.007286029402166605,
    0.0
  ],
  "active_shapes": {
    "JawForward": 0.09925296902656555,
    "JawRight": 0.03168328106403351,
    "JawOpen": 0.24239620566368103,
    "MouthFunnel": 0.22136035561561584,
    "MouthLeft": 0.01025951188057661,
    "MouthSmileLeft": 0.08822209388017654,
    "MouthSmileRight": 0.08373799175024033,
    "MouthDimpleLeft": 0.027269864454865456,
    "MouthDimpleRight": 0.023267794400453568,
    "MouthStretchLeft": 0.1688888669013977,
    "MouthStretchRight": 0.16476358473300934,
    "MouthLowerDownLeft": 0.5676078200340271,
    "MouthLowerDownRight": 0.5652477741241455,
    "MouthUpperUpLeft": 0.18313202261924744,
    "MouthUpperUpRight": 0.18664953112602234,
    "BrowInnerUp": 0.6023060083389282,
    "BrowOuterUpLeft": 0.5501238107681274,
    "BrowOuterUpRight": 0.5502058267593384,
    "CheekSquintLeft": 0.06667667627334595,
    "CheekSquintRight": 0.06699305772781372
  },
  "packet_size": 314,
  "packet_hex_preview": "060000002464646431326362302d333463612d313166302d383166662d3734353633633437336235330000000847616c6146616365003b9240fb3d07c8000000"
}