{
  "frame_id": 645,
  "timestamp": "2025-05-19T18:04:38.497672",
  "input_values": [
    0.0,
    0.0,
    0.0,
    0.0,
    0.0,
    0.0,
    0.0,
    0.0,
    0.0,
    0.0,
    0.0,
    0.0,
    0.0,
    0.0,
    0.010629188269376755,
    0.00018690878641791642,
    0.03105905093252659,
    0.0864034965634346,
    0.0148225799202919,
    0.1502828299999237,
    6.487296923296526e-05,
    0.010450043715536594,
    5.395786865847185e-05,
    0.017178067937493324,
    0.01584235206246376,
    7.956537592690438e-05,
    0.0002886306610889733,
    0.01804191619157791,
    0.0164507906883955,
    0.09649178385734558,
    0.10457029193639755,
    0.0001795682474039495,
    0.006381577346473932,
    -0.0002221264294348657,
    0.00011909108434338123,
    1.526661253592465e-05,
    0.00011146305041620508,
    0.20043538510799408,
    0.1962401568889618,
    0.045652735978364944,
    0.046401478350162506,
    0.00025044067297130823,
    -8.742779755266383e-05,
    0.11401252448558807,
    0.09697404503822327,
    0.09705512225627899,
    -0.0004130920278839767,
    0.03328947722911835,
    0.03823382407426834,
    -0.000163677817909047,
    -4.036268364870921e-05,
    0.0
  ],
  "active_shapes": {
    "JawForward": 0.010629188269376755,
    "JawRight": 0.03105905093252659,
    "JawOpen": 0.0864034965634346,
    "MouthClose": 0.0148225799202919,
    "MouthFunnel": 0.1502828299999237,
    "MouthLeft": 0.010450043715536594,
    "MouthSmileLeft": 0.017178067937493324,
    "MouthSmileRight": 0.01584235206246376,
    "MouthDimpleLeft": 0.01804191619157791,
    "MouthDimpleRight": 0.0164507906883955,
    "MouthStretchLeft": 0.09649178385734558,
    "MouthStretchRight": 0.10457029193639755,
    "MouthLowerDownLeft": 0.20043538510799408,
    "MouthLowerDownRight": 0.1962401568889618,
    "MouthUpperUpLeft": 0.045652735978364944,
    "MouthUpperUpRight": 0.046401478350162506,
    "BrowInnerUp": 0.11401252448558807,
    "BrowOuterUpLeft": 0.09697404503822327,
    "BrowOuterUpRight": 0.09705512225627899,
    "CheekSquintLeft": 0.03328947722911835,
    "CheekSquintRight": 0.03823382407426834
  },
  "packet_size": 314,
  "packet_hex_preview": "060000002464646431326362302d333463612d313166302d383166662d3734353633633437336235330000000847616c6146616365003b94c5fb3d07c8000000"
}