{
  "frame_id": 19,
  "timestamp": "2025-05-19T18:04:15.985786",
  "input_values": [
    0.0,
    0.0,
    0.0,
    0.0,
    0.0,
    0.0,
    0.0,
    0.0,
    0.0,
    0.0,
    0.0,
    0.0,
    0.0,
    0.0,
    0.006381715182214975,
    0.00010357218707213178,
    0.004949747119098902,
    0.023333711549639702,
    0.009868385270237923,
    0.013792703859508038,
    0.002257249318063259,
    0.0013503313530236483,
    0.0009132180130109191,
    0.014280498027801514,
    0.01217732485383749,
    5.728657197323628e-05,
    -0.00014754108269698918,
    0.004739564843475819,
    0.004363556858152151,
    0.0036283344961702824,
    0.001995538827031851,
    5.667293953592889e-05,
    0.002001289976760745,
    0.00017584083252586424,
    0.00021781842224299908,
    0.0004774631524924189,
    0.0006215336034074426,
    0.02938060089945793,
    0.028744224458932877,
    -0.00037421853630803525,
    0.0003548773529473692,
    0.044281814247369766,
    0.044277582317590714,
    0.00014861013914924115,
    -0.0002095808449666947,
    -0.00025206644204445183,
    0.0009575765579938889,
    0.010571787133812904,
    0.015278303995728493,
    0.00012578873429447412,
    0.00034479633904993534,
    0.0
  ],
  "active_shapes": {
    "JawOpen": 0.023333711549639702,
    "MouthFunnel": 0.013792703859508038,
    "MouthSmileLeft": 0.014280498027801514,
    "MouthSmileRight": 0.01217732485383749,
    "MouthLowerDownLeft": 0.02938060089945793,
    "MouthLowerDownRight": 0.028744224458932877,
    "BrowDownLeft": 0.044281814247369766,
    "BrowDownRight": 0.044277582317590714,
    "CheekSquintLeft": 0.010571787133812904,
    "CheekSquintRight": 0.015278303995728493
  },
  "packet_size": 314,
  "packet_hex_preview": "060000002464646431326362302d333463612d313166302d383166662d3734353633633437336235330000000847616c6146616365003b8f7ffb3d07c8000000"
}