{
  "frame_id": 307,
  "timestamp": "2025-05-19T18:04:25.187014",
  "input_values": [
    0.0,
    0.0,
    0.0,
    0.0,
    0.0,
    0.0,
    0.0,
    0.0,
    0.0,
    0.0,
    0.0,
    0.0,
    0.0,
    0.0,
    0.005678064189851284,
    0.00021008389012422413,
    0.01863848604261875,
    0.09144891798496246,
    0.0003916888381354511,
    0.11958418786525726,
    0.07557178288698196,
    -0.0005908261518925428,
    0.011980341747403145,
    0.06918131560087204,
    0.0669127106666565,
    0.0011756147723644972,
    -0.0003897995629813522,
    0.01669137552380562,
    0.01652190089225769,
    0.0042913975194096565,
    0.001100757159292698,
    -0.0002279081818414852,
    0.0025312891229987144,
    0.009384339675307274,
    0.028839383274316788,
    0.008913075551390648,
    0.010053390637040138,
    0.15746231377124786,
    0.1787099987268448,
    0.10164172202348709,
    0.12131772935390472,
    0.6427934169769287,
    0.6426395177841187,
    0.04328523576259613,
    -0.00014279592141974717,
    -0.0002516950771678239,
    0.001127307303249836,
    0.04601912200450897,
    0.06630728393793106,
    0.10063185542821884,
    0.11543368548154831,
    0.0
  ],
  "active_shapes": {
    "JawRight": 0.01863848604261875,
    "JawOpen": 0.09144891798496246,
    "MouthFunnel": 0.11958418786525726,
    "MouthPucker": 0.07557178288698196,
    "MouthRight": 0.011980341747403145,
    "MouthSmileLeft": 0.06918131560087204,
    "MouthSmileRight": 0.0669127106666565,
    "MouthDimpleLeft": 0.01669137552380562,
    "MouthDimpleRight": 0.01652190089225769,
    "MouthShrugUpper": 0.028839383274316788,
    "MouthPressRight": 0.010053390637040138,
    "MouthLowerDownLeft": 0.15746231377124786,
    "MouthLowerDownRight": 0.1787099987268448,
    "MouthUpperUpLeft": 0.10164172202348709,
    "MouthUpperUpRight": 0.12131772935390472,
    "BrowDownLeft": 0.6427934169769287,
    "BrowDownRight": 0.6426395177841187,
    "BrowInnerUp": 0.04328523576259613,
    "CheekSquintLeft": 0.04601912200450897,
    "CheekSquintRight": 0.06630728393793106,
    "NoseSneerLeft": 0.10063185542821884,
    "NoseSneerRight": 0.11543368548154831
  },
  "packet_size": 314,
  "packet_hex_preview": "060000002464646431326362302d333463612d313166302d383166662d3734353633633437336235330000000847616c6146616365003b91a7fb3d07c8000000"
}