{
  "frame_id": 127,
  "timestamp": "2025-05-19T18:04:19.328293",
  "input_values": [
    0.0,
    0.0,
    0.0,
    0.0,
    0.0,
    0.0,
    0.0,
    0.0,
    0.0,
    0.0,
    0.0,
    0.0,
    0.0,
    0.0,
    0.02740914188325405,
    0.00018677448679227382,
    0.042118579149246216,
    0.17562879621982574,
    -0.0004231644852552563,
    0.17989149689674377,
    0.01805424503982067,
    0.001082614529877901,
    0.0027545879129320383,
    0.05426353961229324,
    0.03729504346847534,
    -3.7525118386838585e-05,
    7.46392470318824e-05,
    0.028825344517827034,
    0.027560634538531303,
    0.010180357843637466,
    0.017597492784261703,
    -0.00034555167076177895,
    0.0046669598668813705,
    -0.00044091109884902835,
    0.001178127946332097,
    0.006047596223652363,
    0.006840124726295471,
    0.27857378125190735,
    0.2842562198638916,
    0.11834699660539627,
    0.12648968398571014,
    0.3089902997016907,
    0.30867090821266174,
    0.008532851003110409,
    -7.485855167033151e-05,
    -0.00013602629769593477,
    -4.169717612967361e-06,
    0.054311394691467285,
    0.058774467557668686,
    0.020255113020539284,
    0.027038730680942535,
    0.0
  ],
  "active_shapes": {
    "JawForward": 0.02740914188325405,
    "JawRight": 0.042118579149246216,
    "JawOpen": 0.17562879621982574,
    "MouthFunnel": 0.17989149689674377,
    "MouthPucker": 0.01805424503982067,
    "MouthSmileLeft": 0.05426353961229324,
    "MouthSmileRight": 0.03729504346847534,
    "MouthDimpleLeft": 0.028825344517827034,
    "MouthDimpleRight": 0.027560634538531303,
    "MouthStretchLeft": 0.010180357843637466,
    "MouthStretchRight": 0.017597492784261703,
    "MouthLowerDownLeft": 0.27857378125190735,
    "MouthLowerDownRight": 0.2842562198638916,
    "MouthUpperUpLeft": 0.11834699660539627,
    "MouthUpperUpRight": 0.12648968398571014,
    "BrowDownLeft": 0.3089902997016907,
    "BrowDownRight": 0.30867090821266174,
    "CheekSquintLeft": 0.054311394691467285,
    "CheekSquintRight": 0.058774467557668686,
    "NoseSneerLeft": 0.020255113020539284,
    "NoseSneerRight": 0.027038730680942535
  },
  "packet_size": 314,
  "packet_hex_preview": "060000002464646431326362302d333463612d313166302d383166662d3734353633633437336235330000000847616c6146616365003b9047fb3d07c8000000"
}