{
  "frame_id": 85,
  "timestamp": "2025-05-19T18:04:17.995691",
  "input_values": [
    0.0,
    0.0,
    0.0,
    0.0,
    0.0,
    0.0,
    0.0,
    0.0,
    0.0,
    0.0,
    0.0,
    0.0,
    0.0,
    0.0,
    0.011551556177437305,
    0.00018439082487020642,
    0.02794172242283821,
    0.02541363798081875,
    -6.027529889252037e-05,
    0.12321854382753372,
    0.01776920258998871,
    0.009653158485889435,
    -9.4020419055596e-05,
    0.09710173308849335,
    0.08804581314325333,
    0.00014707403897773474,
    0.0002247896045446396,
    0.0066647762432694435,
    0.004167587496340275,
    0.013618425466120243,
    0.009979753755033016,
    0.0001402256020810455,
    0.002618820406496525,
    7.051881402730942e-05,
    0.01094246655702591,
    0.000310313276713714,
    0.0012096517020836473,
    0.16155406832695007,
    0.1598246544599533,
    0.10398390144109726,
    0.10420524328947067,
    6.510600360343233e-05,
    6.276667136262404e-06,
    0.2714296281337738,
    0.19064311683177948,
    0.1908600926399231,
    8.43080852064304e-05,
    0.03056843765079975,
    0.034773923456668854,
    -0.0009790275944396853,
    0.002434219466522336,
    0.0
  ],
  "active_shapes": {
    "JawForward": 0.011551556177437305,
    "JawRight": 0.02794172242283821,
    "JawOpen": 0.02541363798081875,
    "MouthFunnel": 0.12321854382753372,
    "MouthPucker": 0.01776920258998871,
    "MouthSmileLeft": 0.09710173308849335,
    "MouthSmileRight": 0.08804581314325333,
    "MouthStretchLeft": 0.013618425466120243,
    "MouthShrugUpper": 0.01094246655702591,
    "MouthLowerDownLeft": 0.16155406832695007,
    "MouthLowerDownRight": 0.1598246544599533,
    "MouthUpperUpLeft": 0.10398390144109726,
    "MouthUpperUpRight": 0.10420524328947067,
    "BrowInnerUp": 0.2714296281337738,
    "BrowOuterUpLeft": 0.19064311683177948,
    "BrowOuterUpRight": 0.1908600926399231,
    "CheekSquintLeft": 0.03056843765079975,
    "CheekSquintRight": 0.034773923456668854
  },
  "packet_size": 314,
  "packet_hex_preview": "060000002464646431326362302d333463612d313166302d383166662d3734353633633437336235330000000847616c6146616365003b8ff7fb3d07c8000000"
}