{
  "frame_id": 533,
  "timestamp": "2025-05-19T18:04:32.402051",
  "input_values": [
    0.0,
    0.0,
    0.0,
    0.0,
    0.0,
    0.0,
    0.0,
    0.0,
    0.0,
    0.0,
    0.0,
    0.0,
    0.0,
    0.0,
    0.004508801270276308,
    0.00018880009884014726,
    0.02135113626718521,
    0.056617751717567444,
    0.0003792195348069072,
    0.055592723190784454,
    0.0007243369473144412,
    0.0009699079673737288,
    0.0011651914101094007,
    0.11154035478830338,
    0.09142211079597473,
    1.0402379302831832e-05,
    5.825688276672736e-06,
    0.01934864930808544,
    0.0197315476834774,
    0.019328318536281586,
    0.023263633251190186,
    0.00019573899044189602,
    0.004881721921265125,
    0.00010511096479604021,
    0.0006849597557447851,
    0.0049376473762094975,
    0.005283897742629051,
    0.18972398340702057,
    0.1958523392677307,
    0.05257032439112663,
    0.056128695607185364,
    0.3743056356906891,
    0.37401020526885986,
    0.025684265419840813,
    -0.00011426855053287,
    -0.00013284101441968232,
    -4.6873577957740054e-05,
    0.05008946731686592,
    0.0561932809650898,
    0.023249322548508644,
    0.020866045728325844,
    0.0
  ],
  "active_shapes": {
    "JawRight": 0.02135113626718521,
    "JawOpen": 0.056617751717567444,
    "MouthFunnel": 0.055592723190784454,
    "MouthSmileLeft": 0.11154035478830338,
    "MouthSmileRight": 0.09142211079597473,
    "MouthDimpleLeft": 0.01934864930808544,
    "MouthDimpleRight": 0.0197315476834774,
    "MouthStretchLeft": 0.019328318536281586,
    "MouthStretchRight": 0.023263633251190186,
    "MouthLowerDownLeft": 0.18972398340702057,
    "MouthLowerDownRight": 0.1958523392677307,
    "MouthUpperUpLeft": 0.05257032439112663,
    "MouthUpperUpRight": 0.056128695607185364,
    "BrowDownLeft": 0.3743056356906891,
    "BrowDownRight": 0.37401020526885986,
    "BrowInnerUp": 0.025684265419840813,
    "CheekSquintLeft": 0.05008946731686592,
    "CheekSquintRight": 0.0561932809650898,
    "NoseSneerLeft": 0.023249322548508644,
    "NoseSneerRight": 0.020866045728325844
  },
  "packet_size": 314,
  "packet_hex_preview": "060000002464646431326362302d333463612d313166302d383166662d3734353633633437336235330000000847616c6146616365003b9358fb3d07c8000000"
}