{
  "frame_id": 605,
  "timestamp": "2025-05-19T18:04:36.566857",
  "input_values": [
    0.0,
    0.0,
    0.0,
    0.0,
    0.0,
    0.0,
    0.0,
    0.0,
    0.0,
    0.0,
    0.0,
    0.0,
    0.0,
    0.0,
    0.0014121870044618845,
    3.782171552302316e-05,
    0.0025144177488982677,
    0.006427779793739319,
    0.0003590503765735775,
    0.0011613382957875729,
    0.0001059178975992836,
    0.0003554603608790785,
    4.235991946188733e-05,
    0.03559610992670059,
    0.03313003107905388,
    -5.8856849136645906e-06,
    -4.265083589416463e-06,
    0.005496760364621878,
    0.0058320751413702965,
    0.0012532789260149002,
    0.0022963820956647396,
    8.350855205208063e-05,
    0.0011004061670973897,
    6.093936463003047e-05,
    0.00020110514014959335,
    0.0006551755941472948,
    0.0007414480787701905,
    0.024534929543733597,
    0.02413244917988777,
    0.006036312319338322,
    0.006225978955626488,
    0.04291835427284241,
    0.042864881455898285,
    0.005762860178947449,
    0.000710674503352493,
    0.0007034270674921572,
    0.00018327674479223788,
    0.009645472280681133,
    0.01202328409999609,
    0.0030623353086411953,
    0.0031486370135098696,
    0.0
  ],
  "active_shapes": {
    "MouthSmileLeft": 0.03559610992670059,
    "MouthSmileRight": 0.03313003107905388,
    "MouthLowerDownLeft": 0.024534929543733597,
    "MouthLowerDownRight": 0.02413244917988777,
    "BrowDownLeft": 0.04291835427284241,
    "BrowDownRight": 0.042864881455898285,
    "CheekSquintRight": 0.01202328409999609
  },
  "packet_size": 314,
  "packet_hex_preview": "060000002464646431326362302d333463612d313166302d383166662d3734353633633437336235330000000847616c6146616365003b9451fb3d07c8000000"
}