{
  "frame_id": 701,
  "timestamp": "2025-05-19T18:04:41.568087",
  "input_values": [
    0.0,
    0.0,
    0.0,
    0.0,
    0.0,
    0.0,
    0.0,
    0.0,
    0.0,
    0.0,
    0.0,
    0.0,
    0.0,
    0.0,
    0.006584448739886284,
    0.00018880477000493556,
    0.035936471074819565,
    0.08327006548643112,
    -0.00011094401270383969,
    0.1299082636833191,
    0.043959517031908035,
    -0.00019443412020336837,
    0.010651612654328346,
    0.10919763892889023,
    0.08476436883211136,
    -3.979069151682779e-05,
    7.377021393040195e-05,
    0.014287257567048073,
    0.013095376081764698,
    0.0005251872935332358,
    -6.777992530260235e-05,
    -0.00011805145186372101,
    0.00011698929301928729,
    0.01609249785542488,
    0.04574500396847725,
    0.014787699095904827,
    0.01635531149804592,
    0.23564234375953674,
    0.25446417927742004,
    0.16917400062084198,
    0.18405123054981232,
    0.8177724480628967,
    0.8176172375679016,
    0.14827366173267365,
    3.5827270039590076e-05,
    -4.271641228115186e-05,
    0.0017601484432816505,
    0.07385719567537308,
    0.08682277798652649,
    0.14866702258586884,
    0.16807398200035095,
    0.0
  ],
  "active_shapes": {
    "JawRight": 0.035936471074819565,
    "JawOpen": 0.08327006548643112,
    "MouthFunnel": 0.1299082636833191,
    "MouthPucker": 0.043959517031908035,
    "MouthRight": 0.010651612654328346,
    "MouthSmileLeft": 0.10919763892889023,
    "MouthSmileRight": 0.08476436883211136,
    "MouthDimpleLeft": 0.014287257567048073,
    "MouthDimpleRight": 0.013095376081764698,
    "MouthShrugLower": 0.01609249785542488,
    "MouthShrugUpper": 0.04574500396847725,
    "MouthPressLeft": 0.014787699095904827,
    "MouthPressRight": 0.01635531149804592,
    "MouthLowerDownLeft": 0.23564234375953674,
    "MouthLowerDownRight": 0.25446417927742004,
    "MouthUpperUpLeft": 0.16917400062084198,
    "MouthUpperUpRight": 0.18405123054981232,
    "BrowDownLeft": 0.8177724480628967,
    "BrowDownRight": 0.8176172375679016,
    "BrowInnerUp": 0.14827366173267365,
    "CheekSquintLeft": 0.07385719567537308,
    "CheekSquintRight": 0.08682277798652649,
    "NoseSneerLeft": 0.14866702258586884,
    "NoseSneerRight": 0.16807398200035095
  },
  "packet_size": 314,
  "packet_hex_preview": "060000002464646431326362302d333463612d313166302d383166662d3734353633633437336235330000000847616c6146616365003b957dfb3d07c8000000"
}