{
  "frame_id": 530,
  "timestamp": "2025-05-19T18:04:32.367954",
  "input_values": [
    0.0,
    0.0,
    0.0,
    0.0,
    0.0,
    0.0,
    0.0,
    0.0,
    0.0,
    0.0,
    0.0,
    0.0,
    0.0,
    0.0,
    0.002334634540602565,
    0.0001511847658548504,
    0.015235262922942638,
    0.04763660579919815,
    0.00033221475314348936,
    0.049323827028274536,
    0.0006842278526164591,
    0.0007840323960408568,
    0.0011624132748693228,
    0.0883539468050003,
    0.07077767699956894,
    2.3811244318494573e-05,
    -3.961618858738802e-06,
    0.016562018543481827,
    0.016724368557333946,
    0.01170932687819004,
    0.014345255680382252,
    0.0002196629357058555,
    0.003973904065787792,
    0.00014825818652752787,
    0.00047223884030245245,
    0.004437039606273174,
    0.004746415186673403,
    0.16057780385017395,
    0.16557158529758453,
    0.04018290340900421,
    0.043654777109622955,
    0.31454721093177795,
    0.31430259346961975,
    0.019946083426475525,
    -5.411139136413112e-05,
    -7.60804396122694e-05,
    0.00019073713338002563,
    0.040782488882541656,
    0.04569995030760765,
    0.023570168763399124,
    0.020427310839295387,
    0.0
  ],
  "active_shapes": {
    "JawRight": 0.015235262922942638,
    "JawOpen": 0.04763660579919815,
    "MouthFunnel": 0.049323827028274536,
    "MouthSmileLeft": 0.0883539468050003,
    "MouthSmileRight": 0.07077767699956894,
    "MouthDimpleLeft": 0.016562018543481827,
    "MouthDimpleRight": 0.016724368557333946,
    "MouthStretchLeft": 0.01170932687819004,
    "MouthStretchRight": 0.014345255680382252,
    "MouthLowerDownLeft": 0.16057780385017395,
    "MouthLowerDownRight": 0.16557158529758453,
    "MouthUpperUpLeft": 0.04018290340900421,
    "MouthUpperUpRight": 0.043654777109622955,
    "BrowDownLeft": 0.31454721093177795,
    "BrowDownRight": 0.31430259346961975,
    "BrowInnerUp": 0.019946083426475525,
    "CheekSquintLeft": 0.040782488882541656,
    "CheekSquintRight": 0.04569995030760765,
    "NoseSneerLeft": 0.023570168763399124,
    "NoseSneerRight": 0.020427310839295387
  },
  "packet_size": 314,
  "packet_hex_preview": "060000002464646431326362302d333463612d313166302d383166662d3734353633633437336235330000000847616c6146616365003b9356fb3d07c8000000"
}