{
  "frame_id": 547,
  "timestamp": "2025-05-19T18:04:33.178567",
  "input_values": [
    0.0,
    0.0,
    0.0,
    0.0,
    0.0,
    0.0,
    0.0,
    0.0,
    0.0,
    0.0,
    0.0,
    0.0,
    0.0,
    0.0,
    0.0066659641452133656,
    0.0001876882161013782,
    0.026962654665112495,
    0.03360650688409805,
    0.020238356664776802,
    0.04645923152565956,
    0.005532737821340561,
    0.002535073785111308,
    0.002989452099427581,
    0.05093245208263397,
    0.057356804609298706,
    -5.986643009237014e-05,
    7.071190339047462e-05,
    0.012533637695014477,
    0.012995664961636066,
    0.023389622569084167,
    0.0320492647588253,
    0.000161723219207488,
    0.003003290854394436,
    -5.324903759174049e-05,
    0.00032955745700746775,
    0.0015313789481297135,
    0.0016410937532782555,
    0.07732191681861877,
    0.08169899880886078,
    0.02545131929218769,
    0.02662186324596405,
    0.09577184915542603,
    0.09564382582902908,
    0.054799988865852356,
    0.04760538041591644,
    0.04760265350341797,
    0.00011379461648175493,
    0.033574339002370834,
    0.039555203169584274,
    0.016604740172624588,
    0.0170151274651289,
    0.0
  ],
  "active_shapes": {
    "JawRight": 0.026962654665112495,
    "JawOpen": 0.03360650688409805,
    "MouthClose": 0.020238356664776802,
    "MouthFunnel": 0.04645923152565956,
    "MouthSmileLeft": 0.05093245208263397,
    "MouthSmileRight": 0.057356804609298706,
    "MouthDimpleLeft": 0.012533637695014477,
    "MouthDimpleRight": 0.012995664961636066,
    "MouthStretchLeft": 0.023389622569084167,
    "MouthStretchRight": 0.0320492647588253,
    "MouthLowerDownLeft": 0.07732191681861877,
    "MouthLowerDownRight": 0.08169899880886078,
    "MouthUpperUpLeft": 0.02545131929218769,
    "MouthUpperUpRight": 0.02662186324596405,
    "BrowDownLeft": 0.09577184915542603,
    "BrowDownRight": 0.09564382582902908,
    "BrowInnerUp": 0.054799988865852356,
    "BrowOuterUpLeft": 0.04760538041591644,
    "BrowOuterUpRight": 0.04760265350341797,
    "CheekSquintLeft": 0.033574339002370834,
    "CheekSquintRight": 0.039555203169584274,
    "NoseSneerLeft": 0.016604740172624588,
    "NoseSneerRight": 0.0170151274651289
  },
  "packet_size": 314,
  "packet_hex_preview": "060000002464646431326362302d333463612d313166302d383166662d3734353633633437336235330000000847616c6146616365003b9386fb3d07c8000000"
}