{
  "frame_id": 451,
  "timestamp": "2025-05-19T18:04:29.881792",
  "input_values": [
    0.0,
    0.0,
    0.0,
    0.0,
    0.0,
    0.0,
    0.0,
    0.0,
    0.0,
    0.0,
    0.0,
    0.0,
    0.0,
    0.0,
    2.2237878511077724e-05,
    3.885307160089724e-05,
    0.0003784535510931164,
    9.908110223477706e-05,
    5.31213081558235e-05,
    -5.803962631034665e-05,
    0.007466194219887257,
    0.00010760553414002061,
    0.0010661735432222486,
    0.010881951078772545,
    0.01020121295005083,
    -1.9212329789297655e-05,
    -3.6624810491048265e-06,
    0.0033957362174987793,
    0.003406371921300888,
    0.000224651099415496,
    -2.586458322184626e-05,
    0.001309594139456749,
    0.0007896660827100277,
    0.0005062565905973315,
    0.0002609837974887341,
    0.0016559424111619592,
    0.0018514111870899796,
    0.004000385757535696,
    0.00436910567805171,
    -9.77939780568704e-05,
    8.837407949613407e-05,
    0.1169838085770607,
    0.11692625284194946,
    0.03695571422576904,
    -2.363774910918437e-05,
    -3.496149292914197e-05,
    0.0010845239739865065,
    0.007240495644509792,
    0.009030560031533241,
    0.002232936443760991,
    0.0027443007566034794,
    0.0
  ],
  "active_shapes": {
    "MouthSmileLeft": 0.010881951078772545,
    "MouthSmileRight": 0.01020121295005083,
    "BrowDownLeft": 0.1169838085770607,
    "BrowDownRight": 0.11692625284194946,
    "BrowInnerUp": 0.03695571422576904
  },
  "packet_size": 314,
  "packet_hex_preview": "060000002464646431326362302d333463612d313166302d383166662d3734353633633437336235330000000847616c6146616365003b92c0fb3d07c8000000"
}