{
  "frame_id": 637,
  "timestamp": "2025-05-19T18:04:38.113885",
  "input_values": [
    0.0,
    0.0,
    0.0,
    0.0,
    0.0,
    0.0,
    0.0,
    0.0,
    0.0,
    0.0,
    0.0,
    0.0,
    0.0,
    0.0,
    0.004537106025964022,
    0.00018832003115676343,
    0.01682264171540737,
    0.07207800447940826,
    0.0002902751148212701,
    0.08152638375759125,
    0.0007452298887073994,
    0.0013521290384232998,
    0.0006102937622927129,
    0.0682193711400032,
    0.06227319687604904,
    5.4462534535559826e-06,
    2.5783409000723623e-05,
    0.01722947135567665,
    0.017890186980366707,
    0.013045128434896469,
    0.027555368840694427,
    0.00022665711003355682,
    0.004308487754315138,
    7.755574188195169e-05,
    0.0005120567511767149,
    0.005278328433632851,
    0.005826948676258326,
    0.16241277754306793,
    0.1686791032552719,
    0.03291868045926094,
    0.03740297630429268,
    0.18615466356277466,
    0.18590189516544342,
    0.006662123836576939,
    4.505049582803622e-05,
    2.59362168435473e-05,
    0.0007838700548745692,
    0.038154393434524536,
    0.04632866755127907,
    0.0003906501515302807,
    0.0007632092456333339,
    0.0
  ],
  "active_shapes": {
    "JawRight": 0.01682264171540737,
    "JawOpen": 0.07207800447940826,
    "MouthFunnel": 0.08152638375759125,
    "MouthSmileLeft": 0.0682193711400032,
    "MouthSmileRight": 0.06227319687604904,
    "MouthDimpleLeft": 0.01722947135567665,
    "MouthDimpleRight": 0.017890186980366707,
    "MouthStretchLeft": 0.013045128434896469,
    "MouthStretchRight": 0.027555368840694427,
    "MouthLowerDownLeft": 0.16241277754306793,
    "MouthLowerDownRight": 0.1686791032552719,
    "MouthUpperUpLeft": 0.03291868045926094,
    "MouthUpperUpRight": 0.03740297630429268,
    "BrowDownLeft": 0.18615466356277466,
    "BrowDownRight": 0.18590189516544342,
    "CheekSquintLeft": 0.038154393434524536,
    "CheekSquintRight": 0.04632866755127907
  },
  "packet_size": 314,
  "packet_hex_preview": "060000002464646431326362302d333463612d313166302d383166662d3734353633633437336235330000000847616c6146616365003b94aefb3d07c8000000"
}