{
  "frame_id": 8,
  "timestamp": "2025-05-19T18:04:15.587199",
  "input_values": [
    0.0,
    0.0,
    0.0,
    0.0,
    0.0,
    0.0,
    0.0,
    0.0,
    0.0,
    0.0,
    0.0,
    0.0,
    0.0,
    0.0,
    0.007117412518709898,
    0.00011327007814543322,
    0.009203233756124973,
    0.06957590579986572,
    0.00022194316261447966,
    0.11413920670747757,
    0.021776847541332245,
    0.0016937528271228075,
    0.0005050955223850906,
    0.04790204390883446,
    0.05214761570096016,
    -3.0714763852301985e-05,
    -3.195089220753289e-06,
    0.0077775041572749615,
    0.008255401626229286,
    0.006359703838825226,
    0.00913386233150959,
    -1.11721046778257e-05,
    0.0027937202248722315,
    0.00027825377765111625,
    0.00029200303833931684,
    0.003217423101887107,
    0.0033620838075876236,
    0.1301838606595993,
    0.13594363629817963,
    0.0428595170378685,
    0.045226387679576874,
    0.001549029373563826,
    0.0014583630254492164,
    0.03465425968170166,
    0.015493583865463734,
    0.015558774583041668,
    0.0009153031860478222,
    0.026496686041355133,
    0.025582510977983475,
    0.01361177023500204,
    0.014028629288077354,
    0.0
  ],
  "active_shapes": {
    "JawOpen": 0.06957590579986572,
    "MouthFunnel": 0.11413920670747757,
    "MouthPucker": 0.021776847541332245,
    "MouthSmileLeft": 0.04790204390883446,
    "MouthSmileRight": 0.05214761570096016,
    "MouthLowerDownLeft": 0.1301838606595993,
    "MouthLowerDownRight": 0.13594363629817963,
    "MouthUpperUpLeft": 0.0428595170378685,
    "MouthUpperUpRight": 0.045226387679576874,
    "BrowInnerUp": 0.03465425968170166,
    "BrowOuterUpLeft": 0.015493583865463734,
    "BrowOuterUpRight": 0.015558774583041668,
    "CheekSquintLeft": 0.026496686041355133,
    "CheekSquintRight": 0.025582510977983475,
    "NoseSneerLeft": 0.01361177023500204,
    "NoseSneerRight": 0.014028629288077354
  },
  "packet_size": 314,
  "packet_hex_preview": "060000002464646431326362302d333463612d313166302d383166662d3734353633633437336235330000000847616c6146616365003b8f67fb3d07c8000000"
}