{
  "frame_id": 92,
  "timestamp": "2025-05-19T18:04:18.350717",
  "input_values": [
    0.0,
    0.0,
    0.0,
    0.0,
    0.0,
    0.0,
    0.0,
    0.0,
    0.0,
    0.0,
    0.0,
    0.0,
    0.0,
    0.0,
    0.0010216410737484694,
    8.283251372631639e-05,
    0.008089771494269371,
    0.026060521602630615,
    0.003404260380193591,
    0.013673877343535423,
    0.005904290825128555,
    -6.539924652315676e-05,
    0.003805056679993868,
    0.023759836331009865,
    0.019697386771440506,
    -1.6196059732465073e-05,
    3.940315764339175e-06,
    0.009607633575797081,
    0.009272828698158264,
    0.011498474515974522,
    0.009515161626040936,
    0.00014798653137404472,
    0.0013487760443240404,
    8.451436588075012e-05,
    0.0007879634504206479,
    0.0023112294729799032,
    0.0028866897337138653,
    0.04536884278059006,
    0.05496509000658989,
    0.008991526439785957,
    0.013891627080738544,
    0.3069594204425812,
    0.3068552613258362,
    0.08562687784433365,
    -5.9843016060767695e-05,
    -9.027535270433873e-05,
    0.0013345148181542754,
    0.017208749428391457,
    0.024179574102163315,
    0.020904812961816788,
    0.026368245482444763,
    0.0
  ],
  "active_shapes": {
    "JawOpen": 0.026060521602630615,
    "MouthFunnel": 0.013673877343535423,
    "MouthSmileLeft": 0.023759836331009865,
    "MouthSmileRight": 0.019697386771440506,
    "MouthStretchLeft": 0.011498474515974522,
    "MouthLowerDownLeft": 0.04536884278059006,
    "MouthLowerDownRight": 0.05496509000658989,
    "MouthUpperUpRight": 0.013891627080738544,
    "BrowDownLeft": 0.3069594204425812,
    "BrowDownRight": 0.3068552613258362,
    "BrowInnerUp": 0.08562687784433365,
    "CheekSquintLeft": 0.017208749428391457,
    "CheekSquintRight": 0.024179574102163315,
    "NoseSneerLeft": 0.020904812961816788,
    "NoseSneerRight": 0.026368245482444763
  },
  "packet_size": 314,
  "packet_hex_preview": "060000002464646431326362302d333463612d313166302d383166662d3734353633633437336235330000000847616c6146616365003b900dfb3d07c8000000"
}