{
  "frame_id": 257,
  "timestamp": "2025-05-19T18:04:23.667754",
  "input_values": [
    0.0,
    0.0,
    0.0,
    0.0,
    0.0,
    0.0,
    0.0,
    0.0,
    0.0,
    0.0,
    0.0,
    0.0,
    0.0,
    0.0,
    0.005854135379195213,
    8.518384856870398e-05,
    0.012636189348995686,
    0.035790931433439255,
    0.00017799276974983513,
    0.03952586278319359,
    0.0014232206158339977,
    0.00018483011808712035,
    0.0027081810403615236,
    0.01737182028591633,
    0.014981311745941639,
    1.36153221319546e-05,
    5.702944235963514e-06,
    0.005794593598693609,
    0.005466956179589033,
    0.006049405317753553,
    0.006983630359172821,
    -6.70226727379486e-05,
    0.0014014176558703184,
    0.00021352505427785218,
    0.007389339618384838,
    0.002876958576962352,
    0.0032229714561253786,
    0.06642264872789383,
    0.07442226260900497,
    0.03791959956288338,
    0.04379310458898544,
    0.1887214481830597,
    0.1885891854763031,
    0.0021480582654476166,
    2.0294635305617703e-06,
    -2.8642238248721696e-05,
    0.00028093819855712354,
    0.013892893679440022,
    0.01826278492808342,
    0.03501664847135544,
    0.04042917490005493,
    0.0
  ],
  "active_shapes": {
    "JawRight": 0.012636189348995686,
    "JawOpen": 0.035790931433439255,
    "MouthFunnel": 0.03952586278319359,
    "MouthSmileLeft": 0.01737182028591633,
    "MouthSmileRight": 0.014981311745941639,
    "MouthLowerDownLeft": 0.06642264872789383,
    "MouthLowerDownRight": 0.07442226260900497,
    "MouthUpperUpLeft": 0.03791959956288338,
    "MouthUpperUpRight": 0.04379310458898544,
    "BrowDownLeft": 0.1887214481830597,
    "BrowDownRight": 0.1885891854763031,
    "CheekSquintLeft": 0.013892893679440022,
    "CheekSquintRight": 0.01826278492808342,
    "NoseSneerLeft": 0.03501664847135544,
    "NoseSneerRight": 0.04042917490005493
  },
  "packet_size": 314,
  "packet_hex_preview": "060000002464646431326362302d333463612d313166302d383166662d3734353633633437336235330000000847616c6146616365003b914cfb3d07c8000000"
}