{
  "frame_id": 524,
  "timestamp": "2025-05-19T18:04:32.317236",
  "input_values": [
    0.0,
    0.0,
    0.0,
    0.0,
    0.0,
    0.0,
    0.0,
    0.0,
    0.0,
    0.0,
    0.0,
    0.0,
    0.0,
    0.0,
    0.00035831035347655416,
    3.7838755815755576e-05,
    0.0011462236288934946,
    0.0008934137295000255,
    0.0012315979693084955,
    0.00012314823106862605,
    0.0001843323407229036,
    0.00019152738968841732,
    0.00016065376985352486,
    0.02413894608616829,
    0.019465206190943718,
    1.4909064702806063e-05,
    4.3568470573518425e-06,
    0.004246308468282223,
    0.00431020837277174,
    0.0001440584601368755,
    0.0001338677539024502,
    0.00017856982594821602,
    0.0011095907539129257,
    7.220947009045631e-05,
    0.00014366790128406137,
    0.001347722252830863,
    0.001434387406334281,
    0.018576648086309433,
    0.018799707293510437,
    0.0015694887842983007,
    0.0018813565839082003,
    0.08639652281999588,
    0.08633671700954437,
    0.003451018128544092,
    -2.1796204237034544e-05,
    -2.9314309358596802e-05,
    0.0001420005428371951,
    0.010674762539565563,
    0.011784583330154419,
    0.010927536524832249,
    0.008919904008507729,
    0.0
  ],
  "active_shapes": {
    "MouthSmileLeft": 0.02413894608616829,
    "MouthSmileRight": 0.019465206190943718,
    "MouthLowerDownLeft": 0.018576648086309433,
    "MouthLowerDownRight": 0.018799707293510437,
    "BrowDownLeft": 0.08639652281999588,
    "BrowDownRight": 0.08633671700954437,
    "CheekSquintLeft": 0.010674762539565563,
    "CheekSquintRight": 0.011784583330154419,
    "NoseSneerLeft": 0.010927536524832249
  },
  "packet_size": 314,
  "packet_hex_preview": "060000002464646431326362302d333463612d313166302d383166662d3734353633633437336235330000000847616c6146616365003b9353fb3d07c8000000"
}