{
  "frame_id": 209,
  "timestamp": "2025-05-19T18:04:21.792433",
  "input_values": [
    0.0,
    0.0,
    0.0,
    0.0,
    0.0,
    0.0,
    0.0,
    0.0,
    0.0,
    0.0,
    0.0,
    0.0,
    0.0,
    0.0,
    0.024811528623104095,
    0.00018461645231582224,
    0.03204559162259102,
    0.11745435744524002,
    -0.00037809324567206204,
    0.13758906722068787,
    0.0003272049070801586,
    0.004737062379717827,
    1.0999609003192745e-05,
    0.10831400752067566,
    0.09784442186355591,
    0.00011799382627941668,
    0.00013276927347760648,
    0.00966065563261509,
    0.007478165440261364,
    0.06088441237807274,
    0.05861131101846695,
    -0.00020548520842567086,
    0.0009624716476537287,
    -8.206609345506877e-05,
    0.0027424045838415623,
    0.0006587344687432051,
    0.0012622314970940351,
    0.3818157911300659,
    0.3817223608493805,
    0.15469753742218018,
    0.15787048637866974,
    0.006672189105302095,
    0.006669193506240845,
    0.2706710994243622,
    0.16841484606266022,
    0.16844072937965393,
    -0.0003774310171138495,
    0.025853687897324562,
    0.029556691646575928,
    -0.0003484248009044677,
    0.0014012007741257548,
    0.0
  ],
  "active_shapes": {
    "JawForward": 0.024811528623104095,
    "JawRight": 0.03204559162259102,
    "JawOpen": 0.11745435744524002,
    "MouthFunnel": 0.13758906722068787,
    "MouthSmileLeft": 0.10831400752067566,
    "MouthSmileRight": 0.09784442186355591,
    "MouthStretchLeft": 0.06088441237807274,
    "MouthStretchRight": 0.05861131101846695,
    "MouthLowerDownLeft": 0.3818157911300659,
    "MouthLowerDownRight": 0.3817223608493805,
    "MouthUpperUpLeft": 0.15469753742218018,
    "MouthUpperUpRight": 0.15787048637866974,
    "BrowInnerUp": 0.2706710994243622,
    "BrowOuterUpLeft": 0.16841484606266022,
    "BrowOuterUpRight": 0.16844072937965393,
    "CheekSquintLeft": 0.025853687897324562,
    "CheekSquintRight": 0.029556691646575928
  },
  "packet_size": 314,
  "packet_hex_preview": "060000002464646431326362302d333463612d313166302d383166662d3734353633633437336235330000000847616c6146616365003b90dbfb3d07c8000000"
}