{
  "frame_id": 689,
  "timestamp": "2025-05-19T18:04:41.108878",
  "input_values": [
    0.0,
    0.0,
    0.0,
    0.0,
    0.0,
    0.0,
    0.0,
    0.0,
    0.0,
    0.0,
    0.0,
    0.0,
    0.0,
    0.0,
    0.0006607967661693692,
    3.7774232623633e-05,
    0.0023125128354877234,
    0.0019698902033269405,
    0.00030291161965578794,
    0.0003012786037288606,
    0.0169379860162735,
    0.00012255823821760714,
    0.0007474792073480785,
    0.00037315659574232996,
    -2.8769103664672002e-05,
    0.0019234847277402878,
    0.004006378818303347,
    0.0027508102357387543,
    0.002650868846103549,
    0.0021969948429614305,
    0.002228786703199148,
    0.00015475988038815558,
    0.0006507245125249028,
    8.056985825533047e-05,
    0.00019797154527623206,
    0.0014309418620541692,
    0.0016541026998311281,
    0.004259376786649227,
    0.0049315947107970715,
    -0.00013807015784550458,
    5.43386340723373e-05,
    0.14645877480506897,
    0.14640726149082184,
    0.055387288331985474,
    -1.8580414689495228e-05,
    -1.8430979253025725e-05,
    0.0012642116053029895,
    0.006097742356359959,
    0.007495894096791744,
    4.8932572099147364e-05,
    0.0006213884917087853,
    0.0
  ],
  "active_shapes": {
    "MouthPucker": 0.0169379860162735,
    "BrowDownLeft": 0.14645877480506897,
    "BrowDownRight": 0.14640726149082184,
    "BrowInnerUp": 0.055387288331985474
  },
  "packet_size": 314,
  "packet_hex_preview": "060000002464646431326362302d333463612d313166302d383166662d3734353633633437336235330000000847616c6146616365003b9562fb3d07c8000000"
}