{
  "frame_id": 616,
  "timestamp": "2025-05-19T18:04:37.009537",
  "input_values": [
    0.0,
    0.0,
    0.0,
    0.0,
    0.0,
    0.0,
    0.0,
    0.0,
    0.0,
    0.0,
    0.0,
    0.0,
    0.0,
    0.0,
    0.013018249534070492,
    0.00018943600298371166,
    0.0048039755783975124,
    0.08927328139543533,
    0.052941884845495224,
    0.025799237191677094,
    0.013310595415532589,
    0.0009862430160865188,
    0.0009612871217541397,
    0.02769080176949501,
    0.04915331304073334,
    8.523044925823342e-06,
    0.0001277898991247639,
    0.021101363003253937,
    0.022318894043564796,
    0.06251906603574753,
    0.0593181811273098,
    0.010117114521563053,
    0.01419115997850895,
    0.000351990427589044,
    0.00010716777615016326,
    0.003500217106193304,
    0.004033578559756279,
    0.13337936997413635,
    0.13310551643371582,
    0.008570374920964241,
    0.014484630897641182,
    0.05794531852006912,
    0.05772590637207031,
    0.06916411221027374,
    0.01943928562104702,
    0.01938510686159134,
    0.0017264133784919977,
    0.03860130533576012,
    0.052005041390657425,
    0.003413352882489562,
    0.009005168452858925,
    0.0
  ],
  "active_shapes": {
    "JawForward": 0.013018249534070492,
    "JawOpen": 0.08927328139543533,
    "MouthClose": 0.052941884845495224,
    "MouthFunnel": 0.025799237191677094,
    "MouthPucker": 0.013310595415532589,
    "MouthSmileLeft": 0.02769080176949501,
    "MouthSmileRight": 0.04915331304073334,
    "MouthDimpleLeft": 0.021101363003253937,
    "MouthDimpleRight": 0.022318894043564796,
    "MouthStretchLeft": 0.06251906603574753,
    "MouthStretchRight": 0.0593181811273098,
    "MouthRollLower": 0.010117114521563053,
    "MouthRollUpper": 0.01419115997850895,
    "MouthLowerDownLeft": 0.13337936997413635,
    "MouthLowerDownRight": 0.13310551643371582,
    "MouthUpperUpRight": 0.014484630897641182,
    "BrowDownLeft": 0.05794531852006912,
    "BrowDownRight": 0.05772590637207031,
    "BrowInnerUp": 0.06916411221027374,
    "BrowOuterUpLeft": 0.01943928562104702,
    "BrowOuterUpRight": 0.01938510686159134,
    "CheekSquintLeft": 0.03860130533576012,
    "CheekSquintRight": 0.052005041390657425
  },
  "packet_size": 314,
  "packet_hex_preview": "060000002464646431326362302d333463612d313166302d383166662d3734353633633437336235330000000847616c6146616365003b946cfb3d07c8000000"
}