{
  "frame_id": 602,
  "timestamp": "2025-05-19T18:04:36.253320",
  "input_values": [
    0.0,
    0.0,
    0.0,
    0.0,
    0.0,
    0.0,
    0.0,
    0.0,
    0.0,
    0.0,
    0.0,
    0.0,
    0.0,
    0.0,
    0.0007916106842458248,
    0.00018972910766024143,
    0.01376502588391304,
    0.01417601015418768,
    9.85484293778427e-05,
    0.006507549434900284,
    0.0025660984683781862,
    0.0001394369755871594,
    0.0035494777839630842,
    0.14960402250289917,
    0.1276390105485916,
    1.7506061340100132e-05,
    8.010737656150013e-05,
    0.02592344582080841,
    0.02678718976676464,
    0.0007325935293920338,
    0.0003678858920466155,
    0.0007422539638355374,
    0.003666189033538103,
    0.0006328654126264155,
    0.004759677220135927,
    0.007972569204866886,
    0.009020423516631126,
    0.14075659215450287,
    0.14941373467445374,
    0.05401410162448883,
    0.060722243040800095,
    0.7558958530426025,
    0.7557330131530762,
    0.21771162748336792,
    9.341351869807113e-06,
    2.6260466256644577e-05,
    0.00253091542981565,
    0.061978064477443695,
    0.0746944472193718,
    0.0549648255109787,
    0.05741148069500923,
    0.0
  ],
  "active_shapes": {
    "JawRight": 0.01376502588391304,
    "JawOpen": 0.01417601015418768,
    "MouthSmileLeft": 0.14960402250289917,
    "MouthSmileRight": 0.1276390105485916,
    "MouthDimpleLeft": 0.02592344582080841,
    "MouthDimpleRight": 0.02678718976676464,
    "MouthLowerDownLeft": 0.14075659215450287,
    "MouthLowerDownRight": 0.14941373467445374,
    "MouthUpperUpLeft": 0.05401410162448883,
    "MouthUpperUpRight": 0.060722243040800095,
    "BrowDownLeft": 0.7558958530426025,
    "BrowDownRight": 0.7557330131530762,
    "BrowInnerUp": 0.21771162748336792,
    "CheekSquintLeft": 0.061978064477443695,
    "CheekSquintRight": 0.0746944472193718,
    "NoseSneerLeft": 0.0549648255109787,
    "NoseSneerRight": 0.05741148069500923
  },
  "packet_size": 314,
  "packet_hex_preview": "060000002464646431326362302d333463612d313166302d383166662d3734353633633437336235330000000847616c6146616365003b943ffb3d07c8000000"
}