{
  "frame_id": 454,
  "timestamp": "2025-05-19T18:04:29.908219",
  "input_values": [
    0.0,
    0.0,
    0.0,
    0.0,
    0.0,
    0.0,
    0.0,
    0.0,
    0.0,
    0.0,
    0.0,
    0.0,
    0.0,
    0.0,
    0.001719346852041781,
    3.740769898286089e-05,
    0.003521386068314314,
    0.0128612220287323,
    0.0004806264187209308,
    0.013851066119968891,
    7.728025229880586e-05,
    0.0016943678492680192,
    -3.258560172980651e-05,
    0.030546505004167557,
    0.027371227741241455,
    -4.253948191035306e-06,
    -1.445622638129862e-05,
    0.004355776123702526,
    0.004217059351503849,
    0.008041982538998127,
    0.009045349434018135,
    7.373857806669548e-05,
    0.0013374504633247852,
    1.3706610388908302e-06,
    8.186302693502512e-06,
    0.00013541737280320376,
    0.00019120766955893487,
    0.036897096782922745,
    0.0359472818672657,
    0.010148737579584122,
    0.009572948329150677,
    0.00020539900287985802,
    0.00017276746802963316,
    0.013261008076369762,
    0.011543219909071922,
    0.01157759316265583,
    -3.2410836865892634e-05,
    0.006237928755581379,
    0.007291377987712622,
    0.0006076085264794528,
    0.0011505570728331804,
    0.0
  ],
  "active_shapes": {
    "JawOpen": 0.0128612220287323,
    "MouthFunnel": 0.013851066119968891,
    "MouthSmileLeft": 0.030546505004167557,
    "MouthSmileRight": 0.027371227741241455,
    "MouthLowerDownLeft": 0.036897096782922745,
    "MouthLowerDownRight": 0.0359472818672657,
    "MouthUpperUpLeft": 0.010148737579584122,
    "BrowInnerUp": 0.013261008076369762,
    "BrowOuterUpLeft": 0.011543219909071922,
    "BrowOuterUpRight": 0.01157759316265583
  },
  "packet_size": 314,
  "packet_hex_preview": "060000002464646431326362302d333463612d313166302d383166662d3734353633633437336235330000000847616c6146616365003b92c2fb3d07c8000000"
}