{
  "frame_id": 679,
  "timestamp": "2025-05-19T18:04:40.321255",
  "input_values": [
    0.0,
    0.0,
    0.0,
    0.0,
    0.0,
    0.0,
    0.0,
    0.0,
    0.0,
    0.0,
    0.0,
    0.0,
    0.0,
    0.0,
    0.0017091233748942614,
    0.00018930593796540052,
    0.016105659306049347,
    0.022343236953020096,
    6.911565287737176e-05,
    0.005435543600469828,
    0.001195961725898087,
    0.00010387223301222548,
    0.004534622188657522,
    0.14016956090927124,
    0.11937464028596878,
    -4.4071497541153803e-05,
    6.814025982748717e-05,
    0.02682560682296753,
    0.027815109118819237,
    0.009342965669929981,
    0.013520977459847927,
    0.000591528951190412,
    0.003838495584204793,
    0.00035748715163208544,
    0.0019826071802526712,
    0.006245959550142288,
    0.007467420771718025,
    0.13866475224494934,
    0.1481817662715912,
    0.03457488864660263,
    0.04108739271759987,
    0.7737549543380737,
    0.7735927700996399,
    0.24695244431495667,
    2.6474110200069845e-05,
    2.6306957806809805e-05,
    0.003066855715587735,
    0.05301707610487938,
    0.06804530322551727,
    0.03883757442235947,
    0.049662958830595016,
    0.0
  ],
  "active_shapes": {
    "JawRight": 0.016105659306049347,
    "JawOpen": 0.022343236953020096,
    "MouthSmileLeft": 0.14016956090927124,
    "MouthSmileRight": 0.11937464028596878,
    "MouthDimpleLeft": 0.02682560682296753,
    "MouthDimpleRight": 0.027815109118819237,
    "MouthStretchRight": 0.013520977459847927,
    "MouthLowerDownLeft": 0.13866475224494934,
    "MouthLowerDownRight": 0.1481817662715912,
    "MouthUpperUpLeft": 0.03457488864660263,
    "MouthUpperUpRight": 0.04108739271759987,
    "BrowDownLeft": 0.7737549543380737,
    "BrowDownRight": 0.7735927700996399,
    "BrowInnerUp": 0.24695244431495667,
    "CheekSquintLeft": 0.05301707610487938,
    "CheekSquintRight": 0.06804530322551727,
    "NoseSneerLeft": 0.03883757442235947,
    "NoseSneerRight": 0.049662958830595016
  },
  "packet_size": 314,
  "packet_hex_preview": "060000002464646431326362302d333463612d313166302d383166662d3734353633633437336235330000000847616c6146616365003b9533fb3d07c8000000"
}