{
  "frame_id": 421,
  "timestamp": "2025-05-19T18:04:28.702581",
  "input_values": [
    0.0,
    0.0,
    0.0,
    0.0,
    0.0,
    0.0,
    0.0,
    0.0,
    0.0,
    0.0,
    0.0,
    0.0,
    0.0,
    0.0,
    0.04350171238183975,
    0.00018287256534677,
    0.02860604226589203,
    0.15780280530452728,
    6.522704643430188e-05,
    0.2072608768939972,
    0.007332082837820053,
    0.017094312235713005,
    1.614766188140493e-05,
    0.006521427538245916,
    0.004555965773761272,
    0.0028862275648862123,
    0.0066697741858661175,
    0.01419765967875719,
    0.009856908582150936,
    0.0722716897726059,
    0.06740198284387589,
    0.00026250514201819897,
    0.009087218903005123,
    5.038674862589687e-05,
    0.0003641329240053892,
    -4.678614277509041e-05,
    0.0008735971059650183,
    0.4014779329299927,
    0.39290645718574524,
    0.11516020447015762,
    0.11776801943778992,
    0.00014415547775570303,
    5.123525988892652e-05,
    0.5484904050827026,
    0.3458554148674011,
    0.3461426794528961,
    0.0014812275767326355,
    0.03429584205150604,
    0.03636623173952103,
    -0.0004292147350497544,
    0.0002828834403771907,
    0.0
  ],
  "active_shapes": {
    "JawForward": 0.04350171238183975,
    "JawRight": 0.02860604226589203,
    "JawOpen": 0.15780280530452728,
    "MouthFunnel": 0.2072608768939972,
    "MouthLeft": 0.017094312235713005,
    "MouthDimpleLeft": 0.01419765967875719,
    "MouthStretchLeft": 0.0722716897726059,
    "MouthStretchRight": 0.06740198284387589,
    "MouthLowerDownLeft": 0.4014779329299927,
    "MouthLowerDownRight": 0.39290645718574524,
    "MouthUpperUpLeft": 0.11516020447015762,
    "MouthUpperUpRight": 0.11776801943778992,
    "BrowInnerUp": 0.5484904050827026,
    "BrowOuterUpLeft": 0.3458554148674011,
    "BrowOuterUpRight": 0.3461426794528961,
    "CheekSquintLeft": 0.03429584205150604,
    "CheekSquintRight": 0.03636623173952103
  },
  "packet_size": 314,
  "packet_hex_preview": "060000002464646431326362302d333463612d313166302d383166662d3734353633633437336235330000000847616c6146616365003b927afb3d07c8000000"
}