{
  "frame_id": 696,
  "timestamp": "2025-05-19T18:04:41.478326",
  "input_values": [
    0.0,
    0.0,
    0.0,
    0.0,
    0.0,
    0.0,
    0.0,
    0.0,
    0.0,
    0.0,
    0.0,
    0.0,
    0.0,
    0.0,
    -0.0003134997677989304,
    3.830474815913476e-05,
    0.0018324939301237464,
    0.002061814535409212,
    -3.3590698876651004e-05,
    0.011410974897444248,
    0.019710887223482132,
    -3.7200472434051335e-05,
    0.0013231292832642794,
    0.028411492705345154,
    0.025714803487062454,
    -4.096265911357477e-05,
    -4.9818891056929715e-06,
    0.002841738285496831,
    0.0028143487870693207,
    5.4152087614056654e-06,
    -3.0416471417993307e-05,
    0.00014062780246604234,
    0.00031021589529700577,
    0.017832357436418533,
    0.019546324387192726,
    0.004825555253773928,
    0.00519544119015336,
    0.024027276784181595,
    0.026686619967222214,
    0.028621573001146317,
    0.03128861263394356,
    0.16030214726924896,
    0.16024275124073029,
    0.01295532751828432,
    -5.698153836419806e-05,
    -6.140139885246754e-05,
    0.0009231820586137474,
    0.01494966447353363,
    0.017861556261777878,
    0.05244166776537895,
    0.055044423788785934,
    0.0
  ],
  "active_shapes": {
    "MouthFunnel": 0.011410974897444248,
    "MouthPucker": 0.019710887223482132,
    "MouthSmileLeft": 0.028411492705345154,
    "MouthSmileRight": 0.025714803487062454,
    "MouthShrugLower": 0.017832357436418533,
    "MouthShrugUpper": 0.019546324387192726,
    "MouthLowerDownLeft": 0.024027276784181595,
    "MouthLowerDownRight": 0.026686619967222214,
    "MouthUpperUpLeft": 0.028621573001146317,
    "MouthUpperUpRight": 0.03128861263394356,
    "BrowDownLeft": 0.16030214726924896,
    "BrowDownRight": 0.16024275124073029,
    "BrowInnerUp": 0.01295532751828432,
    "CheekSquintLeft": 0.01494966447353363,
    "CheekSquintRight": 0.017861556261777878,
    "NoseSneerLeft": 0.05244166776537895,
    "NoseSneerRight": 0.055044423788785934
  },
  "packet_size": 314,
  "packet_hex_preview": "060000002464646431326362302d333463612d313166302d383166662d3734353633633437336235330000000847616c6146616365003b9578fb3d07c8000000"
}