{
  "frame_id": 633,
  "timestamp": "2025-05-19T18:04:38.045196",
  "input_values": [
    0.0,
    0.0,
    0.0,
    0.0,
    0.0,
    0.0,
    0.0,
    0.0,
    0.0,
    0.0,
    0.0,
    0.0,
    0.0,
    0.0,
    0.0006595957092940807,
    3.768980968743563e-05,
    0.0021066460758447647,
    9.742993279360235e-05,
    1.7116404649186734e-07,
    -5.156537008588202e-05,
    0.00014308051322586834,
    0.0005379891954362392,
    0.00013968597340863198,
    0.0216691792011261,
    0.019641993567347527,
    1.2475883522711229e-05,
    6.944993629076635e-07,
    0.003647495759651065,
    0.003661111695691943,
    3.689098957693204e-05,
    0.0003534479474183172,
    0.00019940741185564548,
    0.0008486536098644137,
    0.00045669364044442773,
    0.0002788666170090437,
    0.001127721043303609,
    0.0012591680279001594,
    0.0074661350809037685,
    0.007210545241832733,
    0.0006611155695281923,
    0.0007307774503715336,
    0.04884821176528931,
    0.048779215663671494,
    0.0010363796027377248,
    -1.5813566278666258e-05,
    -1.6224890714511275e-05,
    0.0002454832138027996,
    0.007832799106836319,
    0.009504628367722034,
    0.0023821587674319744,
    0.002196055371314287,
    0.0
  ],
  "active_shapes": {
    "MouthSmileLeft": 0.0216691792011261,
    "MouthSmileRight": 0.019641993567347527,
    "BrowDownLeft": 0.04884821176528931,
    "BrowDownRight": 0.048779215663671494
  },
  "packet_size": 314,
  "packet_hex_preview": "060000002464646431326362302d333463612d313166302d383166662d3734353633633437336235330000000847616c6146616365003b94aafb3d07c8000000"
}