{
  "frame_id": 106,
  "timestamp": "2025-05-19T18:04:18.766536",
  "input_values": [
    0.0,
    0.0,
    0.0,
    0.0,
    0.0,
    0.0,
    0.0,
    0.0,
    0.0,
    0.0,
    0.0,
    0.0,
    0.0,
    0.0,
    0.005441911518573761,
    7.895963790360838e-05,
    0.0008505677105858922,
    0.04007166251540184,
    0.02245929464697838,
    0.032206956297159195,
    0.014928104355931282,
    0.004760110750794411,
    0.0028055913280695677,
    0.004003263544291258,
    0.002457895316183567,
    -4.206030644127168e-05,
    -1.4370469216373749e-05,
    0.005927072372287512,
    0.005608993582427502,
    0.019106891006231308,
    0.020400287583470345,
    0.00048640547902323306,
    0.004583290312439203,
    -1.5767589502502233e-05,
    4.6373890654649585e-05,
    0.00013996270718052983,
    0.0003460215521045029,
    0.05046632140874863,
    0.052069246768951416,
    -3.0374616471817717e-05,
    0.00037017857539467514,
    9.790361218620092e-06,
    -1.9013882024410123e-07,
    0.05011703819036484,
    0.034312836825847626,
    0.03433004021644592,
    0.0006482349126599729,
    0.010044999420642853,
    0.013947893865406513,
    0.0005204606568440795,
    0.001925878576003015,
    0.0
  ],
  "active_shapes": {
    "JawOpen": 0.04007166251540184,
    "MouthClose": 0.02245929464697838,
    "MouthFunnel": 0.032206956297159195,
    "MouthPucker": 0.014928104355931282,
    "MouthStretchLeft": 0.019106891006231308,
    "MouthStretchRight": 0.020400287583470345,
    "MouthLowerDownLeft": 0.05046632140874863,
    "MouthLowerDownRight": 0.052069246768951416,
    "BrowInnerUp": 0.05011703819036484,
    "BrowOuterUpLeft": 0.034312836825847626,
    "BrowOuterUpRight": 0.03433004021644592,
    "CheekSquintLeft": 0.010044999420642853,
    "CheekSquintRight": 0.013947893865406513
  },
  "packet_size": 314,
  "packet_hex_preview": "060000002464646431326362302d333463612d313166302d383166662d3734353633633437336235330000000847616c6146616365003b9025fb3d07c8000000"
}