{
  "frame_id": 300,
  "timestamp": "2025-05-19T18:04:25.127817",
  "input_values": [
    0.0,
    0.0,
    0.0,
    0.0,
    0.0,
    0.0,
    0.0,
    0.0,
    0.0,
    0.0,
    0.0,
    0.0,
    0.0,
    0.0,
    0.004322313703596592,
    3.6582328903023154e-05,
    0.000755369255784899,
    0.000980621436610818,
    0.0012692620512098074,
    0.0001496135228080675,
    0.0013049449771642685,
    0.005287425592541695,
    -2.2812362658441998e-05,
    0.00890017207711935,
    0.004177345894277096,
    0.00016585639968980104,
    0.0008890581084415317,
    0.004203024320304394,
    0.0033479209523648024,
    0.015273590572178364,
    0.012663444504141808,
    0.005906545557081699,
    0.0036124002654105425,
    0.00010005497460952029,
    -1.1826194167952053e-05,
    -3.928709702449851e-05,
    0.0001571235916344449,
    0.014206213876605034,
    0.011131132021546364,
    0.00016747148765716702,
    1.349866352029494e-06,
    0.0013701997231692076,
    0.0013257553800940514,
    0.11557839065790176,
    0.07982662320137024,
    0.0799456387758255,
    0.0004651941708289087,
    0.007342305034399033,
    0.00738202640786767,
    -4.1392064304091036e-05,
    -6.615273741772398e-05,
    0.0
  ],
  "active_shapes": {
    "MouthStretchLeft": 0.015273590572178364,
    "MouthStretchRight": 0.012663444504141808,
    "MouthLowerDownLeft": 0.014206213876605034,
    "MouthLowerDownRight": 0.011131132021546364,
    "BrowInnerUp": 0.11557839065790176,
    "BrowOuterUpLeft": 0.07982662320137024,
    "BrowOuterUpRight": 0.0799456387758255
  },
  "packet_size": 314,
  "packet_hex_preview": "060000002464646431326362302d333463612d313166302d383166662d3734353633633437336235330000000847616c6146616365003b91a3fb3d07c8000000"
}