{
  "frame_id": 575,
  "timestamp": "2025-05-19T18:04:34.656216",
  "input_values": [
    0.0,
    0.0,
    0.0,
    0.0,
    0.0,
    0.0,
    0.0,
    0.0,
    0.0,
    0.0,
    0.0,
    0.0,
    0.0,
    0.0,
    0.008756706491112709,
    0.00019086402608081698,
    0.023605450987815857,
    0.10652197897434235,
    0.0002683084167074412,
    0.08811532706022263,
    0.0007152436883188784,
    0.0011010963935405016,
    0.001673033693805337,
    0.0964561477303505,
    0.08826998621225357,
    -2.8125466997153126e-05,
    -4.4634412915911525e-05,
    0.018361616879701614,
    0.019117794930934906,
    0.012636796571314335,
    0.02043728157877922,
    -0.00011789170821430162,
    0.00432369252666831,
    6.345473138935631e-06,
    0.0005273543065413833,
    0.004069306887686253,
    0.004215353634208441,
    0.20728828012943268,
    0.22004908323287964,
    0.06377673149108887,
    0.0716739147901535,
    0.19714118540287018,
    0.19693076610565186,
    0.005949168931692839,
    0.008019635453820229,
    0.00802477914839983,
    -0.00023445110127795488,
    0.04003253951668739,
    0.045893169939517975,
    0.00885615311563015,
    0.009226559661328793,
    0.0
  ],
  "active_shapes": {
    "JawRight": 0.023605450987815857,
    "JawOpen": 0.10652197897434235,
    "MouthFunnel": 0.08811532706022263,
    "MouthSmileLeft": 0.0964561477303505,
    "MouthSmileRight": 0.08826998621225357,
    "MouthDimpleLeft": 0.018361616879701614,
    "MouthDimpleRight": 0.019117794930934906,
    "MouthStretchLeft": 0.012636796571314335,
    "MouthStretchRight": 0.02043728157877922,
    "MouthLowerDownLeft": 0.20728828012943268,
    "MouthLowerDownRight": 0.22004908323287964,
    "MouthUpperUpLeft": 0.06377673149108887,
    "MouthUpperUpRight": 0.0716739147901535,
    "BrowDownLeft": 0.19714118540287018,
    "BrowDownRight": 0.19693076610565186,
    "CheekSquintLeft": 0.04003253951668739,
    "CheekSquintRight": 0.045893169939517975
  },
  "packet_size": 314,
  "packet_hex_preview": "060000002464646431326362302d333463612d313166302d383166662d3734353633633437336235330000000847616c6146616365003b93dffb3d07c8000000"
}