{
  "frame_id": 93,
  "timestamp": "2025-05-19T18:04:18.358063",
  "input_values": [
    0.0,
    0.0,
    0.0,
    0.0,
    0.0,
    0.0,
    0.0,
    0.0,
    0.0,
    0.0,
    0.0,
    0.0,
    0.0,
    0.0,
    0.010127674788236618,
    0.00014888212899677455,
    0.024677366018295288,
    0.10840225219726562,
    0.0002941917337011546,
    0.1513506919145584,
    0.020815851166844368,
    0.0007053328445181251,
    0.00025625614216551185,
    0.11527395248413086,
    0.11423294246196747,
    -4.79367736261338e-05,
    4.4064465328119695e-05,
    0.00745488703250885,
    0.007259936537593603,
    0.0017878342187032104,
    0.0011735516600310802,
    -0.00014127134636510164,
    0.0017767284298315644,
    0.00023420997604262084,
    0.016086140647530556,
    0.0036654784344136715,
    0.004412184469401836,
    0.2439756691455841,
    0.2515658736228943,
    0.1295652687549591,
    0.13494715094566345,
    0.08832673728466034,
    0.0883396714925766,
    0.08513735979795456,
    0.009505708701908588,
    0.009572363458573818,
    -0.0004644562432076782,
    0.0734715536236763,
    0.081424281001091,
    0.059962719678878784,
    0.07163525372743607,
    0.0
  ],
  "active_shapes": {
    "JawForward": 0.010127674788236618,
    "JawRight": 0.024677366018295288,
    "JawOpen": 0.10840225219726562,
    "MouthFunnel": 0.1513506919145584,
    "MouthPucker": 0.020815851166844368,
    "MouthSmileLeft": 0.11527395248413086,
    "MouthSmileRight": 0.11423294246196747,
    "MouthShrugUpper": 0.016086140647530556,
    "MouthLowerDownLeft": 0.2439756691455841,
    "MouthLowerDownRight": 0.2515658736228943,
    "MouthUpperUpLeft": 0.1295652687549591,
    "MouthUpperUpRight": 0.13494715094566345,
    "BrowDownLeft": 0.08832673728466034,
    "BrowDownRight": 0.0883396714925766,
    "BrowInnerUp": 0.08513735979795456,
    "CheekSquintLeft": 0.0734715536236763,
    "CheekSquintRight": 0.081424281001091,
    "NoseSneerLeft": 0.059962719678878784,
    "NoseSneerRight": 0.07163525372743607
  },
  "packet_size": 314,
  "packet_hex_preview": "060000002464646431326362302d333463612d313166302d383166662d3734353633633437336235330000000847616c6146616365003b900dfb3d07c8000000"
}