{
  "frame_id": 349,
  "timestamp": "2025-05-19T18:04:26.454649",
  "input_values": [
    0.0,
    0.0,
    0.0,
    0.0,
    0.0,
    0.0,
    0.0,
    0.0,
    0.0,
    0.0,
    0.0,
    0.0,
    0.0,
    0.0,
    0.0020542119164019823,
    0.00018783505947794765,
    0.022010639309883118,
    0.019313402473926544,
    -0.0002876858052331954,
    0.010137612000107765,
    0.0008502291166223586,
    0.0008377979975193739,
    0.0028565481770783663,
    0.14665578305721283,
    0.10983222723007202,
    -4.117947901249863e-05,
    6.935351120773703e-05,
    0.031445473432540894,
    0.030889419838786125,
    0.024519117549061775,
    0.02204044908285141,
    0.0005552807706408203,
    0.0033494492527097464,
    0.000248695578193292,
    0.006582132074981928,
    0.006416049785912037,
    0.008057305589318275,
    0.1738469898700714,
    0.18256808817386627,
    0.0632469579577446,
    0.06758207082748413,
    0.8061118125915527,
    0.8059475421905518,
    0.3056056797504425,
    1.4972798453527503e-05,
    4.140600503887981e-05,
    0.002888826187700033,
    0.05631189048290253,
    0.0672077164053917,
    0.047666896134614944,
    0.06136086583137512,
    0.0
  ],
  "active_shapes": {
    "JawRight": 0.022010639309883118,
    "JawOpen": 0.019313402473926544,
    "MouthFunnel": 0.010137612000107765,
    "MouthSmileLeft": 0.14665578305721283,
    "MouthSmileRight": 0.10983222723007202,
    "MouthDimpleLeft": 0.031445473432540894,
    "MouthDimpleRight": 0.030889419838786125,
    "MouthStretchLeft": 0.024519117549061775,
    "MouthStretchRight": 0.02204044908285141,
    "MouthLowerDownLeft": 0.1738469898700714,
    "MouthLowerDownRight": 0.18256808817386627,
    "MouthUpperUpLeft": 0.0632469579577446,
    "MouthUpperUpRight": 0.06758207082748413,
    "BrowDownLeft": 0.8061118125915527,
    "BrowDownRight": 0.8059475421905518,
    "BrowInnerUp": 0.3056056797504425,
    "CheekSquintLeft": 0.05631189048290253,
    "CheekSquintRight": 0.0672077164053917,
    "NoseSneerLeft": 0.047666896134614944,
    "NoseSneerRight": 0.06136086583137512
  },
  "packet_size": 314,
  "packet_hex_preview": "060000002464646431326362302d333463612d313166302d383166662d3734353633633437336235330000000847616c6146616365003b91f3fb3d07c8000000"
}