{
  "frame_id": 218,
  "timestamp": "2025-05-19T18:04:22.268055",
  "input_values": [
    0.0,
    0.0,
    0.0,
    0.0,
    0.0,
    0.0,
    0.0,
    0.0,
    0.0,
    0.0,
    0.0,
    0.0,
    0.0,
    0.0,
    0.028043249621987343,
    7.265694148372859e-05,
    0.016623137518763542,
    0.04491480067372322,
    -5.554275048780255e-05,
    0.023720312863588333,
    -4.9109035899164155e-05,
    0.005935233552008867,
    0.0001589199819136411,
    0.08672365546226501,
    0.07855584472417831,
    -1.510787797087687e-06,
    5.8728426665766165e-05,
    0.023985594511032104,
    0.02292485162615776,
    0.047528378665447235,
    0.05064050108194351,
    0.00016719495761208236,
    0.004880103282630444,
    -0.00011271812400082126,
    7.92134233051911e-05,
    -8.945757144829258e-05,
    0.00039755087345838547,
    0.18151737749576569,
    0.18261149525642395,
    0.04839330539107323,
    0.04654350504279137,
    -3.2085477869259194e-05,
    -2.8090833438909613e-05,
    0.2408386468887329,
    0.172403946518898,
    0.1725364774465561,
    -0.00015119774616323411,
    0.027125826105475426,
    0.027947748079895973,
    -0.0001657356770010665,
    0.0002303391956957057,
    0.0
  ],
  "active_shapes": {
    "JawForward": 0.028043249621987343,
    "JawRight": 0.016623137518763542,
    "JawOpen": 0.04491480067372322,
    "MouthFunnel": 0.023720312863588333,
    "MouthSmileLeft": 0.08672365546226501,
    "MouthSmileRight": 0.07855584472417831,
    "MouthDimpleLeft": 0.023985594511032104,
    "MouthDimpleRight": 0.02292485162615776,
    "MouthStretchLeft": 0.047528378665447235,
    "MouthStretchRight": 0.05064050108194351,
    "MouthLowerDownLeft": 0.18151737749576569,
    "MouthLowerDownRight": 0.18261149525642395,
    "MouthUpperUpLeft": 0.04839330539107323,
    "MouthUpperUpRight": 0.04654350504279137,
    "BrowInnerUp": 0.2408386468887329,
    "BrowOuterUpLeft": 0.172403946518898,
    "BrowOuterUpRight": 0.1725364774465561,
    "CheekSquintLeft": 0.027125826105475426,
    "CheekSquintRight": 0.027947748079895973
  },
  "packet_size": 314,
  "packet_hex_preview": "060000002464646431326362302d333463612d313166302d383166662d3734353633633437336235330000000847616c6146616365003b90f8fb3d07c8000000"
}