{
  "frame_id": 345,
  "timestamp": "2025-05-19T18:04:26.420967",
  "input_values": [
    0.0,
    0.0,
    0.0,
    0.0,
    0.0,
    0.0,
    0.0,
    0.0,
    0.0,
    0.0,
    0.0,
    0.0,
    0.0,
    0.0,
    0.001465894398279488,
    0.00015034014359116554,
    0.017617469653487206,
    0.01505274884402752,
    -0.0002234850835520774,
    0.009246109053492546,
    0.000717179209459573,
    0.0006396122043952346,
    0.0027154413983225822,
    0.11773227155208588,
    0.08746955543756485,
    -9.679175491328351e-06,
    5.924433935433626e-05,
    0.024813177064061165,
    0.02441200241446495,
    0.015838973224163055,
    0.014116806909441948,
    0.00047298739082179964,
    0.002607236849144101,
    0.00023481986136175692,
    0.004960545338690281,
    0.0054367887787520885,
    0.006706108804792166,
    0.13678348064422607,
    0.1450590044260025,
    0.05240235850214958,
    0.05609910935163498,
    0.6457959413528442,
    0.6456660628318787,
    0.2380504310131073,
    1.0248273611068726e-05,
    2.0189165297779255e-05,
    0.0022647969890385866,
    0.046093009412288666,
    0.05462270975112915,
    0.04082759469747543,
    0.0517176017165184,
    0.0
  ],
  "active_shapes": {
    "JawRight": 0.017617469653487206,
    "JawOpen": 0.01505274884402752,
    "MouthSmileLeft": 0.11773227155208588,
    "MouthSmileRight": 0.08746955543756485,
    "MouthDimpleLeft": 0.024813177064061165,
    "MouthDimpleRight": 0.02441200241446495,
    "MouthStretchLeft": 0.015838973224163055,
    "MouthStretchRight": 0.014116806909441948,
    "MouthLowerDownLeft": 0.13678348064422607,
    "MouthLowerDownRight": 0.1450590044260025,
    "MouthUpperUpLeft": 0.05240235850214958,
    "MouthUpperUpRight": 0.05609910935163498,
    "BrowDownLeft": 0.6457959413528442,
    "BrowDownRight": 0.6456660628318787,
    "BrowInnerUp": 0.2380504310131073,
    "CheekSquintLeft": 0.046093009412288666,
    "CheekSquintRight": 0.05462270975112915,
    "NoseSneerLeft": 0.04082759469747543,
    "NoseSneerRight": 0.0517176017165184
  },
  "packet_size": 314,
  "packet_hex_preview": "060000002464646431326362302d333463612d313166302d383166662d3734353633633437336235330000000847616c6146616365003b91f1fb3d07c8000000"
}