{
  "frame_id": 125,
  "timestamp": "2025-05-19T18:04:19.307949",
  "input_values": [
    0.0,
    0.0,
    0.0,
    0.0,
    0.0,
    0.0,
    0.0,
    0.0,
    0.0,
    0.0,
    0.0,
    0.0,
    0.0,
    0.0,
    0.010229852981865406,
    0.00018540755263529718,
    0.020489349961280823,
    0.030360672622919083,
    0.000260978820733726,
    0.08642057329416275,
    0.00190601812209934,
    0.007316801697015762,
    0.00046462431782856584,
    0.08837835490703583,
    0.0853349044919014,
    0.00014698821178171784,
    0.00016543082892894745,
    0.008125650696456432,
    0.006453545298427343,
    0.02984504960477352,
    0.027921801432967186,
    0.00035739451413974166,
    0.0013749062782153487,
    0.0060235559940338135,
    0.012542838230729103,
    0.0003320601535961032,
    0.0014436966739594936,
    0.1779000163078308,
    0.17564277350902557,
    0.08096808195114136,
    0.08234146237373352,
    3.789529364439659e-05,
    0.00010357171413488686,
    0.2123394012451172,
    0.11409957706928253,
    0.11427442729473114,
    -0.00010997172648785636,
    0.0312899649143219,
    0.04044376686215401,
    0.0004164351266808808,
    0.008343029767274857,
    0.0
  ],
  "active_shapes": {
    "JawForward": 0.010229852981865406,
    "JawRight": 0.020489349961280823,
    "JawOpen": 0.030360672622919083,
    "MouthFunnel": 0.08642057329416275,
    "MouthSmileLeft": 0.08837835490703583,
    "MouthSmileRight": 0.0853349044919014,
    "MouthStretchLeft": 0.02984504960477352,
    "MouthStretchRight": 0.027921801432967186,
    "MouthShrugUpper": 0.012542838230729103,
    "MouthLowerDownLeft": 0.1779000163078308,
    "MouthLowerDownRight": 0.17564277350902557,
    "MouthUpperUpLeft": 0.08096808195114136,
    "MouthUpperUpRight": 0.08234146237373352,
    "BrowInnerUp": 0.2123394012451172,
    "BrowOuterUpLeft": 0.11409957706928253,
    "BrowOuterUpRight": 0.11427442729473114,
    "CheekSquintLeft": 0.0312899649143219,
    "CheekSquintRight": 0.04044376686215401
  },
  "packet_size": 314,
  "packet_hex_preview": "060000002464646431326362302d333463612d313166302d383166662d3734353633633437336235330000000847616c6146616365003b9046fb3d07c8000000"
}