{
  "frame_id": 211,
  "timestamp": "2025-05-19T18:04:21.821680",
  "input_values": [
    0.0,
    0.0,
    0.0,
    0.0,
    0.0,
    0.0,
    0.0,
    0.0,
    0.0,
    0.0,
    0.0,
    0.0,
    0.0,
    0.0,
    0.01873745024204254,
    0.00027001474518328905,
    0.019180428236722946,
    0.13232389092445374,
    0.01155077014118433,
    0.13821697235107422,
    0.028103213757276535,
    0.00018037449626717716,
    0.01076154038310051,
    0.011908279731869698,
    0.026066413149237633,
    0.00033444841392338276,
    -0.00038602121639996767,
    0.009815993718802929,
    0.010742158629000187,
    0.016893308609724045,
    0.015965379774570465,
    -0.00015107302169781178,
    0.0025313387159258127,
    0.0001899951312225312,
    0.0020324448123574257,
    0.000669238215778023,
    0.0009280784288421273,
    0.14381060004234314,
    0.18363367021083832,
    0.059747081249952316,
    0.0833415761590004,
    0.1440275013446808,
    0.14398184418678284,
    0.0574004203081131,
    0.024310534819960594,
    0.024126600474119186,
    0.0011772540165111423,
    0.027340132743120193,
    0.04452667385339737,
    0.03954347223043442,
    0.048527270555496216,
    0.0
  ],
  "active_shapes": {
    "JawForward": 0.01873745024204254,
    "JawRight": 0.019180428236722946,
    "JawOpen": 0.13232389092445374,
    "MouthClose": 0.01155077014118433,
    "MouthFunnel": 0.13821697235107422,
    "MouthPucker": 0.028103213757276535,
    "MouthRight": 0.01076154038310051,
    "MouthSmileLeft": 0.011908279731869698,
    "MouthSmileRight": 0.026066413149237633,
    "MouthDimpleRight": 0.010742158629000187,
    "MouthStretchLeft": 0.016893308609724045,
    "MouthStretchRight": 0.015965379774570465,
    "MouthLowerDownLeft": 0.14381060004234314,
    "MouthLowerDownRight": 0.18363367021083832,
    "MouthUpperUpLeft": 0.059747081249952316,
    "MouthUpperUpRight": 0.0833415761590004,
    "BrowDownLeft": 0.1440275013446808,
    "BrowDownRight": 0.14398184418678284,
    "BrowInnerUp": 0.0574004203081131,
    "BrowOuterUpLeft": 0.024310534819960594,
    "BrowOuterUpRight": 0.024126600474119186,
    "CheekSquintLeft": 0.027340132743120193,
    "CheekSquintRight": 0.04452667385339737,
    "NoseSneerLeft": 0.03954347223043442,
    "NoseSneerRight": 0.048527270555496216
  },
  "packet_size": 314,
  "packet_hex_preview": "060000002464646431326362302d333463612d313166302d383166662d3734353633633437336235330000000847616c6146616365003b90ddfb3d07c8000000"
}