{
  "frame_id": 375,
  "timestamp": "2025-05-19T18:04:27.266349",
  "input_values": [
    0.0,
    0.0,
    0.0,
    0.0,
    0.0,
    0.0,
    0.0,
    0.0,
    0.0,
    0.0,
    0.0,
    0.0,
    0.0,
    0.0,
    0.019230175763368607,
    0.00018324820848647505,
    0.011358296498656273,
    0.041420113295316696,
    0.004124647006392479,
    0.11713071167469025,
    0.024275345727801323,
    0.02258169837296009,
    8.301110938191414e-05,
    0.0006133725983090699,
    0.00017387047410011292,
    0.00913627352565527,
    0.02247210033237934,
    0.01368526741862297,
    0.009586241096258163,
    0.06582573056221008,
    0.058958750218153,
    0.007874740287661552,
    0.010871409438550472,
    0.0003506552893668413,
    0.00027897159452550113,
    -0.00010322853631805629,
    0.0010226884623989463,
    0.17070402204990387,
    0.1610228717327118,
    0.029920781031250954,
    0.03016178123652935,
    0.00564206950366497,
    0.00536743737757206,
    0.4284530580043793,
    0.2656795382499695,
    0.26609498262405396,
    0.0015626427484676242,
    0.03489579260349274,
    0.04047881066799164,
    -0.0004935787874273956,
    -0.0002493091451469809,
    0.0
  ],
  "active_shapes": {
    "JawForward": 0.019230175763368607,
    "JawRight": 0.011358296498656273,
    "JawOpen": 0.041420113295316696,
    "MouthFunnel": 0.11713071167469025,
    "MouthPucker": 0.024275345727801323,
    "MouthLeft": 0.02258169837296009,
    "MouthFrownRight": 0.02247210033237934,
    "MouthDimpleLeft": 0.01368526741862297,
    "MouthStretchLeft": 0.06582573056221008,
    "MouthStretchRight": 0.058958750218153,
    "MouthRollUpper": 0.010871409438550472,
    "MouthLowerDownLeft": 0.17070402204990387,
    "MouthLowerDownRight": 0.1610228717327118,
    "MouthUpperUpLeft": 0.029920781031250954,
    "MouthUpperUpRight": 0.03016178123652935,
    "BrowInnerUp": 0.4284530580043793,
    "BrowOuterUpLeft": 0.2656795382499695,
    "BrowOuterUpRight": 0.26609498262405396,
    "CheekSquintLeft": 0.03489579260349274,
    "CheekSquintRight": 0.04047881066799164
  },
  "packet_size": 314,
  "packet_hex_preview": "060000002464646431326362302d333463612d313166302d383166662d3734353633633437336235330000000847616c6146616365003b9223fb3d07c8000000"
}