{
  "frame_id": 3,
  "timestamp": "2025-05-19T18:04:15.547280",
  "input_values": [
    0.0,
    0.0,
    0.0,
    0.0,
    0.0,
    0.0,
    0.0,
    0.0,
    0.0,
    0.0,
    0.0,
    0.0,
    0.0,
    0.0,
    0.005098068155348301,
    7.416659354930744e-05,
    0.008806156925857067,
    0.031641729176044464,
    -5.4829044529469684e-05,
    0.06319524347782135,
    0.0012775568757206202,
    0.001176309073343873,
    0.0003964260686188936,
    0.07547850161790848,
    0.07737482339143753,
    -2.5120785721810535e-05,
    -3.210070644854568e-05,
    0.007098451256752014,
    0.007748615927994251,
    0.010522984899580479,
    0.011420601047575474,
    0.00011801732762251049,
    0.0009543094784021378,
    5.6716904509812593e-05,
    0.0008200416341423988,
    0.0015875834506005049,
    0.0018847601022571325,
    0.12539920210838318,
    0.12909932434558868,
    0.07037097215652466,
    0.07387997210025787,
    0.03715638816356659,
    0.03707069531083107,
    0.022766482084989548,
    0.012826478108763695,
    0.012887001037597656,
    -0.00020826731633860618,
    0.03186802938580513,
    0.03314829617738724,
    0.035885151475667953,
    0.03836757317185402,
    0.0
  ],
  "active_shapes": {
    "JawOpen": 0.031641729176044464,
    "MouthFunnel": 0.06319524347782135,
    "MouthSmileLeft": 0.07547850161790848,
    "MouthSmileRight": 0.07737482339143753,
    "MouthStretchLeft": 0.010522984899580479,
    "MouthStretchRight": 0.011420601047575474,
    "MouthLowerDownLeft": 0.12539920210838318,
    "MouthLowerDownRight": 0.12909932434558868,
    "MouthUpperUpLeft": 0.07037097215652466,
    "MouthUpperUpRight": 0.07387997210025787,
    "BrowDownLeft": 0.03715638816356659,
    "BrowDownRight": 0.03707069531083107,
    "BrowInnerUp": 0.022766482084989548,
    "BrowOuterUpLeft": 0.012826478108763695,
    "BrowOuterUpRight": 0.012887001037597656,
    "CheekSquintLeft": 0.03186802938580513,
    "CheekSquintRight": 0.03314829617738724,
    "NoseSneerLeft": 0.035885151475667953,
    "NoseSneerRight": 0.03836757317185402
  },
  "packet_size": 314,
  "packet_hex_preview": "060000002464646431326362302d333463612d313166302d383166662d3734353633633437336235330000000847616c6146616365003b8f64fb3d07c8000000"
}