{
  "frame_id": 84,
  "timestamp": "2025-05-19T18:04:17.976478",
  "input_values": [
    0.0,
    0.0,
    0.0,
    0.0,
    0.0,
    0.0,
    0.0,
    0.0,
    0.0,
    0.0,
    0.0,
    0.0,
    0.0,
    0.0,
    0.012550361454486847,
    0.00018438362167216837,
    0.02908434346318245,
    0.028909487649798393,
    -4.965136758983135e-05,
    0.12767896056175232,
    0.017138993367552757,
    0.009931007400155067,
    -8.669657836435363e-05,
    0.09147705882787704,
    0.08317721635103226,
    0.00015298026846721768,
    0.0002235173451481387,
    0.008332271128892899,
    0.005729225929826498,
    0.01905861683189869,
    0.015547318384051323,
    0.0001235246891155839,
    0.0027871569618582726,
    -2.2995843664830318e-06,
    0.009283428080379963,
    0.0002679716853890568,
    0.001177057158201933,
    0.1629437506198883,
    0.16138043999671936,
    0.10479597747325897,
    0.10519252717494965,
    9.265527478419244e-05,
    1.9977391275460832e-05,
    0.2711440324783325,
    0.19182096421718597,
    0.19204406440258026,
    1.9358656572876498e-05,
    0.030613917857408524,
    0.0347570925951004,
    -0.0008456562645733356,
    0.0016024736687541008,
    0.0
  ],
  "active_shapes": {
    "JawForward": 0.012550361454486847,
    "JawRight": 0.02908434346318245,
    "JawOpen": 0.028909487649798393,
    "MouthFunnel": 0.12767896056175232,
    "MouthPucker": 0.017138993367552757,
    "MouthSmileLeft": 0.09147705882787704,
    "MouthSmileRight": 0.08317721635103226,
    "MouthStretchLeft": 0.01905861683189869,
    "MouthStretchRight": 0.015547318384051323,
    "MouthLowerDownLeft": 0.1629437506198883,
    "MouthLowerDownRight": 0.16138043999671936,
    "MouthUpperUpLeft": 0.10479597747325897,
    "MouthUpperUpRight": 0.10519252717494965,
    "BrowInnerUp": 0.2711440324783325,
    "BrowOuterUpLeft": 0.19182096421718597,
    "BrowOuterUpRight": 0.19204406440258026,
    "CheekSquintLeft": 0.030613917857408524,
    "CheekSquintRight": 0.0347570925951004
  },
  "packet_size": 314,
  "packet_hex_preview": "060000002464646431326362302d333463612d313166302d383166662d3734353633633437336235330000000847616c6146616365003b8ff6fb3d07c8000000"
}