{
  "frame_id": 654,
  "timestamp": "2025-05-19T18:04:39.137196",
  "input_values": [
    0.0,
    0.0,
    0.0,
    0.0,
    0.0,
    0.0,
    0.0,
    0.0,
    0.0,
    0.0,
    0.0,
    0.0,
    0.0,
    0.0,
    0.001306924968957901,
    4.922151128994301e-05,
    0.00260406406596303,
    0.014861171133816242,
    0.0025408598594367504,
    0.01760486327111721,
    0.0019617017824202776,
    1.026990321406629e-05,
    0.0002788658603094518,
    0.004473878536373377,
    0.007176668848842382,
    1.983175206987653e-05,
    -3.445430047577247e-05,
    0.002855708124116063,
    0.0030906680040061474,
    0.005338050425052643,
    0.007338943425565958,
    1.067203629645519e-05,
    0.0009291803580708802,
    5.222015897743404e-05,
    9.535774006508291e-05,
    0.00033059262204915285,
    0.0003732627956196666,
    0.02395908161997795,
    0.027891304343938828,
    0.005089604761451483,
    0.00736404862254858,
    0.049453720450401306,
    0.04941036179661751,
    0.0010084712412208319,
    -9.481141751166433e-05,
    -0.00013237239909358323,
    0.00029153135255910456,
    0.0010026599047705531,
    0.0035208642948418856,
    0.0018410701304674149,
    0.0029197309631854296,
    0.0
  ],
  "active_shapes": {
    "JawOpen": 0.014861171133816242,
    "MouthFunnel": 0.01760486327111721,
    "MouthLowerDownLeft": 0.02395908161997795,
    "MouthLowerDownRight": 0.027891304343938828,
    "BrowDownLeft": 0.049453720450401306,
    "BrowDownRight": 0.04941036179661751
  },
  "packet_size": 314,
  "packet_hex_preview": "060000002464646431326362302d333463612d313166302d383166662d3734353633633437336235330000000847616c6146616365003b94ecfb3d07c8000000"
}