{
  "frame_id": 439,
  "timestamp": "2025-05-19T18:04:29.457103",
  "input_values": [
    0.0,
    0.0,
    0.0,
    0.0,
    0.0,
    0.0,
    0.0,
    0.0,
    0.0,
    0.0,
    0.0,
    0.0,
    0.0,
    0.0,
    0.0018136333674192429,
    7.549270230811089e-05,
    0.010540695860981941,
    0.02066592499613762,
    5.201060503168264e-06,
    0.016664668917655945,
    0.0005873789195902646,
    5.547355249291286e-05,
    0.0011251610703766346,
    0.052117206156253815,
    0.04290991649031639,
    -1.61556490638759e-05,
    1.10492428575526e-05,
    0.012064865790307522,
    0.011803647503256798,
    0.0025842308532446623,
    0.0011877069482579827,
    0.00018002736032940447,
    0.0014535640366375446,
    0.00032432080479338765,
    0.006378883961588144,
    0.0031022028997540474,
    0.003736344398930669,
    0.08136991411447525,
    0.08487530052661896,
    0.03977828472852707,
    0.04321166127920151,
    0.31954333186149597,
    0.31948840618133545,
    0.05564751476049423,
    -5.1024391723331064e-05,
    -6.26111650490202e-05,
    0.0006148063694126904,
    0.026979899033904076,
    0.03263597562909126,
    0.0356045737862587,
    0.041150450706481934,
    0.0
  ],
  "active_shapes": {
    "JawRight": 0.010540695860981941,
    "JawOpen": 0.02066592499613762,
    "MouthFunnel": 0.016664668917655945,
    "MouthSmileLeft": 0.052117206156253815,
    "MouthSmileRight": 0.04290991649031639,
    "MouthDimpleLeft": 0.012064865790307522,
    "MouthDimpleRight": 0.011803647503256798,
    "MouthLowerDownLeft": 0.08136991411447525,
    "MouthLowerDownRight": 0.08487530052661896,
    "MouthUpperUpLeft": 0.03977828472852707,
    "MouthUpperUpRight": 0.04321166127920151,
    "BrowDownLeft": 0.31954333186149597,
    "BrowDownRight": 0.31948840618133545,
    "BrowInnerUp": 0.05564751476049423,
    "CheekSquintLeft": 0.026979899033904076,
    "CheekSquintRight": 0.03263597562909126,
    "NoseSneerLeft": 0.0356045737862587,
    "NoseSneerRight": 0.041150450706481934
  },
  "packet_size": 314,
  "packet_hex_preview": "060000002464646431326362302d333463612d313166302d383166662d3734353633633437336235330000000847616c6146616365003b92a7fb3d07c8000000"
}