{
  "frame_id": 563,
  "timestamp": "2025-05-19T18:04:34.194913",
  "input_values": [
    0.0,
    0.0,
    0.0,
    0.0,
    0.0,
    0.0,
    0.0,
    0.0,
    0.0,
    0.0,
    0.0,
    0.0,
    0.0,
    0.0,
    0.0013458936009556055,
    3.783050487982109e-05,
    0.003439246444031596,
    0.007275629788637161,
    5.328945189830847e-05,
    0.003298230469226837,
    0.00010853799903998151,
    0.000172678119270131,
    0.0002847449795808643,
    0.028070256114006042,
    0.025371968746185303,
    -1.0402405678178184e-05,
    3.5719731386052445e-06,
    0.005020481999963522,
    0.005165583454072475,
    0.0010759156430140138,
    0.002004228997975588,
    5.2794639486819506e-05,
    0.0008186203194782138,
    0.0004886733368039131,
    0.0005629579536616802,
    0.0013195801293477416,
    0.001454376382753253,
    0.030345523729920387,
    0.03126798942685127,
    0.008832147344946861,
    0.008985639549791813,
    0.06954697519540787,
    0.06946934014558792,
    0.0019284154986962676,
    -4.2169551306869835e-05,
    -4.9680260417517275e-05,
    0.00017864811525214463,
    0.010511623695492744,
    0.012465265579521656,
    0.010740137659013271,
    0.010710010305047035,
    0.0
  ],
  "active_shapes": {
    "MouthSmileLeft": 0.028070256114006042,
    "MouthSmileRight": 0.025371968746185303,
    "MouthLowerDownLeft": 0.030345523729920387,
    "MouthLowerDownRight": 0.03126798942685127,
    "BrowDownLeft": 0.06954697519540787,
    "BrowDownRight": 0.06946934014558792,
    "CheekSquintLeft": 0.010511623695492744,
    "CheekSquintRight": 0.012465265579521656,
    "NoseSneerLeft": 0.010740137659013271,
    "NoseSneerRight": 0.010710010305047035
  },
  "packet_size": 314,
  "packet_hex_preview": "060000002464646431326362302d333463612d313166302d383166662d3734353633633437336235330000000847616c6146616365003b93c3fb3d07c8000000"
}