{
  "frame_id": 710,
  "timestamp": "2025-05-19T18:04:42.221009",
  "input_values": [
    0.0,
    0.0,
    0.0,
    0.0,
    0.0,
    0.0,
    0.0,
    0.0,
    0.0,
    0.0,
    0.0,
    0.0,
    0.0,
    0.0,
    0.00010455568553879857,
    3.774368087761104e-05,
    0.0024813199415802956,
    0.0019268312025815248,
    -1.2683888598985504e-05,
    0.0001967122807400301,
    0.003548969980329275,
    8.968985639512539e-05,
    0.0008912597550079226,
    0.024653229862451553,
    0.0195595882833004,
    -1.2192372196295764e-06,
    1.0927484254352748e-05,
    0.005933850072324276,
    0.0058430894277989864,
    0.0015363672282546759,
    0.0006103639607317746,
    0.00013281672727316618,
    0.0006793217035010457,
    0.002639363519847393,
    0.003380869748070836,
    0.0015922703314572573,
    0.0019265608862042427,
    0.01794343814253807,
    0.01959896646440029,
    0.00641319015994668,
    0.0073888227343559265,
    0.15916655957698822,
    0.15913037955760956,
    0.048356298357248306,
    -1.7990565538639203e-05,
    -2.465751822455786e-05,
    0.0007148963632062078,
    0.01096161175519228,
    0.013855360448360443,
    0.00991502683609724,
    0.012899784371256828,
    0.0
  ],
  "active_shapes": {
    "MouthSmileLeft": 0.024653229862451553,
    "MouthSmileRight": 0.0195595882833004,
    "MouthLowerDownLeft": 0.01794343814253807,
    "MouthLowerDownRight": 0.01959896646440029,
    "BrowDownLeft": 0.15916655957698822,
    "BrowDownRight": 0.15913037955760956,
    "BrowInnerUp": 0.048356298357248306,
    "CheekSquintLeft": 0.01096161175519228,
    "CheekSquintRight": 0.013855360448360443,
    "NoseSneerRight": 0.012899784371256828
  },
  "packet_size": 314,
  "packet_hex_preview": "060000002464646431326362302d333463612d313166302d383166662d3734353633633437336235330000000847616c6146616365003b95a5fb3d07c8000000"
}