{
  "frame_id": 392,
  "timestamp": "2025-05-19T18:04:27.729323",
  "input_values": [
    0.0,
    0.0,
    0.0,
    0.0,
    0.0,
    0.0,
    0.0,
    0.0,
    0.0,
    0.0,
    0.0,
    0.0,
    0.0,
    0.0,
    0.09087167680263519,
    0.00018208808614872396,
    0.03078511543571949,
    0.24494169652462006,
    0.00042555498657748103,
    0.24902185797691345,
    -0.00030409469036385417,
    0.009417458437383175,
    -0.00016636130749247968,
    0.07560965418815613,
    0.06946456432342529,
    0.0010687954491004348,
    0.0010499297641217709,
    0.02329879067838192,
    0.019387317821383476,
    0.15577229857444763,
    0.15269826352596283,
    1.1510420335980598e-05,
    0.0076080625876784325,
    -0.00017763856158126146,
    0.0005310450214892626,
    -5.4599790018983185e-05,
    0.0007519060163758695,
    0.5498062372207642,
    0.5479208827018738,
    0.18222960829734802,
    0.1859440803527832,
    1.6023963326006196e-05,
    7.10883759893477e-05,
    0.5996174216270447,
    0.5463212728500366,
    0.5464163422584534,
    6.301138637354597e-05,
    0.06764820218086243,
    0.06830063462257385,
    0.005906920414417982,
    0.00911680981516838,
    0.0
  ],
  "active_shapes": {
    "JawForward": 0.09087167680263519,
    "JawRight": 0.03078511543571949,
    "JawOpen": 0.24494169652462006,
    "MouthFunnel": 0.24902185797691345,
    "MouthSmileLeft": 0.07560965418815613,
    "MouthSmileRight": 0.06946456432342529,
    "MouthDimpleLeft": 0.02329879067838192,
    "MouthDimpleRight": 0.019387317821383476,
    "MouthStretchLeft": 0.15577229857444763,
    "MouthStretchRight": 0.15269826352596283,
    "MouthLowerDownLeft": 0.5498062372207642,
    "MouthLowerDownRight": 0.5479208827018738,
    "MouthUpperUpLeft": 0.18222960829734802,
    "MouthUpperUpRight": 0.1859440803527832,
    "BrowInnerUp": 0.5996174216270447,
    "BrowOuterUpLeft": 0.5463212728500366,
    "BrowOuterUpRight": 0.5464163422584534,
    "CheekSquintLeft": 0.06764820218086243,
    "CheekSquintRight": 0.06830063462257385
  },
  "packet_size": 314,
  "packet_hex_preview": "060000002464646431326362302d333463612d313166302d383166662d3734353633633437336235330000000847616c6146616365003b923ffb3d07c8000000"
}