{
  "frame_id": 467,
  "timestamp": "2025-05-19T18:04:30.312188",
  "input_values": [
    0.0,
    0.0,
    0.0,
    0.0,
    0.0,
    0.0,
    0.0,
    0.0,
    0.0,
    0.0,
    0.0,
    0.0,
    0.0,
    0.0,
    0.011691832914948463,
    7.377307338174433e-05,
    0.008715087547898293,
    0.03762632608413696,
    6.213964661583304e-05,
    0.04276680201292038,
    7.917208131402731e-05,
    0.004186059348285198,
    0.0001426784147042781,
    0.12684333324432373,
    0.12603257596492767,
    -5.674052772519644e-06,
    1.845786209742073e-05,
    0.01292042899876833,
    0.012787568382918835,
    0.017139548435807228,
    0.014110930263996124,
    5.160082218935713e-05,
    0.003425856586545706,
    -8.190370863303542e-05,
    0.0017213992541655898,
    0.0008696825243532658,
    0.0015657361363992095,
    0.16423717141151428,
    0.16111436486244202,
    0.07555844634771347,
    0.07679329812526703,
    0.00534839928150177,
    0.0052438294515013695,
    0.05999115854501724,
    0.0763445496559143,
    0.07640667259693146,
    -8.208293002098799e-05,
    0.06535744667053223,
    0.0720878317952156,
    0.05240244418382645,
    0.060326285660266876,
    0.0
  ],
  "active_shapes": {
    "JawForward": 0.011691832914948463,
    "JawOpen": 0.03762632608413696,
    "MouthFunnel": 0.04276680201292038,
    "MouthSmileLeft": 0.12684333324432373,
    "MouthSmileRight": 0.12603257596492767,
    "MouthDimpleLeft": 0.01292042899876833,
    "MouthDimpleRight": 0.012787568382918835,
    "MouthStretchLeft": 0.017139548435807228,
    "MouthStretchRight": 0.014110930263996124,
    "MouthLowerDownLeft": 0.16423717141151428,
    "MouthLowerDownRight": 0.16111436486244202,
    "MouthUpperUpLeft": 0.07555844634771347,
    "MouthUpperUpRight": 0.07679329812526703,
    "BrowInnerUp": 0.05999115854501724,
    "BrowOuterUpLeft": 0.0763445496559143,
    "BrowOuterUpRight": 0.07640667259693146,
    "CheekSquintLeft": 0.06535744667053223,
    "CheekSquintRight": 0.0720878317952156,
    "NoseSneerLeft": 0.05240244418382645,
    "NoseSneerRight": 0.060326285660266876
  },
  "packet_size": 314,
  "packet_hex_preview": "060000002464646431326362302d333463612d313166302d383166662d3734353633633437336235330000000847616c6146616365003b92dafb3d07c8000000"
}