{
  "frame_id": 705,
  "timestamp": "2025-05-19T18:04:41.882336",
  "input_values": [
    0.0,
    0.0,
    0.0,
    0.0,
    0.0,
    0.0,
    0.0,
    0.0,
    0.0,
    0.0,
    0.0,
    0.0,
    0.0,
    0.0,
    0.0013746182667091489,
    0.00011280486069153994,
    0.014086292125284672,
    0.0256446935236454,
    -3.643948002718389e-05,
    0.025709588080644608,
    0.005616380833089352,
    3.6105884646531194e-06,
    0.005290062166750431,
    0.05660727992653847,
    0.04641028121113777,
    -1.1418951544328593e-05,
    3.638179987319745e-05,
    0.012761576101183891,
    0.012520577758550644,
    0.013482091017067432,
    0.01200579758733511,
    0.00011930582695640624,
    0.001235331641510129,
    0.00028611585730686784,
    0.004938928410410881,
    0.0038754481356590986,
    0.0047418889589607716,
    0.10194306075572968,
    0.10997158288955688,
    0.04409303888678551,
    0.05072757229208946,
    0.48021042346954346,
    0.4801197052001953,
    0.17631176114082336,
    4.6978777390904725e-05,
    1.5204816918412689e-05,
    0.0018525606719776988,
    0.02936299331486225,
    0.03726118430495262,
    0.032175227999687195,
    0.04317590221762657,
    0.0
  ],
  "active_shapes": {
    "JawRight": 0.014086292125284672,
    "JawOpen": 0.0256446935236454,
    "MouthFunnel": 0.025709588080644608,
    "MouthSmileLeft": 0.05660727992653847,
    "MouthSmileRight": 0.04641028121113777,
    "MouthDimpleLeft": 0.012761576101183891,
    "MouthDimpleRight": 0.012520577758550644,
    "MouthStretchLeft": 0.013482091017067432,
    "MouthStretchRight": 0.01200579758733511,
    "MouthLowerDownLeft": 0.10194306075572968,
    "MouthLowerDownRight": 0.10997158288955688,
    "MouthUpperUpLeft": 0.04409303888678551,
    "MouthUpperUpRight": 0.05072757229208946,
    "BrowDownLeft": 0.48021042346954346,
    "BrowDownRight": 0.4801197052001953,
    "BrowInnerUp": 0.17631176114082336,
    "CheekSquintLeft": 0.02936299331486225,
    "CheekSquintRight": 0.03726118430495262,
    "NoseSneerLeft": 0.032175227999687195,
    "NoseSneerRight": 0.04317590221762657
  },
  "packet_size": 314,
  "packet_hex_preview": "060000002464646431326362302d333463612d313166302d383166662d3734353633633437336235330000000847616c6146616365003b9590fb3d07c8000000"
}