{
  "frame_id": 216,
  "timestamp": "2025-05-19T18:04:22.251329",
  "input_values": [
    0.0,
    0.0,
    0.0,
    0.0,
    0.0,
    0.0,
    0.0,
    0.0,
    0.0,
    0.0,
    0.0,
    0.0,
    0.0,
    0.0,
    0.01785636506974697,
    3.637435656855814e-05,
    0.008483625017106533,
    0.03199663758277893,
    -3.210713475709781e-05,
    0.010326732881367207,
    -1.1330630513839424e-05,
    0.0028867817018181086,
    5.05299904034473e-05,
    0.043098315596580505,
    0.03976355493068695,
    7.744705726508982e-06,
    3.3564552722964436e-05,
    0.01407026220113039,
    0.013425094075500965,
    0.028231659904122353,
    0.02937806211411953,
    7.360715244431049e-05,
    0.0025532343424856663,
    -3.198207195964642e-05,
    3.095170177402906e-05,
    -2.994009992107749e-05,
    0.00022958726913202554,
    0.10533962398767471,
    0.10568331182003021,
    0.022707680240273476,
    0.022299936041235924,
    -9.388476428284775e-06,
    -4.633605385606643e-06,
    0.12249193340539932,
    0.0874922126531601,
    0.08754187822341919,
    -4.432483547134325e-05,
    0.012428526766598225,
    0.012826202437281609,
    -4.2210078390780836e-05,
    7.691319478908554e-05,
    0.0
  ],
  "active_shapes": {
    "JawForward": 0.01785636506974697,
    "JawOpen": 0.03199663758277893,
    "MouthFunnel": 0.010326732881367207,
    "MouthSmileLeft": 0.043098315596580505,
    "MouthSmileRight": 0.03976355493068695,
    "MouthDimpleLeft": 0.01407026220113039,
    "MouthDimpleRight": 0.013425094075500965,
    "MouthStretchLeft": 0.028231659904122353,
    "MouthStretchRight": 0.02937806211411953,
    "MouthLowerDownLeft": 0.10533962398767471,
    "MouthLowerDownRight": 0.10568331182003021,
    "MouthUpperUpLeft": 0.022707680240273476,
    "MouthUpperUpRight": 0.022299936041235924,
    "BrowInnerUp": 0.12249193340539932,
    "BrowOuterUpLeft": 0.0874922126531601,
    "BrowOuterUpRight": 0.08754187822341919,
    "CheekSquintLeft": 0.012428526766598225,
    "CheekSquintRight": 0.012826202437281609
  },
  "packet_size": 314,
  "packet_hex_preview": "060000002464646431326362302d333463612d313166302d383166662d3734353633633437336235330000000847616c6146616365003b90f7fb3d07c8000000"
}