{
  "frame_id": 347,
  "timestamp": "2025-05-19T18:04:26.437838",
  "input_values": [
    0.0,
    0.0,
    0.0,
    0.0,
    0.0,
    0.0,
    0.0,
    0.0,
    0.0,
    0.0,
    0.0,
    0.0,
    0.0,
    0.0,
    0.0019543441012501717,
    0.00018790137255564332,
    0.022272102534770966,
    0.01945730485022068,
    -0.00032072377507574856,
    0.013921629637479782,
    0.0008651225361973047,
    0.0007259810226969421,
    0.0030942445155233145,
    0.14540040493011475,
    0.10901747643947601,
    -3.5304845368955284e-05,
    6.263964314712211e-05,
    0.03028525412082672,
    0.029806818813085556,
    0.02146550454199314,
    0.019513608887791634,
    0.0004989489680156112,
    0.0031095563899725676,
    0.00031046505318954587,
    0.0074448478408157825,
    0.0065695177763700485,
    0.008152762427926064,
    0.17196321487426758,
    0.18156905472278595,
    0.06732918322086334,
    0.07204726338386536,
    0.804216206073761,
    0.8040522933006287,
    0.30096349120140076,
    0.00013010155817028135,
    0.00013831719115842134,
    0.002754206769168377,
    0.05722096934914589,
    0.06797633320093155,
    0.04998815432190895,
    0.06309718638658524,
    0.0
  ],
  "active_shapes": {
    "JawRight": 0.022272102534770966,
    "JawOpen": 0.01945730485022068,
    "MouthFunnel": 0.013921629637479782,
    "MouthSmileLeft": 0.14540040493011475,
    "MouthSmileRight": 0.10901747643947601,
    "MouthDimpleLeft": 0.03028525412082672,
    "MouthDimpleRight": 0.029806818813085556,
    "MouthStretchLeft": 0.02146550454199314,
    "MouthStretchRight": 0.019513608887791634,
    "MouthLowerDownLeft": 0.17196321487426758,
    "MouthLowerDownRight": 0.18156905472278595,
    "MouthUpperUpLeft": 0.06732918322086334,
    "MouthUpperUpRight": 0.07204726338386536,
    "BrowDownLeft": 0.804216206073761,
    "BrowDownRight": 0.8040522933006287,
    "BrowInnerUp": 0.30096349120140076,
    "CheekSquintLeft": 0.05722096934914589,
    "CheekSquintRight": 0.06797633320093155,
    "NoseSneerLeft": 0.04998815432190895,
    "NoseSneerRight": 0.06309718638658524
  },
  "packet_size": 314,
  "packet_hex_preview": "060000002464646431326362302d333463612d313166302d383166662d3734353633633437336235330000000847616c6146616365003b91f2fb3d07c8000000"
}