{
  "frame_id": 619,
  "timestamp": "2025-05-19T18:04:37.312333",
  "input_values": [
    0.0,
    0.0,
    0.0,
    0.0,
    0.0,
    0.0,
    0.0,
    0.0,
    0.0,
    0.0,
    0.0,
    0.0,
    0.0,
    0.0,
    0.0017705548088997602,
    3.8097881770227104e-05,
    0.0047056362964212894,
    0.00628268625587225,
    0.0001334169937763363,
    0.00029013468883931637,
    0.0026539196260273457,
    -5.854286428075284e-06,
    0.0011255927383899689,
    0.023074934259057045,
    0.02097344398498535,
    -2.3777131445967825e-06,
    1.283215078728972e-05,
    0.005197164602577686,
    0.005331353284418583,
    0.000435421708971262,
    0.00021489275968633592,
    0.00010863441275432706,
    0.0006362770218402147,
    0.001559366937726736,
    0.0025288115721195936,
    0.0026612591464072466,
    0.002921976149082184,
    0.01784415915608406,
    0.01869339495897293,
    0.005578001495450735,
    0.005892497021704912,
    0.1329909861087799,
    0.13296058773994446,
    0.02092393860220909,
    -5.773089287686162e-05,
    -6.053546167095192e-05,
    0.0005606630584225059,
    0.013371149078011513,
    0.01619863323867321,
    0.016317086294293404,
    0.018150880932807922,
    0.0
  ],
  "active_shapes": {
    "MouthSmileLeft": 0.023074934259057045,
    "MouthSmileRight": 0.02097344398498535,
    "MouthLowerDownLeft": 0.01784415915608406,
    "MouthLowerDownRight": 0.01869339495897293,
    "BrowDownLeft": 0.1329909861087799,
    "BrowDownRight": 0.13296058773994446,
    "BrowInnerUp": 0.02092393860220909,
    "CheekSquintLeft": 0.013371149078011513,
    "CheekSquintRight": 0.01619863323867321,
    "NoseSneerLeft": 0.016317086294293404,
    "NoseSneerRight": 0.018150880932807922
  },
  "packet_size": 314,
  "packet_hex_preview": "060000002464646431326362302d333463612d313166302d383166662d3734353633633437336235330000000847616c6146616365003b947efb3d07c8000000"
}