{
  "frame_id": 471,
  "timestamp": "2025-05-19T18:04:30.345975",
  "input_values": [
    0.0,
    0.0,
    0.0,
    0.0,
    0.0,
    0.0,
    0.0,
    0.0,
    0.0,
    0.0,
    0.0,
    0.0,
    0.0,
    0.0,
    0.03106926754117012,
    0.00014725621440447867,
    0.022441033273935318,
    0.12880226969718933,
    0.0001774329284671694,
    0.11034701019525528,
    0.00013545501860789955,
    0.007878575474023819,
    0.0012859741691499949,
    0.20392067730426788,
    0.2097073495388031,
    -8.198056457331404e-05,
    4.581064422382042e-05,
    0.02281682938337326,
    0.022043969482183456,
    0.042117953300476074,
    0.03452621400356293,
    -1.0907500609391718e-06,
    0.005115555599331856,
    -0.00021359827951528132,
    0.0017459047958254814,
    0.001399194705300033,
    0.0026703181210905313,
    0.39645737409591675,
    0.387999951839447,
    0.152669295668602,
    0.16013683378696442,
    0.0062223454006016254,
    0.006065354682505131,
    0.1630752980709076,
    0.19027502834796906,
    0.1903773844242096,
    -0.00022690751939080656,
    0.10560116916894913,
    0.11623672395944595,
    0.07066589593887329,
    0.08738695085048676,
    0.0
  ],
  "active_shapes": {
    "JawForward": 0.03106926754117012,
    "JawRight": 0.022441033273935318,
    "JawOpen": 0.12880226969718933,
    "MouthFunnel": 0.11034701019525528,
    "MouthSmileLeft": 0.20392067730426788,
    "MouthSmileRight": 0.2097073495388031,
    "MouthDimpleLeft": 0.02281682938337326,
    "MouthDimpleRight": 0.022043969482183456,
    "MouthStretchLeft": 0.042117953300476074,
    "MouthStretchRight": 0.03452621400356293,
    "MouthLowerDownLeft": 0.39645737409591675,
    "MouthLowerDownRight": 0.387999951839447,
    "MouthUpperUpLeft": 0.152669295668602,
    "MouthUpperUpRight": 0.16013683378696442,
    "BrowInnerUp": 0.1630752980709076,
    "BrowOuterUpLeft": 0.19027502834796906,
    "BrowOuterUpRight": 0.1903773844242096,
    "CheekSquintLeft": 0.10560116916894913,
    "CheekSquintRight": 0.11623672395944595,
    "NoseSneerLeft": 0.07066589593887329,
    "NoseSneerRight": 0.08738695085048676
  },
  "packet_size": 314,
  "packet_hex_preview": "060000002464646431326362302d333463612d313166302d383166662d3734353633633437336235330000000847616c6146616365003b92dcfb3d07c8000000"
}