{
  "frame_id": 157,
  "timestamp": "2025-05-19T18:04:20.451411",
  "input_values": [
    0.0,
    0.0,
    0.0,
    0.0,
    0.0,
    0.0,
    0.0,
    0.0,
    0.0,
    0.0,
    0.0,
    0.0,
    0.0,
    0.0,
    0.00034658078220672905,
    3.7516398151637986e-05,
    0.002278767991811037,
    0.005740129854530096,
    0.0001262237929040566,
    0.01336850505322218,
    0.020830562338232994,
    0.0003699638764373958,
    9.004573803395033e-05,
    0.012607352808117867,
    0.008739246055483818,
    -6.7121627580490895e-06,
    2.822388705681078e-05,
    0.001467677066102624,
    0.00134648522362113,
    -4.817961962544359e-05,
    0.00011711074330378324,
    1.2049202268826775e-05,
    0.0008606537012383342,
    6.463801400968805e-05,
    7.431789708789438e-05,
    0.0014353556325659156,
    0.0014107918832451105,
    0.013285240158438683,
    0.013356966897845268,
    0.0036664395593106747,
    0.003342983778566122,
    0.024005725979804993,
    0.023940889164805412,
    0.003338978160172701,
    1.0083697816298809e-05,
    7.2128473220800515e-06,
    0.0004943216335959733,
    0.007994641549885273,
    0.007246966008096933,
    0.003976935986429453,
    0.0014938998501747847,
    0.0
  ],
  "active_shapes": {
    "MouthFunnel": 0.01336850505322218,
    "MouthPucker": 0.020830562338232994,
    "MouthSmileLeft": 0.012607352808117867,
    "MouthLowerDownLeft": 0.013285240158438683,
    "MouthLowerDownRight": 0.013356966897845268,
    "BrowDownLeft": 0.024005725979804993,
    "BrowDownRight": 0.023940889164805412
  },
  "packet_size": 314,
  "packet_hex_preview": "060000002464646431326362302d333463612d313166302d383166662d3734353633633437336235330000000847616c6146616365003b908bfb3d07c8000000"
}