{
  "frame_id": 146,
  "timestamp": "2025-05-19T18:04:20.041583",
  "input_values": [
    0.0,
    0.0,
    0.0,
    0.0,
    0.0,
    0.0,
    0.0,
    0.0,
    0.0,
    0.0,
    0.0,
    0.0,
    0.0,
    0.0,
    0.006684507243335247,
    3.7352980143623427e-05,
    0.0004883359069935977,
    0.013561807572841644,
    0.016771528869867325,
    7.226089655887336e-05,
    0.00012770769535563886,
    0.0012158059980720282,
    -1.1415924745961092e-05,
    0.015249714255332947,
    0.015674222260713577,
    1.8841779819922522e-05,
    2.4448498152196407e-05,
    0.00701490044593811,
    0.007017758674919605,
    0.019971225410699844,
    0.01728794351220131,
    0.01173383742570877,
    0.006060904823243618,
    3.2759300665929914e-05,
    -0.00010365751950303093,
    0.000250163022428751,
    0.0004023112414870411,
    0.02129325456917286,
    0.020568806678056717,
    -5.515090742846951e-05,
    -3.62002247129567e-05,
    -1.4112293911239249e-06,
    2.511799266358139e-06,
    0.07057374715805054,
    0.04690796136856079,
    0.046956468373537064,
    0.00035899836802855134,
    0.014377126470208168,
    0.016026075929403305,
    2.203657459176611e-05,
    2.0187683276162716e-06,
    0.0
  ],
  "active_shapes": {
    "JawOpen": 0.013561807572841644,
    "MouthClose": 0.016771528869867325,
    "MouthSmileLeft": 0.015249714255332947,
    "MouthSmileRight": 0.015674222260713577,
    "MouthStretchLeft": 0.019971225410699844,
    "MouthStretchRight": 0.01728794351220131,
    "MouthRollLower": 0.01173383742570877,
    "MouthLowerDownLeft": 0.02129325456917286,
    "MouthLowerDownRight": 0.020568806678056717,
    "BrowInnerUp": 0.07057374715805054,
    "BrowOuterUpLeft": 0.04690796136856079,
    "BrowOuterUpRight": 0.046956468373537064,
    "CheekSquintLeft": 0.014377126470208168,
    "CheekSquintRight": 0.016026075929403305
  },
  "packet_size": 314,
  "packet_hex_preview": "060000002464646431326362302d333463612d313166302d383166662d3734353633633437336235330000000847616c6146616365003b9072fb3d07c8000000"
}