{
  "frame_id": 416,
  "timestamp": "2025-05-19T18:04:28.651890",
  "input_values": [
    0.0,
    0.0,
    0.0,
    0.0,
    0.0,
    0.0,
    0.0,
    0.0,
    0.0,
    0.0,
    0.0,
    0.0,
    0.0,
    0.0,
    0.010339589789509773,
    0.00010977897181874141,
    0.007926572114229202,
    0.02428249455988407,
    0.013542975299060345,
    0.059760741889476776,
    0.051311179995536804,
    0.011195357888936996,
    -8.151121164701181e-07,
    0.005641984287649393,
    0.0015408704057335854,
    0.003876660717651248,
    0.009495800361037254,
    0.005219336599111557,
    0.002974017057567835,
    0.022031160071492195,
    0.017917616292834282,
    0.004716683179140091,
    0.006054961122572422,
    0.00011385510151740164,
    0.00015064634499140084,
    -5.241031976765953e-05,
    0.0005045387661084533,
    0.08136411011219025,
    0.07629600912332535,
    0.01304999552667141,
    0.014182714745402336,
    4.440370321390219e-05,
    -1.24645830510417e-05,
    0.31567761301994324,
    0.1986977905035019,
    0.1989545375108719,
    0.0016113222809508443,
    0.01895901933312416,
    0.020556535571813583,
    -0.0004145342390984297,
    -6.0429574659792706e-05,
    0.0
  ],
  "active_shapes": {
    "JawForward": 0.010339589789509773,
    "JawOpen": 0.02428249455988407,
    "MouthClose": 0.013542975299060345,
    "MouthFunnel": 0.059760741889476776,
    "MouthPucker": 0.051311179995536804,
    "MouthLeft": 0.011195357888936996,
    "MouthStretchLeft": 0.022031160071492195,
    "MouthStretchRight": 0.017917616292834282,
    "MouthLowerDownLeft": 0.08136411011219025,
    "MouthLowerDownRight": 0.07629600912332535,
    "MouthUpperUpLeft": 0.01304999552667141,
    "MouthUpperUpRight": 0.014182714745402336,
    "BrowInnerUp": 0.31567761301994324,
    "BrowOuterUpLeft": 0.1986977905035019,
    "BrowOuterUpRight": 0.1989545375108719,
    "CheekSquintLeft": 0.01895901933312416,
    "CheekSquintRight": 0.020556535571813583
  },
  "packet_size": 314,
  "packet_hex_preview": "060000002464646431326362302d333463612d313166302d383166662d3734353633633437336235330000000847616c6146616365003b9277fb3d07c8000000"
}