{
  "frame_id": 718,
  "timestamp": "2025-05-19T18:04:42.616994",
  "input_values": [
    0.0,
    0.0,
    0.0,
    0.0,
    0.0,
    0.0,
    0.0,
    0.0,
    0.0,
    0.0,
    0.0,
    0.0,
    0.0,
    0.0,
    0.0007507689879275858,
    7.577405631309375e-05,
    0.00926852785050869,
    0.01779123768210411,
    -3.390077836229466e-05,
    0.022239888086915016,
    0.0023151240311563015,
    5.7720764743862674e-05,
    0.0007217251695692539,
    0.05112117528915405,
    0.04088517650961876,
    -6.963063242437784e-06,
    3.071734317927621e-05,
    0.008048576302826405,
    0.007871181704103947,
    0.00017322493658866733,
    0.00023202232841867954,
    7.217443635454401e-05,
    0.0010545295663177967,
    0.00023026559210848063,
    0.004123471211642027,
    0.0034794441889971495,
    0.003846939653158188,
    0.08348537981510162,
    0.0889536663889885,
    0.03947117552161217,
    0.04230724275112152,
    0.2909074127674103,
    0.2908119261264801,
    0.04827631264925003,
    9.01179009815678e-06,
    5.006194214729476e-07,
    0.0007321110460907221,
    0.021334398537874222,
    0.02420823834836483,
    0.03609428182244301,
    0.0379265621304512,
    0.0
  ],
  "active_shapes": {
    "JawOpen": 0.01779123768210411,
    "MouthFunnel": 0.022239888086915016,
    "MouthSmileLeft": 0.05112117528915405,
    "MouthSmileRight": 0.04088517650961876,
    "MouthLowerDownLeft": 0.08348537981510162,
    "MouthLowerDownRight": 0.0889536663889885,
    "MouthUpperUpLeft": 0.03947117552161217,
    "MouthUpperUpRight": 0.04230724275112152,
    "BrowDownLeft": 0.2909074127674103,
    "BrowDownRight": 0.2908119261264801,
    "BrowInnerUp": 0.04827631264925003,
    "CheekSquintLeft": 0.021334398537874222,
    "CheekSquintRight": 0.02420823834836483,
    "NoseSneerLeft": 0.03609428182244301,
    "NoseSneerRight": 0.0379265621304512
  },
  "packet_size": 314,
  "packet_hex_preview": "060000002464646431326362302d333463612d313166302d383166662d3734353633633437336235330000000847616c6146616365003b95bdfb3d07c8000000"
}