{
  "frame_id": 150,
  "timestamp": "2025-05-19T18:04:20.075136",
  "input_values": [
    0.0,
    0.0,
    0.0,
    0.0,
    0.0,
    0.0,
    0.0,
    0.0,
    0.0,
    0.0,
    0.0,
    0.0,
    0.0,
    0.0,
    0.016349198296666145,
    0.00011160225403727964,
    0.0013793157413601875,
    0.059656545519828796,
    0.05578829348087311,
    0.029446031898260117,
    0.0007947641424834728,
    0.0034889481030404568,
    -2.797024353640154e-05,
    0.027856934815645218,
    0.03112107142806053,
    6.271265738178045e-05,
    5.839701043441892e-05,
    0.01894300803542137,
    0.01892164722084999,
    0.06455369293689728,
    0.060124848037958145,
    0.012916240841150284,
    0.017105059698224068,
    2.3587144823977724e-05,
    -0.00022567044652532786,
    0.0004616396618075669,
    0.0008393483585678041,
    0.08218735456466675,
    0.08230771124362946,
    -0.0003866527113132179,
    -0.00011890930181834847,
    0.002869304269552231,
    0.0028535067103803158,
    0.22892263531684875,
    0.15813356637954712,
    0.1582457721233368,
    0.0008474791538901627,
    0.03681115806102753,
    0.040406253188848495,
    -6.255559583223658e-06,
    3.396200554561801e-05,
    0.0
  ],
  "active_shapes": {
    "JawForward": 0.016349198296666145,
    "JawOpen": 0.059656545519828796,
    "MouthClose": 0.05578829348087311,
    "MouthFunnel": 0.029446031898260117,
    "MouthSmileLeft": 0.027856934815645218,
    "MouthSmileRight": 0.03112107142806053,
    "MouthDimpleLeft": 0.01894300803542137,
    "MouthDimpleRight": 0.01892164722084999,
    "MouthStretchLeft": 0.06455369293689728,
    "MouthStretchRight": 0.060124848037958145,
    "MouthRollLower": 0.012916240841150284,
    "MouthRollUpper": 0.017105059698224068,
    "MouthLowerDownLeft": 0.08218735456466675,
    "MouthLowerDownRight": 0.08230771124362946,
    "BrowInnerUp": 0.22892263531684875,
    "BrowOuterUpLeft": 0.15813356637954712,
    "BrowOuterUpRight": 0.1582457721233368,
    "CheekSquintLeft": 0.03681115806102753,
    "CheekSquintRight": 0.040406253188848495
  },
  "packet_size": 314,
  "packet_hex_preview": "060000002464646431326362302d333463612d313166302d383166662d3734353633633437336235330000000847616c6146616365003b9074fb3d07c8000000"
}