{
  "frame_id": 224,
  "timestamp": "2025-05-19T18:04:22.318657",
  "input_values": [
    0.0,
    0.0,
    0.0,
    0.0,
    0.0,
    0.0,
    0.0,
    0.0,
    0.0,
    0.0,
    0.0,
    0.0,
    0.0,
    0.0,
    0.04971412569284439,
    0.00018151752010453492,
    0.04103494808077812,
    0.08086449652910233,
    -0.00017982076678890735,
    0.07157424092292786,
    -1.5164725937211188e-06,
    0.015075195580720901,
    0.0010880067711696029,
    0.21823632717132568,
    0.1954510360956192,
    -2.25585881707957e-06,
    0.00010093025775859132,
    0.04608515277504921,
    0.04357963427901268,
    0.10195361077785492,
    0.11036662757396698,
    0.0004521623195614666,
    0.01003855001181364,
    -0.0003175259043928236,
    0.00033555072150193155,
    -0.0002835468330886215,
    0.0007945926627144217,
    0.3816708028316498,
    0.3838212192058563,
    0.1304873675107956,
    0.12395921349525452,
    5.767196398664964e-06,
    -2.2624433768214658e-05,
    0.566042423248291,
    0.4141584634780884,
    0.4145585298538208,
    -0.00040556100429967046,
    0.07969659566879272,
    0.08167538791894913,
    -0.0006477223359979689,
    0.001058301073499024,
    0.0
  ],
  "active_shapes": {
    "JawForward": 0.04971412569284439,
    "JawRight": 0.04103494808077812,
    "JawOpen": 0.08086449652910233,
    "MouthFunnel": 0.07157424092292786,
    "MouthLeft": 0.015075195580720901,
    "MouthSmileLeft": 0.21823632717132568,
    "MouthSmileRight": 0.1954510360956192,
    "MouthDimpleLeft": 0.04608515277504921,
    "MouthDimpleRight": 0.04357963427901268,
    "MouthStretchLeft": 0.10195361077785492,
    "MouthStretchRight": 0.11036662757396698,
    "MouthRollUpper": 0.01003855001181364,
    "MouthLowerDownLeft": 0.3816708028316498,
    "MouthLowerDownRight": 0.3838212192058563,
    "MouthUpperUpLeft": 0.1304873675107956,
    "MouthUpperUpRight": 0.12395921349525452,
    "BrowInnerUp": 0.566042423248291,
    "BrowOuterUpLeft": 0.4141584634780884,
    "BrowOuterUpRight": 0.4145585298538208,
    "CheekSquintLeft": 0.07969659566879272,
    "CheekSquintRight": 0.08167538791894913
  },
  "packet_size": 314,
  "packet_hex_preview": "060000002464646431326362302d333463612d313166302d383166662d3734353633633437336235330000000847616c6146616365003b90fbfb3d07c8000000"
}