{
  "frame_id": 501,
  "timestamp": "2025-05-19T18:04:31.330122",
  "input_values": [
    0.0,
    0.0,
    0.0,
    0.0,
    0.0,
    0.0,
    0.0,
    0.0,
    0.0,
    0.0,
    0.0,
    0.0,
    0.0,
    0.0,
    0.003738222410902381,
    0.00011813772289315239,
    0.009490369819104671,
    0.019878994673490524,
    0.01815294846892357,
    0.008042430505156517,
    0.02261444553732872,
    0.0005813513998873532,
    0.0029971152544021606,
    0.02918187342584133,
    0.030394189059734344,
    -5.10097888763994e-05,
    -5.867104482604191e-05,
    0.009985667653381824,
    0.010274466127157211,
    0.0026536639779806137,
    0.004038859158754349,
    0.0002564386813901365,
    0.003932504449039698,
    0.00015062809688970447,
    0.00027540267910808325,
    0.0023623949382454157,
    0.00245388294570148,
    0.027964888140559196,
    0.03217886760830879,
    0.000479385897051543,
    0.002716643502935767,
    0.11019012331962585,
    0.11004313081502914,
    0.002680510049685836,
    -6.10750157647999e-06,
    -1.2680143299803603e-05,
    0.00032246403861790895,
    0.027578985318541527,
    0.030902758240699768,
    0.016016973182559013,
    0.01279311440885067,
    0.0
  ],
  "active_shapes": {
    "JawOpen": 0.019878994673490524,
    "MouthClose": 0.01815294846892357,
    "MouthPucker": 0.02261444553732872,
    "MouthSmileLeft": 0.02918187342584133,
    "MouthSmileRight": 0.030394189059734344,
    "MouthDimpleRight": 0.010274466127157211,
    "MouthLowerDownLeft": 0.027964888140559196,
    "MouthLowerDownRight": 0.03217886760830879,
    "BrowDownLeft": 0.11019012331962585,
    "BrowDownRight": 0.11004313081502914,
    "CheekSquintLeft": 0.027578985318541527,
    "CheekSquintRight": 0.030902758240699768,
    "NoseSneerLeft": 0.016016973182559013,
    "NoseSneerRight": 0.01279311440885067
  },
  "packet_size": 314,
  "packet_hex_preview": "060000002464646431326362302d333463612d313166302d383166662d3734353633633437336235330000000847616c6146616365003b9317fb3d07c8000000"
}