{
  "frame_id": 587,
  "timestamp": "2025-05-19T18:04:35.349447",
  "input_values": [
    0.0,
    0.0,
    0.0,
    0.0,
    0.0,
    0.0,
    0.0,
    0.0,
    0.0,
    0.0,
    0.0,
    0.0,
    0.0,
    0.0,
    0.005009196233004332,
    0.000150798266986385,
    0.02839989960193634,
    0.08786262571811676,
    -0.00010562381066847593,
    0.059101104736328125,
    0.0007055257447063923,
    -0.00011959460243815556,
    0.00888582319021225,
    0.1087258905172348,
    0.0903380736708641,
    2.0954750652890652e-05,
    -2.2464357698481763e-06,
    0.017787184566259384,
    0.017327267676591873,
    0.017070142552256584,
    0.01945110782980919,
    -1.2529120795079507e-05,
    0.0011006721761077642,
    0.0004928712733089924,
    0.018107658252120018,
    0.007906803861260414,
    0.009055872447788715,
    0.22626321017742157,
    0.2443336695432663,
    0.11585421860218048,
    0.12901337444782257,
    0.665332019329071,
    0.6652756929397583,
    0.13742323219776154,
    -4.230871854815632e-05,
    -0.0001039782800944522,
    0.0009161263005807996,
    0.04753423482179642,
    0.05975951999425888,
    0.10243995487689972,
    0.12276623398065567,
    0.0
  ],
  "active_shapes": {
    "JawRight": 0.02839989960193634,
    "JawOpen": 0.08786262571811676,
    "MouthFunnel": 0.059101104736328125,
    "MouthSmileLeft": 0.1087258905172348,
    "MouthSmileRight": 0.0903380736708641,
    "MouthDimpleLeft": 0.017787184566259384,
    "MouthDimpleRight": 0.017327267676591873,
    "MouthStretchLeft": 0.017070142552256584,
    "MouthStretchRight": 0.01945110782980919,
    "MouthShrugUpper": 0.018107658252120018,
    "MouthLowerDownLeft": 0.22626321017742157,
    "MouthLowerDownRight": 0.2443336695432663,
    "MouthUpperUpLeft": 0.11585421860218048,
    "MouthUpperUpRight": 0.12901337444782257,
    "BrowDownLeft": 0.665332019329071,
    "BrowDownRight": 0.6652756929397583,
    "BrowInnerUp": 0.13742323219776154,
    "CheekSquintLeft": 0.04753423482179642,
    "CheekSquintRight": 0.05975951999425888,
    "NoseSneerLeft": 0.10243995487689972,
    "NoseSneerRight": 0.12276623398065567
  },
  "packet_size": 314,
  "packet_hex_preview": "060000002464646431326362302d333463612d313166302d383166662d3734353633633437336235330000000847616c6146616365003b9408fb3d07c8000000"
}