{
  "frame_id": 290,
  "timestamp": "2025-05-19T18:04:24.668756",
  "input_values": [
    0.0,
    0.0,
    0.0,
    0.0,
    0.0,
    0.0,
    0.0,
    0.0,
    0.0,
    0.0,
    0.0,
    0.0,
    0.0,
    0.0,
    0.008475864306092262,
    0.00018810875189956278,
    0.01936611905694008,
    0.06200677901506424,
    0.028282232582569122,
    0.09798236936330795,
    0.023866187781095505,
    0.005313060246407986,
    0.0009115378488786519,
    0.00107506662607193,
    0.012148902751505375,
    -2.2856416762806475e-05,
    0.0001258158008567989,
    0.01331673189997673,
    0.012234334833920002,
    0.0560116320848465,
    0.05904790759086609,
    -1.8599312170408666e-05,
    0.004354929085820913,
    6.160996690596221e-06,
    9.757858060766011e-05,
    0.0007453581201843917,
    0.0012602631468325853,
    0.11204001307487488,
    0.11270657181739807,
    0.018795786425471306,
    0.02070816606283188,
    0.016176758334040642,
    0.015928220003843307,
    0.04285832867026329,
    0.018513042479753494,
    0.018484435975551605,
    0.00028967123944312334,
    0.019950827583670616,
    0.02399567887187004,
    -0.00020227659842930734,
    0.0011311069829389453,
    0.0
  ],
  "active_shapes": {
    "JawRight": 0.01936611905694008,
    "JawOpen": 0.06200677901506424,
    "MouthClose": 0.028282232582569122,
    "MouthFunnel": 0.09798236936330795,
    "MouthPucker": 0.023866187781095505,
    "MouthSmileRight": 0.012148902751505375,
    "MouthDimpleLeft": 0.01331673189997673,
    "MouthDimpleRight": 0.012234334833920002,
    "MouthStretchLeft": 0.0560116320848465,
    "MouthStretchRight": 0.05904790759086609,
    "MouthLowerDownLeft": 0.11204001307487488,
    "MouthLowerDownRight": 0.11270657181739807,
    "MouthUpperUpLeft": 0.018795786425471306,
    "MouthUpperUpRight": 0.02070816606283188,
    "BrowDownLeft": 0.016176758334040642,
    "BrowDownRight": 0.015928220003843307,
    "BrowInnerUp": 0.04285832867026329,
    "BrowOuterUpLeft": 0.018513042479753494,
    "BrowOuterUpRight": 0.018484435975551605,
    "CheekSquintLeft": 0.019950827583670616,
    "CheekSquintRight": 0.02399567887187004
  },
  "packet_size": 314,
  "packet_hex_preview": "060000002464646431326362302d333463612d313166302d383166662d3734353633633437336235330000000847616c6146616365003b9188fb3d07c8000000"
}