{
  "frame_id": 225,
  "timestamp": "2025-05-19T18:04:22.338745",
  "input_values": [
    0.0,
    0.0,
    0.0,
    0.0,
    0.0,
    0.0,
    0.0,
    0.0,
    0.0,
    0.0,
    0.0,
    0.0,
    0.0,
    0.0,
    0.049786072224378586,
    0.00018148960953112692,
    0.04129396378993988,
    0.08192122727632523,
    -0.00022097300097811967,
    0.0700816661119461,
    -5.8580768381943926e-05,
    0.014686320908367634,
    0.0007724681636318564,
    0.22252647578716278,
    0.19814462959766388,
    -1.386267103953287e-05,
    0.00010181896504946053,
    0.04388255625963211,
    0.0414380319416523,
    0.09913726896047592,
    0.10790172219276428,
    0.0003583767975214869,
    0.009093214757740498,
    -0.0003149265539832413,
    0.00037239131052047014,
    -0.0002868030860554427,
    0.0007410102989524603,
    0.40098515152931213,
    0.4031490385532379,
    0.1322280913591385,
    0.12478843331336975,
    0.00013374551781453192,
    0.00010302454029442742,
    0.5660778880119324,
    0.4150824248790741,
    0.4154514670372009,
    -0.00032496947096660733,
    0.0821976289153099,
    0.08385837823152542,
    -0.0006486867205239832,
    0.0010245327139273286,
    0.0
  ],
  "active_shapes": {
    "JawForward": 0.049786072224378586,
    "JawRight": 0.04129396378993988,
    "JawOpen": 0.08192122727632523,
    "MouthFunnel": 0.0700816661119461,
    "MouthLeft": 0.014686320908367634,
    "MouthSmileLeft": 0.22252647578716278,
    "MouthSmileRight": 0.19814462959766388,
    "MouthDimpleLeft": 0.04388255625963211,
    "MouthDimpleRight": 0.0414380319416523,
    "MouthStretchLeft": 0.09913726896047592,
    "MouthStretchRight": 0.10790172219276428,
    "MouthLowerDownLeft": 0.40098515152931213,
    "MouthLowerDownRight": 0.4031490385532379,
    "MouthUpperUpLeft": 0.1322280913591385,
    "MouthUpperUpRight": 0.12478843331336975,
    "BrowInnerUp": 0.5660778880119324,
    "BrowOuterUpLeft": 0.4150824248790741,
    "BrowOuterUpRight": 0.4154514670372009,
    "CheekSquintLeft": 0.0821976289153099,
    "CheekSquintRight": 0.08385837823152542
  },
  "packet_size": 314,
  "packet_hex_preview": "060000002464646431326362302d333463612d313166302d383166662d3734353633633437336235330000000847616c6146616365003b90fcfb3d07c8000000"
}