{
  "frame_id": 220,
  "timestamp": "2025-05-19T18:04:22.284887",
  "input_values": [
    0.0,
    0.0,
    0.0,
    0.0,
    0.0,
    0.0,
    0.0,
    0.0,
    0.0,
    0.0,
    0.0,
    0.0,
    0.0,
    0.0,
    0.03698870539665222,
    0.0001089258148567751,
    0.024737108498811722,
    0.05791919678449631,
    -9.250516450265422e-05,
    0.0383387953042984,
    -3.94099552067928e-05,
    0.009030638262629509,
    0.0003919072914868593,
    0.13100504875183105,
    0.11817190796136856,
    -7.512699653489108e-07,
    7.962257950566709e-05,
    0.03303825855255127,
    0.0315423309803009,
    0.0668548122048378,
    0.07233546674251556,
    0.00026370675186626613,
    0.006842830218374729,
    -0.00017947593005374074,
    0.00017342007777187973,
    -0.00015247495321091264,
    0.0005379042122513056,
    0.25107118487358093,
    0.25313112139701843,
    0.07625433802604675,
    0.07309918850660324,
    -3.318366361781955e-05,
    -4.3520987674128264e-05,
    0.3520236313343048,
    0.25372689962387085,
    0.2539479434490204,
    -0.0002613344113342464,
    0.043383993208408356,
    0.04472464323043823,
    -0.000286989874439314,
    0.0004283068119548261,
    0.0
  ],
  "active_shapes": {
    "JawForward": 0.03698870539665222,
    "JawRight": 0.024737108498811722,
    "JawOpen": 0.05791919678449631,
    "MouthFunnel": 0.0383387953042984,
    "MouthSmileLeft": 0.13100504875183105,
    "MouthSmileRight": 0.11817190796136856,
    "MouthDimpleLeft": 0.03303825855255127,
    "MouthDimpleRight": 0.0315423309803009,
    "MouthStretchLeft": 0.0668548122048378,
    "MouthStretchRight": 0.07233546674251556,
    "MouthLowerDownLeft": 0.25107118487358093,
    "MouthLowerDownRight": 0.25313112139701843,
    "MouthUpperUpLeft": 0.07625433802604675,
    "MouthUpperUpRight": 0.07309918850660324,
    "BrowInnerUp": 0.3520236313343048,
    "BrowOuterUpLeft": 0.25372689962387085,
    "BrowOuterUpRight": 0.2539479434490204,
    "CheekSquintLeft": 0.043383993208408356,
    "CheekSquintRight": 0.04472464323043823
  },
  "packet_size": 314,
  "packet_hex_preview": "060000002464646431326362302d333463612d313166302d383166662d3734353633633437336235330000000847616c6146616365003b90f9fb3d07c8000000"
}