{
  "frame_id": 668,
  "timestamp": "2025-05-19T18:04:39.874836",
  "input_values": [
    0.0,
    0.0,
    0.0,
    0.0,
    0.0,
    0.0,
    0.0,
    0.0,
    0.0,
    0.0,
    0.0,
    0.0,
    0.0,
    0.0,
    8.567886106902733e-05,
    3.770417970372364e-05,
    0.004304373636841774,
    0.006907382048666477,
    -6.733884947607294e-05,
    0.0031499764882028103,
    0.00015440330025739968,
    9.173210855806246e-05,
    0.0005439694505184889,
    0.028425496071577072,
    0.02201063185930252,
    -7.719839231867809e-06,
    5.118833087180974e-06,
    0.005466167815029621,
    0.005393116734921932,
    0.00018684411770664155,
    0.00033713391167111695,
    9.173792932415381e-05,
    0.000663198996335268,
    6.001293149893172e-05,
    0.001740934094414115,
    0.0015826707240194082,
    0.0018567299703136086,
    0.032510772347450256,
    0.035043828189373016,
    0.013165692798793316,
    0.014499199576675892,
    0.15749606490135193,
    0.15746033191680908,
    0.03727925568819046,
    -9.395815141033381e-06,
    -1.837411582528148e-05,
    0.0005511310882866383,
    0.009729795157909393,
    0.011705394834280014,
    0.011910626664757729,
    0.01425781100988388,
    0.0
  ],
  "active_shapes": {
    "MouthSmileLeft": 0.028425496071577072,
    "MouthSmileRight": 0.02201063185930252,
    "MouthLowerDownLeft": 0.032510772347450256,
    "MouthLowerDownRight": 0.035043828189373016,
    "MouthUpperUpLeft": 0.013165692798793316,
    "MouthUpperUpRight": 0.014499199576675892,
    "BrowDownLeft": 0.15749606490135193,
    "BrowDownRight": 0.15746033191680908,
    "BrowInnerUp": 0.03727925568819046,
    "CheekSquintRight": 0.011705394834280014,
    "NoseSneerLeft": 0.011910626664757729,
    "NoseSneerRight": 0.01425781100988388
  },
  "packet_size": 314,
  "packet_hex_preview": "060000002464646431326362302d333463612d313166302d383166662d3734353633633437336235330000000847616c6146616365003b9518fb3d07c8000000"
}