{
  "frame_id": 515,
  "timestamp": "2025-05-19T18:04:31.881365",
  "input_values": [
    0.0,
    0.0,
    0.0,
    0.0,
    0.0,
    0.0,
    0.0,
    0.0,
    0.0,
    0.0,
    0.0,
    0.0,
    0.0,
    0.0,
    0.002293262630701065,
    0.00018778671801555902,
    0.034824028611183167,
    0.08488599956035614,
    -0.00026725244242697954,
    0.08447404950857162,
    0.0005635164561681449,
    0.0008328147232532501,
    0.00450299633666873,
    0.1043543741106987,
    0.07341177761554718,
    -1.1459412235126365e-05,
    0.00011507026647450402,
    0.02535121515393257,
    0.023424193263053894,
    0.027681689709424973,
    0.03386128321290016,
    0.0002375492622377351,
    0.002452528802677989,
    -6.836566899437457e-05,
    0.007026839070022106,
    0.0071196542121469975,
    0.008623425848782063,
    0.25756388902664185,
    0.2718540132045746,
    0.09501006454229355,
    0.10511183738708496,
    0.7986055016517639,
    0.7983457446098328,
    0.16364045441150665,
    -5.0506481784395874e-05,
    -0.00018931523663923144,
    0.0029134813230484724,
    0.042423415929079056,
    0.05258403345942497,
    0.023386972025036812,
    0.03998693451285362,
    0.0
  ],
  "active_shapes": {
    "JawRight": 0.034824028611183167,
    "JawOpen": 0.08488599956035614,
    "MouthFunnel": 0.08447404950857162,
    "MouthSmileLeft": 0.1043543741106987,
    "MouthSmileRight": 0.07341177761554718,
    "MouthDimpleLeft": 0.02535121515393257,
    "MouthDimpleRight": 0.023424193263053894,
    "MouthStretchLeft": 0.027681689709424973,
    "MouthStretchRight": 0.03386128321290016,
    "MouthLowerDownLeft": 0.25756388902664185,
    "MouthLowerDownRight": 0.2718540132045746,
    "MouthUpperUpLeft": 0.09501006454229355,
    "MouthUpperUpRight": 0.10511183738708496,
    "BrowDownLeft": 0.7986055016517639,
    "BrowDownRight": 0.7983457446098328,
    "BrowInnerUp": 0.16364045441150665,
    "CheekSquintLeft": 0.042423415929079056,
    "CheekSquintRight": 0.05258403345942497,
    "NoseSneerLeft": 0.023386972025036812,
    "NoseSneerRight": 0.03998693451285362
  },
  "packet_size": 314,
  "packet_hex_preview": "060000002464646431326362302d333463612d313166302d383166662d3734353633633437336235330000000847616c6146616365003b9338fb3d07c8000000"
}