{
  "frame_id": 124,
  "timestamp": "2025-05-19T18:04:19.294133",
  "input_values": [
    0.0,
    0.0,
    0.0,
    0.0,
    0.0,
    0.0,
    0.0,
    0.0,
    0.0,
    0.0,
    0.0,
    0.0,
    0.0,
    0.0,
    0.0226835198700428,
    0.000149857034557499,
    0.03153374046087265,
    0.1561030149459839,
    -0.00017614611715544015,
    0.10912855714559555,
    0.00041474736644886434,
    0.0009333803318440914,
    0.001301985583268106,
    0.09631729871034622,
    0.08113852143287659,
    -7.537223609688226e-06,
    7.093662134138867e-05,
    0.028541529551148415,
    0.027741175144910812,
    0.028971651569008827,
    0.03467053547501564,
    -9.779380343388766e-05,
    0.004276391118764877,
    -4.2278079490642995e-05,
    0.0009980491595342755,
    0.006186698097735643,
    0.006954881362617016,
    0.28075748682022095,
    0.2862457036972046,
    0.10424311459064484,
    0.11195751279592514,
    0.30970242619514465,
    0.3095010817050934,
    0.010124491527676582,
    4.620274921762757e-05,
    2.7909158234251663e-05,
    0.0002959204721264541,
    0.05693830922245979,
    0.06175602599978447,
    0.03078049048781395,
    0.03925422579050064,
    0.0
  ],
  "active_shapes": {
    "JawForward": 0.0226835198700428,
    "JawRight": 0.03153374046087265,
    "JawOpen": 0.1561030149459839,
    "MouthFunnel": 0.10912855714559555,
    "MouthSmileLeft": 0.09631729871034622,
    "MouthSmileRight": 0.08113852143287659,
    "MouthDimpleLeft": 0.028541529551148415,
    "MouthDimpleRight": 0.027741175144910812,
    "MouthStretchLeft": 0.028971651569008827,
    "MouthStretchRight": 0.03467053547501564,
    "MouthLowerDownLeft": 0.28075748682022095,
    "MouthLowerDownRight": 0.2862457036972046,
    "MouthUpperUpLeft": 0.10424311459064484,
    "MouthUpperUpRight": 0.11195751279592514,
    "BrowDownLeft": 0.30970242619514465,
    "BrowDownRight": 0.3095010817050934,
    "BrowInnerUp": 0.010124491527676582,
    "CheekSquintLeft": 0.05693830922245979,
    "CheekSquintRight": 0.06175602599978447,
    "NoseSneerLeft": 0.03078049048781395,
    "NoseSneerRight": 0.03925422579050064
  },
  "packet_size": 314,
  "packet_hex_preview": "060000002464646431326362302d333463612d313166302d383166662d3734353633633437336235330000000847616c6146616365003b9045fb3d07c8000000"
}