{
  "frame_id": 373,
  "timestamp": "2025-05-19T18:04:27.249545",
  "input_values": [
    0.0,
    0.0,
    0.0,
    0.0,
    0.0,
    0.0,
    0.0,
    0.0,
    0.0,
    0.0,
    0.0,
    0.0,
    0.0,
    0.0,
    0.01315695233643055,
    0.00014706516230944544,
    0.003589797066524625,
    0.0010305254254490137,
    0.002546078059822321,
    0.009186304174363613,
    0.011780091561377048,
    0.018929775804281235,
    5.70274714846164e-05,
    0.01213541254401207,
    0.00568116270005703,
    0.0010241533163934946,
    0.005206270609050989,
    0.011240959167480469,
    0.007880187593400478,
    0.0485147126019001,
    0.040588028728961945,
    0.02155325561761856,
    0.009376280009746552,
    0.0038154199719429016,
    0.00047700246796011925,
    6.2541962506657e-06,
    0.0009431683574803174,
    0.043533872812986374,
    0.03617590293288231,
    0.0004918187623843551,
    0.00025789524079300463,
    0.005898757837712765,
    0.005671448074281216,
    0.32990503311157227,
    0.20703688263893127,
    0.20739784836769104,
    0.001688375137746334,
    0.027450120076537132,
    0.03199277073144913,
    -0.0002253102429676801,
    -2.045027940766886e-05,
    0.0
  ],
  "active_shapes": {
    "JawForward": 0.01315695233643055,
    "MouthPucker": 0.011780091561377048,
    "MouthLeft": 0.018929775804281235,
    "MouthSmileLeft": 0.01213541254401207,
    "MouthDimpleLeft": 0.011240959167480469,
    "MouthStretchLeft": 0.0485147126019001,
    "MouthStretchRight": 0.040588028728961945,
    "MouthRollLower": 0.02155325561761856,
    "MouthLowerDownLeft": 0.043533872812986374,
    "MouthLowerDownRight": 0.03617590293288231,
    "BrowInnerUp": 0.32990503311157227,
    "BrowOuterUpLeft": 0.20703688263893127,
    "BrowOuterUpRight": 0.20739784836769104,
    "CheekSquintLeft": 0.027450120076537132,
    "CheekSquintRight": 0.03199277073144913
  },
  "packet_size": 314,
  "packet_hex_preview": "060000002464646431326362302d333463612d313166302d383166662d3734353633633437336235330000000847616c6146616365003b9222fb3d07c8000000"
}