{
  "frame_id": 137,
  "timestamp": "2025-05-19T18:04:19.674281",
  "input_values": [
    0.0,
    0.0,
    0.0,
    0.0,
    0.0,
    0.0,
    0.0,
    0.0,
    0.0,
    0.0,
    0.0,
    0.0,
    0.0,
    0.0,
    0.014564919285476208,
    0.00018641485075931996,
    0.024386083707213402,
    0.04634588211774826,
    0.002783150179311633,
    0.14406967163085938,
    0.0004902766668237746,
    0.0003020296571776271,
    0.006178256124258041,
    0.2004832625389099,
    0.2050882875919342,
    -2.8441370886866935e-05,
    -0.00015571422409266233,
    0.023589596152305603,
    0.025564050301909447,
    0.03791140764951706,
    0.04149219021201134,
    0.00034810692886821926,
    0.0024678774643689394,
    0.013302470557391644,
    0.040917277336120605,
    0.0034329378977417946,
    0.004436417017132044,
    0.14930634200572968,
    0.15405212342739105,
    0.11338319629430771,
    0.11809077113866806,
    0.05990220606327057,
    0.05971422791481018,
    0.07359525561332703,
    -0.0001243840524693951,
    -8.548870391678065e-05,
    -0.0008716178126633167,
    0.16544289886951447,
    0.19274455308914185,
    0.1496351957321167,
    0.16893555223941803,
    0.0
  ],
  "active_shapes": {
    "JawForward": 0.014564919285476208,
    "JawRight": 0.024386083707213402,
    "JawOpen": 0.04634588211774826,
    "MouthFunnel": 0.14406967163085938,
    "MouthSmileLeft": 0.2004832625389099,
    "MouthSmileRight": 0.2050882875919342,
    "MouthDimpleLeft": 0.023589596152305603,
    "MouthDimpleRight": 0.025564050301909447,
    "MouthStretchLeft": 0.03791140764951706,
    "MouthStretchRight": 0.04149219021201134,
    "MouthShrugLower": 0.013302470557391644,
    "MouthShrugUpper": 0.040917277336120605,
    "MouthLowerDownLeft": 0.14930634200572968,
    "MouthLowerDownRight": 0.15405212342739105,
    "MouthUpperUpLeft": 0.11338319629430771,
    "MouthUpperUpRight": 0.11809077113866806,
    "BrowDownLeft": 0.05990220606327057,
    "BrowDownRight": 0.05971422791481018,
    "BrowInnerUp": 0.07359525561332703,
    "CheekSquintLeft": 0.16544289886951447,
    "CheekSquintRight": 0.19274455308914185,
    "NoseSneerLeft": 0.1496351957321167,
    "NoseSneerRight": 0.16893555223941803
  },
  "packet_size": 314,
  "packet_hex_preview": "060000002464646431326362302d333463612d313166302d383166662d3734353633633437336235330000000847616c6146616365003b905cfb3d07c8000000"
}