{
  "frame_id": 692,
  "timestamp": "2025-05-19T18:04:41.159305",
  "input_values": [
    0.0,
    0.0,
    0.0,
    0.0,
    0.0,
    0.0,
    0.0,
    0.0,
    0.0,
    0.0,
    0.0,
    0.0,
    0.0,
    0.0,
    0.0020161340944468975,
    0.00015111692482605577,
    0.010603819973766804,
    0.008643136359751225,
    0.00031558124464936554,
    0.0011928894091397524,
    0.037886328995227814,
    0.0005539093399420381,
    0.003048521000891924,
    0.016946835443377495,
    0.007970447652041912,
    -6.710134039167315e-05,
    0.00024462121655233204,
    0.012465132400393486,
    0.011934611946344376,
    0.00969778560101986,
    0.010674560442566872,
    0.000664801336824894,
    0.0028737240936607122,
    0.0005859291413798928,
    0.0008934958605095744,
    0.00571178225800395,
    0.00654528196901083,
    0.03792368993163109,
    0.042172692716121674,
    -0.00046232767635956407,
    8.606505434727296e-05,
    0.5968660712242126,
    0.5966557264328003,
    0.235749751329422,
    -3.1451284030481474e-06,
    -1.9383549442864023e-05,
    0.004692018032073975,
    0.026577100157737732,
    0.03193281963467598,
    0.00025544557138346136,
    0.002562321024015546,
    0.0
  ],
  "active_shapes": {
    "JawRight": 0.010603819973766804,
    "MouthPucker": 0.037886328995227814,
    "MouthSmileLeft": 0.016946835443377495,
    "MouthDimpleLeft": 0.012465132400393486,
    "MouthDimpleRight": 0.011934611946344376,
    "MouthStretchRight": 0.010674560442566872,
    "MouthLowerDownLeft": 0.03792368993163109,
    "MouthLowerDownRight": 0.042172692716121674,
    "BrowDownLeft": 0.5968660712242126,
    "BrowDownRight": 0.5966557264328003,
    "BrowInnerUp": 0.235749751329422,
    "CheekSquintLeft": 0.026577100157737732,
    "CheekSquintRight": 0.03193281963467598
  },
  "packet_size": 314,
  "packet_hex_preview": "060000002464646431326362302d333463612d313166302d383166662d3734353633633437336235330000000847616c6146616365003b9565fb3d07c8000000"
}