{
  "frame_id": 615,
  "timestamp": "2025-05-19T18:04:36.991112",
  "input_values": [
    0.0,
    0.0,
    0.0,
    0.0,
    0.0,
    0.0,
    0.0,
    0.0,
    0.0,
    0.0,
    0.0,
    0.0,
    0.0,
    0.0,
    0.010297691449522972,
    0.00015186153177637607,
    0.002829520497471094,
    0.06564216315746307,
    0.044325925409793854,
    0.013691471889615059,
    0.012829570099711418,
    0.0008187727071344852,
    0.0005429506418295205,
    0.014852099120616913,
    0.03210272267460823,
    -1.0821678188221995e-05,
    0.00011915010691154748,
    0.01745711639523506,
    0.018378060311079025,
    0.04516293853521347,
    0.04254633188247681,
    0.009318387135863304,
    0.01287468709051609,
    0.00021094987459946424,
    1.7414658941561356e-05,
    0.0027271131984889507,
    0.0031443696934729815,
    0.09188453108072281,
    0.09178545325994492,
    0.0007802584441378713,
    0.003973587416112423,
    0.05017652362585068,
    0.04998494312167168,
    0.04653121903538704,
    0.01006827037781477,
    0.010046126320958138,
    0.0014789190609008074,
    0.027369897812604904,
    0.036759212613105774,
    0.0008455220377072692,
    0.0038747426588088274,
    0.0
  ],
  "active_shapes": {
    "JawForward": 0.010297691449522972,
    "JawOpen": 0.06564216315746307,
    "MouthClose": 0.044325925409793854,
    "MouthFunnel": 0.013691471889615059,
    "MouthPucker": 0.012829570099711418,
    "MouthSmileLeft": 0.014852099120616913,
    "MouthSmileRight": 0.03210272267460823,
    "MouthDimpleLeft": 0.01745711639523506,
    "MouthDimpleRight": 0.018378060311079025,
    "MouthStretchLeft": 0.04516293853521347,
    "MouthStretchRight": 0.04254633188247681,
    "MouthRollUpper": 0.01287468709051609,
    "MouthLowerDownLeft": 0.09188453108072281,
    "MouthLowerDownRight": 0.09178545325994492,
    "BrowDownLeft": 0.05017652362585068,
    "BrowDownRight": 0.04998494312167168,
    "BrowInnerUp": 0.04653121903538704,
    "BrowOuterUpLeft": 0.01006827037781477,
    "BrowOuterUpRight": 0.010046126320958138,
    "CheekSquintLeft": 0.027369897812604904,
    "CheekSquintRight": 0.036759212613105774
  },
  "packet_size": 314,
  "packet_hex_preview": "060000002464646431326362302d333463612d313166302d383166662d3734353633633437336235330000000847616c6146616365003b946bfb3d07c8000000"
}