{
  "frame_id": 535,
  "timestamp": "2025-05-19T18:04:32.695589",
  "input_values": [
    0.0,
    0.0,
    0.0,
    0.0,
    0.0,
    0.0,
    0.0,
    0.0,
    0.0,
    0.0,
    0.0,
    0.0,
    0.0,
    0.0,
    0.00020599740673787892,
    3.7933736166451126e-05,
    0.0019521703943610191,
    0.0012746946886181831,
    0.00026560755213722587,
    0.002649037865921855,
    0.00038255759864114225,
    4.435386654222384e-05,
    0.00011051733599742875,
    0.02379535883665085,
    0.022166641429066658,
    -9.00849136087345e-06,
    -1.7539277905598283e-05,
    0.003195306984707713,
    0.0033864930737763643,
    -1.8768541849567555e-05,
    0.00010980464139720425,
    8.501884440192953e-05,
    0.0010433406569063663,
    7.245158485602587e-05,
    0.000176671237568371,
    0.0010011482518166304,
    0.0010043417569249868,
    0.01330767571926117,
    0.014400308951735497,
    0.004542616195976734,
    0.005003545433282852,
    0.051919955760240555,
    0.05187337473034859,
    0.0015825021546334028,
    -3.736851431312971e-05,
    -4.330423689680174e-05,
    3.901154559571296e-05,
    0.009313778020441532,
    0.01026500016450882,
    0.01103333942592144,
    0.007791107054799795,
    0.0
  ],
  "active_shapes": {
    "MouthSmileLeft": 0.02379535883665085,
    "MouthSmileRight": 0.022166641429066658,
    "MouthLowerDownLeft": 0.01330767571926117,
    "MouthLowerDownRight": 0.014400308951735497,
    "BrowDownLeft": 0.051919955760240555,
    "BrowDownRight": 0.05187337473034859,
    "CheekSquintRight": 0.01026500016450882,
    "NoseSneerLeft": 0.01103333942592144
  },
  "packet_size": 314,
  "packet_hex_preview": "060000002464646431326362302d333463612d313166302d383166662d3734353633633437336235330000000847616c6146616365003b9369fb3d07c8000000"
}