{
  "frame_id": 523,
  "timestamp": "2025-05-19T18:04:32.308621",
  "input_values": [
    0.0,
    0.0,
    0.0,
    0.0,
    0.0,
    0.0,
    0.0,
    0.0,
    0.0,
    0.0,
    0.0,
    0.0,
    0.0,
    0.0,
    0.008308732882142067,
    7.527197885792702e-05,
    0.0060624973848462105,
    0.06525341421365738,
    0.019638247787952423,
    0.1413368284702301,
    0.00015551847172901034,
    -0.00011558862024685368,
    0.004860959015786648,
    0.026292672380805016,
    0.03685080632567406,
    5.6818436860339716e-05,
    -6.735053466400132e-05,
    0.015325618907809258,
    0.016457371413707733,
    0.03927373141050339,
    0.04336030036211014,
    0.00019952093134634197,
    0.005505766253918409,
    3.990277946286369e-06,
    0.0013347604544833302,
    0.0009329600143246353,
    0.0012543090851977468,
    0.06788409501314163,
    0.06985963881015778,
    0.020352499559521675,
    0.023743074387311935,
    0.022885028272867203,
    0.0228719525039196,
    0.04214311018586159,
    -3.5550147003959864e-06,
    5.892068293178454e-05,
    0.00030534894904121757,
    0.03885423019528389,
    0.04614769294857979,
    0.030716141685843468,
    0.03859382122755051,
    0.0
  ],
  "active_shapes": {
    "JawOpen": 0.06525341421365738,
    "MouthClose": 0.019638247787952423,
    "MouthFunnel": 0.1413368284702301,
    "MouthSmileLeft": 0.026292672380805016,
    "MouthSmileRight": 0.03685080632567406,
    "MouthDimpleLeft": 0.015325618907809258,
    "MouthDimpleRight": 0.016457371413707733,
    "MouthStretchLeft": 0.03927373141050339,
    "MouthStretchRight": 0.04336030036211014,
    "MouthLowerDownLeft": 0.06788409501314163,
    "MouthLowerDownRight": 0.06985963881015778,
    "MouthUpperUpLeft": 0.020352499559521675,
    "MouthUpperUpRight": 0.023743074387311935,
    "BrowDownLeft": 0.022885028272867203,
    "BrowDownRight": 0.0228719525039196,
    "BrowInnerUp": 0.04214311018586159,
    "CheekSquintLeft": 0.03885423019528389,
    "CheekSquintRight": 0.04614769294857979,
    "NoseSneerLeft": 0.030716141685843468,
    "NoseSneerRight": 0.03859382122755051
  },
  "packet_size": 314,
  "packet_hex_preview": "060000002464646431326362302d333463612d313166302d383166662d3734353633633437336235330000000847616c6146616365003b9352fb3d07c8000000"
}