{
  "frame_id": 330,
  "timestamp": "2025-05-19T18:04:26.027857",
  "input_values": [
    0.0,
    0.0,
    0.0,
    0.0,
    0.0,
    0.0,
    0.0,
    0.0,
    0.0,
    0.0,
    0.0,
    0.0,
    0.0,
    0.0,
    0.011898677796125412,
    7.349268707912415e-05,
    0.015313638374209404,
    0.02718457020819187,
    -2.3237984350998886e-05,
    0.04471922665834427,
    0.0001906237012008205,
    0.002626954112201929,
    6.400966958608478e-05,
    0.03934019058942795,
    0.033011071383953094,
    5.746157330577262e-05,
    6.295200728345662e-05,
    0.0071661039255559444,
    0.0062251524068415165,
    0.02412312850356102,
    0.025168385356664658,
    4.774458830070216e-06,
    0.0008122544968500733,
    -7.534386531915516e-05,
    0.001139192027039826,
    0.00014644664770457894,
    0.0004782221803907305,
    0.11151938140392303,
    0.11155883967876434,
    0.050837595015764236,
    0.050261955708265305,
    9.84090547717642e-06,
    3.720724635059014e-05,
    0.1302640587091446,
    0.10516580194234848,
    0.10523835569620132,
    -0.00011650244414340705,
    0.015013141557574272,
    0.015509801916778088,
    -0.00018991275283042341,
    0.0010735520627349615,
    0.0
  ],
  "active_shapes": {
    "JawForward": 0.011898677796125412,
    "JawRight": 0.015313638374209404,
    "JawOpen": 0.02718457020819187,
    "MouthFunnel": 0.04471922665834427,
    "MouthSmileLeft": 0.03934019058942795,
    "MouthSmileRight": 0.033011071383953094,
    "MouthStretchLeft": 0.02412312850356102,
    "MouthStretchRight": 0.025168385356664658,
    "MouthLowerDownLeft": 0.11151938140392303,
    "MouthLowerDownRight": 0.11155883967876434,
    "MouthUpperUpLeft": 0.050837595015764236,
    "MouthUpperUpRight": 0.050261955708265305,
    "BrowInnerUp": 0.1302640587091446,
    "BrowOuterUpLeft": 0.10516580194234848,
    "BrowOuterUpRight": 0.10523835569620132,
    "CheekSquintLeft": 0.015013141557574272,
    "CheekSquintRight": 0.015509801916778088
  },
  "packet_size": 314,
  "packet_hex_preview": "060000002464646431326362302d333463612d313166302d383166662d3734353633633437336235330000000847616c6146616365003b91d9fb3d07c8000000"
}