{
  "frame_id": 104,
  "timestamp": "2025-05-19T18:04:18.749749",
  "input_values": [
    0.0,
    0.0,
    0.0,
    0.0,
    0.0,
    0.0,
    0.0,
    0.0,
    0.0,
    0.0,
    0.0,
    0.0,
    0.0,
    0.0,
    0.0025980318896472454,
    3.868148633046076e-05,
    0.0003537735319696367,
    0.019913528114557266,
    0.012540307827293873,
    0.01706887222826481,
    0.010397988371551037,
    0.002514209831133485,
    0.0012194181326776743,
    0.001841610879637301,
    0.0011587718036025763,
    0.005386313423514366,
    0.005339257884770632,
    0.002955016912892461,
    0.0027610049583017826,
    0.009246396832168102,
    0.009619818069040775,
    0.0004582870751619339,
    0.00232371361926198,
    1.1631838788161986e-05,
    2.292772478540428e-05,
    9.015019168145955e-05,
    0.00020092460908927023,
    0.022390026599168777,
    0.022965192794799805,
    -9.432314254809171e-05,
    6.953233241802081e-05,
    0.00013158461661078036,
    0.00011887533037224784,
    0.02406635507941246,
    0.015005253255367279,
    0.015015959739685059,
    0.0003891240630764514,
    0.005077272187918425,
    0.00694400817155838,
    0.00012029697973048314,
    0.0006687706336379051,
    0.0
  ],
  "active_shapes": {
    "JawOpen": 0.019913528114557266,
    "MouthClose": 0.012540307827293873,
    "MouthFunnel": 0.01706887222826481,
    "MouthPucker": 0.010397988371551037,
    "MouthLowerDownLeft": 0.022390026599168777,
    "MouthLowerDownRight": 0.022965192794799805,
    "BrowInnerUp": 0.02406635507941246,
    "BrowOuterUpLeft": 0.015005253255367279,
    "BrowOuterUpRight": 0.015015959739685059
  },
  "packet_size": 314,
  "packet_hex_preview": "060000002464646431326362302d333463612d313166302d383166662d3734353633633437336235330000000847616c6146616365003b9024fb3d07c8000000"
}