{
  "frame_id": 714,
  "timestamp": "2025-05-19T18:04:42.290242",
  "input_values": [
    0.0,
    0.0,
    0.0,
    0.0,
    0.0,
    0.0,
    0.0,
    0.0,
    0.0,
    0.0,
    0.0,
    0.0,
    0.0,
    0.0,
    0.0017138044349849224,
    0.00018861304852180183,
    0.019867336377501488,
    0.06255682557821274,
    -5.197833161219023e-05,
    0.06001504883170128,
    0.004409591667354107,
    0.0004367368237581104,
    0.004992025904357433,
    0.10219402611255646,
    0.08037979155778885,
    -7.129730875021778e-06,
    9.992115519708022e-05,
    0.03231695666909218,
    0.03140712529420853,
    0.03266821801662445,
    0.027264242991805077,
    0.0005292895366437733,
    0.0031402951572090387,
    0.00019718374824151397,
    0.007253359537571669,
    0.007527041248977184,
    0.009246895089745522,
    0.21033383905887604,
    0.22113390266895294,
    0.0620482861995697,
    0.07250610738992691,
    0.7986764311790466,
    0.7985085248947144,
    0.25254762172698975,
    4.6715849748579785e-05,
    -3.804117341132951e-06,
    0.0031889372039586306,
    0.049434781074523926,
    0.06278404593467712,
    0.026099326089024544,
    0.04158633202314377,
    0.0
  ],
  "active_shapes": {
    "JawRight": 0.019867336377501488,
    "JawOpen": 0.06255682557821274,
    "MouthFunnel": 0.06001504883170128,
    "MouthSmileLeft": 0.10219402611255646,
    "MouthSmileRight": 0.08037979155778885,
    "MouthDimpleLeft": 0.03231695666909218,
    "MouthDimpleRight": 0.03140712529420853,
    "MouthStretchLeft": 0.03266821801662445,
    "MouthStretchRight": 0.027264242991805077,
    "MouthLowerDownLeft": 0.21033383905887604,
    "MouthLowerDownRight": 0.22113390266895294,
    "MouthUpperUpLeft": 0.0620482861995697,
    "MouthUpperUpRight": 0.07250610738992691,
    "BrowDownLeft": 0.7986764311790466,
    "BrowDownRight": 0.7985085248947144,
    "BrowInnerUp": 0.25254762172698975,
    "CheekSquintLeft": 0.049434781074523926,
    "CheekSquintRight": 0.06278404593467712,
    "NoseSneerLeft": 0.026099326089024544,
    "NoseSneerRight": 0.04158633202314377
  },
  "packet_size": 314,
  "packet_hex_preview": "060000002464646431326362302d333463612d313166302d383166662d3734353633633437336235330000000847616c6146616365003b95a9fb3d07c8000000"
}