{
  "frame_id": 648,
  "timestamp": "2025-05-19T18:04:38.787006",
  "input_values": [
    0.0,
    0.0,
    0.0,
    0.0,
    0.0,
    0.0,
    0.0,
    0.0,
    0.0,
    0.0,
    0.0,
    0.0,
    0.0,
    0.0,
    0.0008836110355332494,
    7.568470755359158e-05,
    0.01060458179563284,
    0.011686918325722218,
    -0.0001974962215172127,
    0.03966179117560387,
    0.008967099711298943,
    -2.4112179744406603e-05,
    0.0024777096696197987,
    0.059302426874637604,
    0.05391817167401314,
    -6.7896135078626685e-06,
    -4.086998160346411e-05,
    0.007320140954107046,
    0.007265125866979361,
    5.0848502723965794e-05,
    4.682210783357732e-05,
    9.707106073619798e-05,
    0.00040837106644175947,
    0.025791099295020103,
    0.04193530231714249,
    0.007096330635249615,
    0.0077703953720629215,
    0.07110761851072311,
    0.07707031816244125,
    0.0805370956659317,
    0.08833996951580048,
    0.2844056487083435,
    0.2842976450920105,
    0.0013038103934377432,
    -9.171100100502372e-05,
    -0.00010689980263123289,
    0.00038338033482432365,
    0.028754141181707382,
    0.03565910458564758,
    0.0738619863986969,
    0.08453570306301117,
    0.0
  ],
  "active_shapes": {
    "JawRight": 0.01060458179563284,
    "JawOpen": 0.011686918325722218,
    "MouthFunnel": 0.03966179117560387,
    "MouthSmileLeft": 0.059302426874637604,
    "MouthSmileRight": 0.05391817167401314,
    "MouthShrugLower": 0.025791099295020103,
    "MouthShrugUpper": 0.04193530231714249,
    "MouthLowerDownLeft": 0.07110761851072311,
    "MouthLowerDownRight": 0.07707031816244125,
    "MouthUpperUpLeft": 0.0805370956659317,
    "MouthUpperUpRight": 0.08833996951580048,
    "BrowDownLeft": 0.2844056487083435,
    "BrowDownRight": 0.2842976450920105,
    "CheekSquintLeft": 0.028754141181707382,
    "CheekSquintRight": 0.03565910458564758,
    "NoseSneerLeft": 0.0738619863986969,
    "NoseSneerRight": 0.08453570306301117
  },
  "packet_size": 314,
  "packet_hex_preview": "060000002464646431326362302d333463612d313166302d383166662d3734353633633437336235330000000847616c6146616365003b94d7fb3d07c8000000"
}