{
  "frame_id": 623,
  "timestamp": "2025-05-19T18:04:37.381211",
  "input_values": [
    0.0,
    0.0,
    0.0,
    0.0,
    0.0,
    0.0,
    0.0,
    0.0,
    0.0,
    0.0,
    0.0,
    0.0,
    0.0,
    0.0,
    0.005921362433582544,
    0.0001900565403047949,
    0.009949102997779846,
    0.02473561093211174,
    0.01705622486770153,
    -0.00026938540395349264,
    0.00396369956433773,
    0.0007488597766496241,
    0.005708096548914909,
    0.12114960700273514,
    0.10331429541110992,
    0.00011060553515562788,
    4.61184281448368e-05,
    0.029529402032494545,
    0.030127067118883133,
    0.008056236431002617,
    0.0037031685933470726,
    0.010758982971310616,
    0.006102006416767836,
    0.0012298315996304154,
    0.0011764721712097526,
    0.01099555566906929,
    0.01251540519297123,
    0.07301092892885208,
    0.07275260239839554,
    0.00030595847056247294,
    0.001133622252382338,
    0.6525418162345886,
    0.6523296236991882,
    0.15001492202281952,
    -0.00018379557877779007,
    -0.00020882026001345366,
    0.003289724700152874,
    0.05657998099923134,
    0.0717150941491127,
    0.04517123103141785,
    0.05173511058092117,
    0.0
  ],
  "active_shapes": {
    "JawOpen": 0.02473561093211174,
    "MouthClose": 0.01705622486770153,
    "MouthSmileLeft": 0.12114960700273514,
    "MouthSmileRight": 0.10331429541110992,
    "MouthDimpleLeft": 0.029529402032494545,
    "MouthDimpleRight": 0.030127067118883133,
    "MouthRollLower": 0.010758982971310616,
    "MouthPressLeft": 0.01099555566906929,
    "MouthPressRight": 0.01251540519297123,
    "MouthLowerDownLeft": 0.07301092892885208,
    "MouthLowerDownRight": 0.07275260239839554,
    "BrowDownLeft": 0.6525418162345886,
    "BrowDownRight": 0.6523296236991882,
    "BrowInnerUp": 0.15001492202281952,
    "CheekSquintLeft": 0.05657998099923134,
    "CheekSquintRight": 0.0717150941491127,
    "NoseSneerLeft": 0.04517123103141785,
    "NoseSneerRight": 0.05173511058092117
  },
  "packet_size": 314,
  "packet_hex_preview": "060000002464646431326362302d333463612d313166302d383166662d3734353633633437336235330000000847616c6146616365003b9482fb3d07c8000000"
}