{
  "frame_id": 513,
  "timestamp": "2025-05-19T18:04:31.864497",
  "input_values": [
    0.0,
    0.0,
    0.0,
    0.0,
    0.0,
    0.0,
    0.0,
    0.0,
    0.0,
    0.0,
    0.0,
    0.0,
    0.0,
    0.0,
    0.0010837006848305464,
    0.0001501908409409225,
    0.025447998195886612,
    0.067771777510643,
    -0.00021640071645379066,
    0.07144428789615631,
    0.0005772098666056991,
    0.0006356014055199921,
    0.0037487365771085024,
    0.07128824293613434,
    0.04823192209005356,
    -3.8725233025616035e-05,
    9.339684038423002e-05,
    0.017958056181669235,
    0.016348857432603836,
    0.018124330788850784,
    0.02279002033174038,
    0.0001924798561958596,
    0.0017694371053948998,
    -4.9799833504948765e-05,
    0.008088275790214539,
    0.006053409539163113,
    0.007305208593606949,
    0.19123513996601105,
    0.20178575813770294,
    0.07070939242839813,
    0.07908567041158676,
    0.6436606645584106,
    0.6434357166290283,
    0.1443658322095871,
    -4.3014435505028814e-05,
    -0.00016336547560058534,
    0.002571593504399061,
    0.03365426883101463,
    0.04132356494665146,
    0.018140079453587532,
    0.03131396323442459,
    0.0
  ],
  "active_shapes": {
    "JawRight": 0.025447998195886612,
    "JawOpen": 0.067771777510643,
    "MouthFunnel": 0.07144428789615631,
    "MouthSmileLeft": 0.07128824293613434,
    "MouthSmileRight": 0.04823192209005356,
    "MouthDimpleLeft": 0.017958056181669235,
    "MouthDimpleRight": 0.016348857432603836,
    "MouthStretchLeft": 0.018124330788850784,
    "MouthStretchRight": 0.02279002033174038,
    "MouthLowerDownLeft": 0.19123513996601105,
    "MouthLowerDownRight": 0.20178575813770294,
    "MouthUpperUpLeft": 0.07070939242839813,
    "MouthUpperUpRight": 0.07908567041158676,
    "BrowDownLeft": 0.6436606645584106,
    "BrowDownRight": 0.6434357166290283,
    "BrowInnerUp": 0.1443658322095871,
    "CheekSquintLeft": 0.03365426883101463,
    "CheekSquintRight": 0.04132356494665146,
    "NoseSneerLeft": 0.018140079453587532,
    "NoseSneerRight": 0.03131396323442459
  },
  "packet_size": 314,
  "packet_hex_preview": "060000002464646431326362302d333463612d313166302d383166662d3734353633633437336235330000000847616c6146616365003b9337fb3d07c8000000"
}