{
  "frame_id": 213,
  "timestamp": "2025-05-19T18:04:22.225056",
  "input_values": [
    0.0,
    0.0,
    0.0,
    0.0,
    0.0,
    0.0,
    0.0,
    0.0,
    0.0,
    0.0,
    0.0,
    0.0,
    0.0,
    0.0,
    0.0003714840568136424,
    3.74579758499749e-05,
    0.00450916588306427,
    0.005330266430974007,
    -6.335749640129507e-05,
    0.008441615849733353,
    0.0036921147257089615,
    0.0001014155350276269,
    0.0007792490650899708,
    0.022173110395669937,
    0.01629454270005226,
    -1.759299084369559e-05,
    1.8336937500862405e-05,
    0.004863696172833443,
    0.004680090118199587,
    0.00354365142993629,
    0.003343889955431223,
    5.3808158554602414e-05,
    0.0004873318539466709,
    0.00045379562652669847,
    0.0035497683566063643,
    0.0015057593118399382,
    0.0018349491292610765,
    0.023293625563383102,
    0.024767596274614334,
    0.014543074183166027,
    0.015757473185658455,
    0.16144028306007385,
    0.16140654683113098,
    0.05938541144132614,
    2.143882284144638e-06,
    -3.860265223920578e-06,
    0.0005632239626720548,
    0.013221539556980133,
    0.015609219670295715,
    0.014052902348339558,
    0.017657030373811722,
    0.0
  ],
  "active_shapes": {
    "MouthSmileLeft": 0.022173110395669937,
    "MouthSmileRight": 0.01629454270005226,
    "MouthLowerDownLeft": 0.023293625563383102,
    "MouthLowerDownRight": 0.024767596274614334,
    "MouthUpperUpLeft": 0.014543074183166027,
    "MouthUpperUpRight": 0.015757473185658455,
    "BrowDownLeft": 0.16144028306007385,
    "BrowDownRight": 0.16140654683113098,
    "BrowInnerUp": 0.05938541144132614,
    "CheekSquintLeft": 0.013221539556980133,
    "CheekSquintRight": 0.015609219670295715,
    "NoseSneerLeft": 0.014052902348339558,
    "NoseSneerRight": 0.017657030373811722
  },
  "packet_size": 314,
  "packet_hex_preview": "060000002464646431326362302d333463612d313166302d383166662d3734353633633437336235330000000847616c6146616365003b90f5fb3d07c8000000"
}