{
  "frame_id": 129,
  "timestamp": "2025-05-19T18:04:19.606849",
  "input_values": [
    0.0,
    0.0,
    0.0,
    0.0,
    0.0,
    0.0,
    0.0,
    0.0,
    0.0,
    0.0,
    0.0,
    0.0,
    0.0,
    0.0,
    0.003363085212185979,
    3.7315003282856196e-05,
    0.006047614850103855,
    0.008292032405734062,
    0.00012429003254510462,
    0.03219560533761978,
    7.783505134284496e-05,
    2.5745237508090213e-05,
    0.0011716217268258333,
    0.04738559573888779,
    0.04768108204007149,
    -1.1952513887081295e-05,
    -5.652930121868849e-05,
    0.005399325396865606,
    0.005797239951789379,
    0.008098265156149864,
    0.008901963010430336,
    3.256470517953858e-05,
    0.0004128086438868195,
    0.006987967994064093,
    0.014069603756070137,
    0.0012776594376191497,
    0.0015271001029759645,
    0.03292981535196304,
    0.033760737627744675,
    0.03020591475069523,
    0.030953451991081238,
    0.015001888386905193,
    0.01495643425732851,
    0.007374294102191925,
    -5.3407169616548344e-05,
    -4.3363361328374594e-05,
    -0.00026440812507644296,
    0.03562556952238083,
    0.041203610599040985,
    0.038649577647447586,
    0.04299681633710861,
    0.0
  ],
  "active_shapes": {
    "MouthFunnel": 0.03219560533761978,
    "MouthSmileLeft": 0.04738559573888779,
    "MouthSmileRight": 0.04768108204007149,
    "MouthShrugUpper": 0.014069603756070137,
    "MouthLowerDownLeft": 0.03292981535196304,
    "MouthLowerDownRight": 0.033760737627744675,
    "MouthUpperUpLeft": 0.03020591475069523,
    "MouthUpperUpRight": 0.030953451991081238,
    "BrowDownLeft": 0.015001888386905193,
    "BrowDownRight": 0.01495643425732851,
    "CheekSquintLeft": 0.03562556952238083,
    "CheekSquintRight": 0.041203610599040985,
    "NoseSneerLeft": 0.038649577647447586,
    "NoseSneerRight": 0.04299681633710861
  },
  "packet_size": 314,
  "packet_hex_preview": "060000002464646431326362302d333463612d313166302d383166662d3734353633633437336235330000000847616c6146616365003b9058fb3d07c8000000"
}