{
  "frame_id": 231,
  "timestamp": "2025-05-19T18:04:22.724829",
  "input_values": [
    0.0,
    0.0,
    0.0,
    0.0,
    0.0,
    0.0,
    0.0,
    0.0,
    0.0,
    0.0,
    0.0,
    0.0,
    0.0,
    0.0,
    0.000980039476417005,
    4.4401607738109306e-05,
    0.0012719619553536177,
    0.002505593467503786,
    0.00012679635256063193,
    0.00487384432926774,
    0.004176347516477108,
    1.241537211171817e-05,
    0.0002735293819569051,
    0.016030263155698776,
    0.017455492168664932,
    -3.1585179385729134e-05,
    -5.0666469178395346e-05,
    0.002524720970541239,
    0.0028059626929461956,
    0.00035661208676174283,
    0.0004896533791907132,
    7.030230335658416e-05,
    0.0005809325957670808,
    0.0009420998394489288,
    0.00113028718624264,
    0.0011431395541876554,
    0.0012336665531620383,
    0.010676639154553413,
    0.0120150838047266,
    0.0023538898676633835,
    0.00328669510781765,
    0.03074583411216736,
    0.03070043958723545,
    0.004609555937349796,
    2.9983066269778647e-05,
    -1.8885433519244543e-06,
    0.0005275985458865762,
    0.007439171429723501,
    0.009958891198039055,
    0.0035279118455946445,
    0.003829504828900099,
    0.0
  ],
  "active_shapes": {
    "MouthSmileLeft": 0.016030263155698776,
    "MouthSmileRight": 0.017455492168664932,
    "MouthLowerDownLeft": 0.010676639154553413,
    "MouthLowerDownRight": 0.0120150838047266,
    "BrowDownLeft": 0.03074583411216736,
    "BrowDownRight": 0.03070043958723545
  },
  "packet_size": 314,
  "packet_hex_preview": "060000002464646431326362302d333463612d313166302d383166662d3734353633633437336235330000000847616c6146616365003b9113fb3d07c8000000"
}