{
  "frame_id": 570,
  "timestamp": "2025-05-19T18:04:34.568691",
  "input_values": [
    0.0,
    0.0,
    0.0,
    0.0,
    0.0,
    0.0,
    0.0,
    0.0,
    0.0,
    0.0,
    0.0,
    0.0,
    0.0,
    0.0,
    0.0006433370290324092,
    3.780224869842641e-05,
    0.0015198263572528958,
    0.0008391315350309014,
    0.00042549980571493506,
    0.0002486751473043114,
    0.0027225674130022526,
    0.00037581147626042366,
    0.00021642178762704134,
    0.017798902466893196,
    0.015090991742908955,
    2.0799194317078218e-05,
    -1.3484968803822994e-05,
    0.003192562609910965,
    0.0032660397700965405,
    0.00021942067542113364,
    0.0004255176172591746,
    4.675799937103875e-05,
    0.0012773030903190374,
    2.6752464691526257e-05,
    4.792853360413574e-05,
    0.0009963781340047717,
    0.0010338227730244398,
    0.011053004302084446,
    0.01106433104723692,
    0.00021224553347565234,
    0.0003579148615244776,
    0.04458048567175865,
    0.04452101141214371,
    0.003174157114699483,
    -2.8639769880101085e-05,
    -3.311184264020994e-05,
    0.00021745299454778433,
    0.008129443041980267,
    0.008536181412637234,
    0.0047597624361515045,
    0.002894188743084669,
    0.0
  ],
  "active_shapes": {
    "MouthSmileLeft": 0.017798902466893196,
    "MouthSmileRight": 0.015090991742908955,
    "MouthLowerDownLeft": 0.011053004302084446,
    "MouthLowerDownRight": 0.01106433104723692,
    "BrowDownLeft": 0.04458048567175865,
    "BrowDownRight": 0.04452101141214371
  },
  "packet_size": 314,
  "packet_hex_preview": "060000002464646431326362302d333463612d313166302d383166662d3734353633633437336235330000000847616c6146616365003b93dafb3d07c8000000"
}