{
  "frame_id": 727,
  "timestamp": "2025-05-19T18:04:43.024756",
  "input_values": [
    0.0,
    0.0,
    0.0,
    0.0,
    0.0,
    0.0,
    0.0,
    0.0,
    0.0,
    0.0,
    0.0,
    0.0,
    0.0,
    0.0,
    0.001781871891580522,
    0.00015035009710118175,
    0.018159976229071617,
    0.030287468805909157,
    -0.00028296528034843504,
    0.011758876033127308,
    0.0004510096332523972,
    0.0008944374276325107,
    0.0023769878316670656,
    0.10168857872486115,
    0.08026090264320374,
    2.70031392801684e-07,
    1.2156430784671102e-05,
    0.021295085549354553,
    0.020694997161626816,
    0.000741975789424032,
    0.0005886307335458696,
    0.00029714679112657905,
    0.003260774537920952,
    0.00015191981219686568,
    0.003976928535848856,
    0.006023162044584751,
    0.007075010798871517,
    0.12367652356624603,
    0.1299392282962799,
    0.04301552101969719,
    0.048383958637714386,
    0.5422345399856567,
    0.5419924855232239,
    0.10743655264377594,
    -2.3109347239369527e-05,
    -6.706344720441848e-05,
    0.0020060294773429632,
    0.04448660835623741,
    0.05266030505299568,
    0.025409463793039322,
    0.030375564470887184,
    0.0
  ],
  "active_shapes": {
    "JawRight": 0.018159976229071617,
    "JawOpen": 0.030287468805909157,
    "MouthFunnel": 0.011758876033127308,
    "MouthSmileLeft": 0.10168857872486115,
    "MouthSmileRight": 0.08026090264320374,
    "MouthDimpleLeft": 0.021295085549354553,
    "MouthDimpleRight": 0.020694997161626816,
    "MouthLowerDownLeft": 0.12367652356624603,
    "MouthLowerDownRight": 0.1299392282962799,
    "MouthUpperUpLeft": 0.04301552101969719,
    "MouthUpperUpRight": 0.048383958637714386,
    "BrowDownLeft": 0.5422345399856567,
    "BrowDownRight": 0.5419924855232239,
    "BrowInnerUp": 0.10743655264377594,
    "CheekSquintLeft": 0.04448660835623741,
    "CheekSquintRight": 0.05266030505299568,
    "NoseSneerLeft": 0.025409463793039322,
    "NoseSneerRight": 0.030375564470887184
  },
  "packet_size": 314,
  "packet_hex_preview": "060000002464646431326362302d333463612d313166302d383166662d3734353633633437336235330000000847616c6146616365003b95d5fb3d07c8000000"
}