{
  "frame_id": 371,
  "timestamp": "2025-05-19T18:04:27.232797",
  "input_values": [
    0.0,
    0.0,
    0.0,
    0.0,
    0.0,
    0.0,
    0.0,
    0.0,
    0.0,
    0.0,
    0.0,
    0.0,
    0.0,
    0.0,
    0.00897933915257454,
    0.00011049586464650929,
    0.0015504704788327217,
    0.00013084262900520116,
    0.0005789858987554908,
    0.00040101786726154387,
    0.0025143392849713564,
    0.014310658909380436,
    -4.177887967671268e-05,
    0.01911654882133007,
    0.009924722835421562,
    9.275840420741588e-05,
    0.0011419403599575162,
    0.00848639290779829,
    0.005863954313099384,
    0.03447903320193291,
    0.027257505804300308,
    0.020960494875907898,
    0.007065986283123493,
    0.0030746289994567633,
    0.00028759046108461916,
    6.267817661864683e-05,
    0.0007519639329984784,
    0.01963578537106514,
    0.013757799752056599,
    0.0002670082321856171,
    8.261364564532414e-05,
    0.005851433612406254,
    0.005697422660887241,
    0.23875172436237335,
    0.153306782245636,
    0.1535751223564148,
    0.0013979988871142268,
    0.019443146884441376,
    0.022672010585665703,
    -0.00017453164036851376,
    -8.85537956492044e-05,
    0.0
  ],
  "active_shapes": {
    "MouthLeft": 0.014310658909380436,
    "MouthSmileLeft": 0.01911654882133007,
    "MouthStretchLeft": 0.03447903320193291,
    "MouthStretchRight": 0.027257505804300308,
    "MouthRollLower": 0.020960494875907898,
    "MouthLowerDownLeft": 0.01963578537106514,
    "MouthLowerDownRight": 0.013757799752056599,
    "BrowInnerUp": 0.23875172436237335,
    "BrowOuterUpLeft": 0.153306782245636,
    "BrowOuterUpRight": 0.1535751223564148,
    "CheekSquintLeft": 0.019443146884441376,
    "CheekSquintRight": 0.022672010585665703
  },
  "packet_size": 314,
  "packet_hex_preview": "060000002464646431326362302d333463612d313166302d383166662d3734353633633437336235330000000847616c6146616365003b9221fb3d07c8000000"
}