{
  "frame_id": 514,
  "timestamp": "2025-05-19T18:04:31.873994",
  "input_values": [
    0.0,
    0.0,
    0.0,
    0.0,
    0.0,
    0.0,
    0.0,
    0.0,
    0.0,
    0.0,
    0.0,
    0.0,
    0.0,
    0.0,
    0.017039671540260315,
    0.00010701914288802072,
    0.021809566766023636,
    0.14572805166244507,
    0.011571479961276054,
    0.08948201686143875,
    0.0001448227558284998,
    0.000845628441311419,
    0.0002614344994071871,
    0.12072765082120895,
    0.11779628694057465,
    -0.00011579728743527085,
    -6.338028470054269e-05,
    0.026757067069411278,
    0.02660660445690155,
    0.030420487746596336,
    0.03544721007347107,
    -0.00032634707167744637,
    0.00551353394985199,
    -0.00013937261246610433,
    0.00011558915139175951,
    0.0011334600858390331,
    0.0016432798001915216,
    0.2574767768383026,
    0.25178277492523193,
    0.0647830218076706,
    0.06812746077775955,
    0.04987237602472305,
    0.04987936466932297,
    0.012120316736400127,
    0.007631250657141209,
    0.0075851920992136,
    -0.00023515343491453677,
    0.047357067465782166,
    0.05487982928752899,
    0.02690909430384636,
    0.03364697843790054,
    0.0
  ],
  "active_shapes": {
    "JawForward": 0.017039671540260315,
    "JawRight": 0.021809566766023636,
    "JawOpen": 0.14572805166244507,
    "MouthClose": 0.011571479961276054,
    "MouthFunnel": 0.08948201686143875,
    "MouthSmileLeft": 0.12072765082120895,
    "MouthSmileRight": 0.11779628694057465,
    "MouthDimpleLeft": 0.026757067069411278,
    "MouthDimpleRight": 0.02660660445690155,
    "MouthStretchLeft": 0.030420487746596336,
    "MouthStretchRight": 0.03544721007347107,
    "MouthLowerDownLeft": 0.2574767768383026,
    "MouthLowerDownRight": 0.25178277492523193,
    "MouthUpperUpLeft": 0.0647830218076706,
    "MouthUpperUpRight": 0.06812746077775955,
    "BrowDownLeft": 0.04987237602472305,
    "BrowDownRight": 0.04987936466932297,
    "BrowInnerUp": 0.012120316736400127,
    "CheekSquintLeft": 0.047357067465782166,
    "CheekSquintRight": 0.05487982928752899,
    "NoseSneerLeft": 0.02690909430384636,
    "NoseSneerRight": 0.03364697843790054
  },
  "packet_size": 314,
  "packet_hex_preview": "060000002464646431326362302d333463612d313166302d383166662d3734353633633437336235330000000847616c6146616365003b9338fb3d07c8000000"
}