{
  "frame_id": 65,
  "timestamp": "2025-05-19T18:04:17.484490",
  "input_values": [
    0.0,
    0.0,
    0.0,
    0.0,
    0.0,
    0.0,
    0.0,
    0.0,
    0.0,
    0.0,
    0.0,
    0.0,
    0.0,
    0.0,
    0.01245169062167406,
    0.00015162122144829482,
    0.02815663255751133,
    0.07348572462797165,
    -0.00010327490599593148,
    0.06738297641277313,
    0.03280918672680855,
    -0.0004319082945585251,
    0.005430968012660742,
    0.07986095547676086,
    0.07277864217758179,
    -6.705722626065835e-05,
    0.00011407488636905327,
    0.015725847333669662,
    0.01577744446694851,
    0.00028386403573676944,
    0.00043384460150264204,
    -0.00014085028669796884,
    0.000995802110992372,
    0.0003346998419146985,
    0.008330471813678741,
    0.007384536322206259,
    0.008285782299935818,
    0.19169454276561737,
    0.2019798457622528,
    0.08299761265516281,
    0.08797037601470947,
    0.5970872640609741,
    0.5969847440719604,
    0.16360996663570404,
    -0.00011836615158244967,
    -0.00014735996956005692,
    0.0016787437489256263,
    0.04650431126356125,
    0.05491369217634201,
    0.05916956812143326,
    0.06664194166660309,
    0.0
  ],
  "active_shapes": {
    "JawForward": 0.01245169062167406,
    "JawRight": 0.02815663255751133,
    "JawOpen": 0.07348572462797165,
    "MouthFunnel": 0.06738297641277313,
    "MouthPucker": 0.03280918672680855,
    "MouthSmileLeft": 0.07986095547676086,
    "MouthSmileRight": 0.07277864217758179,
    "MouthDimpleLeft": 0.015725847333669662,
    "MouthDimpleRight": 0.01577744446694851,
    "MouthLowerDownLeft": 0.19169454276561737,
    "MouthLowerDownRight": 0.2019798457622528,
    "MouthUpperUpLeft": 0.08299761265516281,
    "MouthUpperUpRight": 0.08797037601470947,
    "BrowDownLeft": 0.5970872640609741,
    "BrowDownRight": 0.5969847440719604,
    "BrowInnerUp": 0.16360996663570404,
    "CheekSquintLeft": 0.04650431126356125,
    "CheekSquintRight": 0.05491369217634201,
    "NoseSneerLeft": 0.05916956812143326,
    "NoseSneerRight": 0.06664194166660309
  },
  "packet_size": 314,
  "packet_hex_preview": "060000002464646431326362302d333463612d313166302d383166662d3734353633633437336235330000000847616c6146616365003b8fd9fb3d07c8000000"
}