{
  "frame_id": 260,
  "timestamp": "2025-05-19T18:04:23.691337",
  "input_values": [
    0.0,
    0.0,
    0.0,
    0.0,
    0.0,
    0.0,
    0.0,
    0.0,
    0.0,
    0.0,
    0.0,
    0.0,
    0.0,
    0.0,
    0.005469988100230694,
    7.404172356473282e-05,
    0.000405569706344977,
    0.03219889476895332,
    0.016885340213775635,
    0.024426106363534927,
    0.0001699201384326443,
    0.010595591738820076,
    -6.360449333442375e-05,
    0.019538339227437973,
    0.01139018964022398,
    -3.7430214433697984e-05,
    8.905884169507772e-05,
    0.010357577353715897,
    0.009214093908667564,
    0.03080965206027031,
    0.026679623872041702,
    0.003906323108822107,
    0.0071726515889167786,
    2.7951584343099967e-05,
    -4.432232890394516e-05,
    5.840361154696438e-07,
    0.00025323149748146534,
    0.06373327970504761,
    0.05674997717142105,
    0.0016078263288363814,
    0.0006383493891917169,
    9.784787835087627e-05,
    -9.256351040676236e-05,
    0.07696430385112762,
    0.09871254116296768,
    0.09886686503887177,
    0.000305010995361954,
    0.009338787756860256,
    0.009073897264897823,
    8.09550765552558e-05,
    -7.885154627729207e-05,
    0.0
  ],
  "active_shapes": {
    "JawOpen": 0.03219889476895332,
    "MouthClose": 0.016885340213775635,
    "MouthFunnel": 0.024426106363534927,
    "MouthLeft": 0.010595591738820076,
    "MouthSmileLeft": 0.019538339227437973,
    "MouthSmileRight": 0.01139018964022398,
    "MouthDimpleLeft": 0.010357577353715897,
    "MouthStretchLeft": 0.03080965206027031,
    "MouthStretchRight": 0.026679623872041702,
    "MouthLowerDownLeft": 0.06373327970504761,
    "MouthLowerDownRight": 0.05674997717142105,
    "BrowInnerUp": 0.07696430385112762,
    "BrowOuterUpLeft": 0.09871254116296768,
    "BrowOuterUpRight": 0.09886686503887177
  },
  "packet_size": 314,
  "packet_hex_preview": "060000002464646431326362302d333463612d313166302d383166662d3734353633633437336235330000000847616c6146616365003b914dfb3d07c8000000"
}