{
  "frame_id": 46,
  "timestamp": "2025-05-19T18:04:16.988871",
  "input_values": [
    0.0,
    0.0,
    0.0,
    0.0,
    0.0,
    0.0,
    0.0,
    0.0,
    0.0,
    0.0,
    0.0,
    0.0,
    0.0,
    0.0,
    0.01336710900068283,
    0.00012771970068570226,
    0.006062345113605261,
    0.025578180328011513,
    0.00952521339058876,
    0.03389793261885643,
    0.010364241898059845,
    0.0003317944938316941,
    0.003383426694199443,
    -0.00045700729242525995,
    0.0006984696956351399,
    0.0002965789462905377,
    -0.00015192845603451133,
    0.001129637355916202,
    0.0014219628646969795,
    -4.271969373803586e-06,
    0.00045768357813358307,
    0.003692830679938197,
    0.0009629369014874101,
    0.00048729669651947916,
    0.0014807510888203979,
    -6.866657349746674e-05,
    9.737848449731246e-05,
    0.01581674814224243,
    0.028692180290818214,
    0.010576792992651463,
    0.017855536192655563,
    0.0015955567359924316,
    0.0015726424753665924,
    0.00705617293715477,
    0.0032116633374243975,
    0.0030508593190461397,
    0.0013811427634209394,
    0.01415728498250246,
    0.0240851528942585,
    0.02313445508480072,
    0.025988105684518814,
    0.0
  ],
  "active_shapes": {
    "JawForward": 0.01336710900068283,
    "JawOpen": 0.025578180328011513,
    "MouthFunnel": 0.03389793261885643,
    "MouthPucker": 0.010364241898059845,
    "MouthLowerDownLeft": 0.01581674814224243,
    "MouthLowerDownRight": 0.028692180290818214,
    "MouthUpperUpLeft": 0.010576792992651463,
    "MouthUpperUpRight": 0.017855536192655563,
    "CheekSquintLeft": 0.01415728498250246,
    "CheekSquintRight": 0.0240851528942585,
    "NoseSneerLeft": 0.02313445508480072,
    "NoseSneerRight": 0.025988105684518814
  },
  "packet_size": 314,
  "packet_hex_preview": "060000002464646431326362302d333463612d313166302d383166662d3734353633633437336235330000000847616c6146616365003b8fbbfb3d07c8000000"
}