{
  "frame_id": 117,
  "timestamp": "2025-05-19T18:04:19.240889",
  "input_values": [
    0.0,
    0.0,
    0.0,
    0.0,
    0.0,
    0.0,
    0.0,
    0.0,
    0.0,
    0.0,
    0.0,
    0.0,
    0.0,
    0.0,
    0.005661583039909601,
    7.413498678943142e-05,
    0.01002375315874815,
    0.016212360933423042,
    2.945681262644939e-05,
    0.02764393948018551,
    0.00015987438382580876,
    0.002777047920972109,
    2.9444225219776854e-05,
    0.043595992028713226,
    0.0416451171040535,
    6.525572098325938e-05,
    5.8598969189915806e-05,
    0.005008439067751169,
    0.004278261214494705,
    0.016772523522377014,
    0.015158790163695812,
    9.999389294534922e-05,
    0.0005485185538418591,
    0.00013670537737198174,
    0.0029190783388912678,
    0.00013000922626815736,
    0.0005677905865013599,
    0.06960230320692062,
    0.06859912723302841,
    0.03291734308004379,
    0.03239588439464569,
    4.142373654758558e-05,
    6.958127050893381e-05,
    0.0893053412437439,
    0.04788880795240402,
    0.04796751216053963,
    -7.042624201858416e-05,
    0.013496017083525658,
    0.0166116114705801,
    -0.00016125387628562748,
    0.0007287210901267827,
    0.0
  ],
  "active_shapes": {
    "JawRight": 0.01002375315874815,
    "JawOpen": 0.016212360933423042,
    "MouthFunnel": 0.02764393948018551,
    "MouthSmileLeft": 0.043595992028713226,
    "MouthSmileRight": 0.0416451171040535,
    "MouthStretchLeft": 0.016772523522377014,
    "MouthStretchRight": 0.015158790163695812,
    "MouthLowerDownLeft": 0.06960230320692062,
    "MouthLowerDownRight": 0.06859912723302841,
    "MouthUpperUpLeft": 0.03291734308004379,
    "MouthUpperUpRight": 0.03239588439464569,
    "BrowInnerUp": 0.0893053412437439,
    "BrowOuterUpLeft": 0.04788880795240402,
    "BrowOuterUpRight": 0.04796751216053963,
    "CheekSquintLeft": 0.013496017083525658,
    "CheekSquintRight": 0.0166116114705801
  },
  "packet_size": 314,
  "packet_hex_preview": "060000002464646431326362302d333463612d313166302d383166662d3734353633633437336235330000000847616c6146616365003b9042fb3d07c8000000"
}