{
  "frame_id": 527,
  "timestamp": "2025-05-19T18:04:32.342409",
  "input_values": [
    0.0,
    0.0,
    0.0,
    0.0,
    0.0,
    0.0,
    0.0,
    0.0,
    0.0,
    0.0,
    0.0,
    0.0,
    0.0,
    0.0,
    0.018592964857816696,
    0.00015083825564943254,
    0.0062184641137719154,
    0.1216258555650711,
    0.07478458434343338,
    0.11034350097179413,
    0.0004847391974180937,
    -0.00020299662719480693,
    0.008961682207882404,
    0.060797810554504395,
    0.0878133624792099,
    -9.67154664976988e-06,
    -0.0001955633779289201,
    0.03335033729672432,
    0.035922564566135406,
    0.06416730582714081,
    0.06239599734544754,
    0.000592397409491241,
    0.014986945316195488,
    -0.00023248317302204669,
    0.0003434782847762108,
    0.001375821651890874,
    0.002116603311151266,
    0.11365358531475067,
    0.12062474340200424,
    0.014378669671714306,
    0.020252471789717674,
    0.04431188106536865,
    0.044280923902988434,
    0.09157592058181763,
    5.749139381805435e-05,
    0.00012992083793506026,
    0.0006318051600828767,
    0.08391319960355759,
    0.10300900787115097,
    0.04488011449575424,
    0.05980182811617851,
    0.0
  ],
  "active_shapes": {
    "JawForward": 0.018592964857816696,
    "JawOpen": 0.1216258555650711,
    "MouthClose": 0.07478458434343338,
    "MouthFunnel": 0.11034350097179413,
    "MouthSmileLeft": 0.060797810554504395,
    "MouthSmileRight": 0.0878133624792099,
    "MouthDimpleLeft": 0.03335033729672432,
    "MouthDimpleRight": 0.035922564566135406,
    "MouthStretchLeft": 0.06416730582714081,
    "MouthStretchRight": 0.06239599734544754,
    "MouthRollUpper": 0.014986945316195488,
    "MouthLowerDownLeft": 0.11365358531475067,
    "MouthLowerDownRight": 0.12062474340200424,
    "MouthUpperUpLeft": 0.014378669671714306,
    "MouthUpperUpRight": 0.020252471789717674,
    "BrowDownLeft": 0.04431188106536865,
    "BrowDownRight": 0.044280923902988434,
    "BrowInnerUp": 0.09157592058181763,
    "CheekSquintLeft": 0.08391319960355759,
    "CheekSquintRight": 0.10300900787115097,
    "NoseSneerLeft": 0.04488011449575424,
    "NoseSneerRight": 0.05980182811617851
  },
  "packet_size": 314,
  "packet_hex_preview": "060000002464646431326362302d333463612d313166302d383166662d3734353633633437336235330000000847616c6146616365003b9354fb3d07c8000000"
}