{
  "frame_id": 302,
  "timestamp": "2025-05-19T18:04:25.144488",
  "input_values": [
    0.0,
    0.0,
    0.0,
    0.0,
    0.0,
    0.0,
    0.0,
    0.0,
    0.0,
    0.0,
    0.0,
    0.0,
    0.0,
    0.0,
    0.009180553257465363,
    7.305978215299547e-05,
    0.0023463808465749025,
    0.0034904382191598415,
    0.0035082295071333647,
    0.0007955677574500442,
    0.003486223053187132,
    0.011453168466687202,
    7.931239451863803e-06,
    0.0181263517588377,
    0.0073967440985143185,
    0.00023776336456649005,
    0.001937305205501616,
    0.008779999800026417,
    0.006926142610609531,
    0.03329937905073166,
    0.028110448271036148,
    0.010715605691075325,
    0.0072243427857756615,
    0.00019841597531922162,
    -6.506040335807484e-06,
    -0.00010754137474577874,
    0.00028056500013917685,
    0.03498013690114021,
    0.028252994641661644,
    0.0004450518172234297,
    -5.726992822019383e-05,
    0.0002313484437763691,
    0.00011188471398781985,
    0.23262421786785126,
    0.16245807707309723,
    0.1627056896686554,
    0.0008207467617467046,
    0.0153883071616292,
    0.014966318383812904,
    -5.01188806083519e-05,
    -0.00017901643877848983,
    0.0
  ],
  "active_shapes": {
    "MouthLeft": 0.011453168466687202,
    "MouthSmileLeft": 0.0181263517588377,
    "MouthStretchLeft": 0.03329937905073166,
    "MouthStretchRight": 0.028110448271036148,
    "MouthRollLower": 0.010715605691075325,
    "MouthLowerDownLeft": 0.03498013690114021,
    "MouthLowerDownRight": 0.028252994641661644,
    "BrowInnerUp": 0.23262421786785126,
    "BrowOuterUpLeft": 0.16245807707309723,
    "BrowOuterUpRight": 0.1627056896686554,
    "CheekSquintLeft": 0.0153883071616292,
    "CheekSquintRight": 0.014966318383812904
  },
  "packet_size": 314,
  "packet_hex_preview": "060000002464646431326362302d333463612d313166302d383166662d3734353633633437336235330000000847616c6146616365003b91a4fb3d07c8000000"
}