{
  "frame_id": 641,
  "timestamp": "2025-05-19T18:04:38.425726",
  "input_values": [
    0.0,
    0.0,
    0.0,
    0.0,
    0.0,
    0.0,
    0.0,
    0.0,
    0.0,
    0.0,
    0.0,
    0.0,
    0.0,
    0.0,
    0.0038033449091017246,
    7.481462671421468e-05,
    0.01130257360637188,
    0.03172231838107109,
    0.006172758061438799,
    0.044433850795030594,
    8.131928552757017e-06,
    0.004653173964470625,
    -3.12269403366372e-05,
    0.0381062850356102,
    0.036520350724458694,
    3.059293158003129e-05,
    0.00012354037608020008,
    0.008967587724328041,
    0.008465290069580078,
    0.033712856471538544,
    0.03592079132795334,
    0.00016563761164434254,
    0.002897388767451048,
    -6.866433250252157e-05,
    5.966227035969496e-05,
    4.819345485884696e-05,
    9.883825987344608e-05,
    0.08277086168527603,
    0.08068310469388962,
    0.019501224160194397,
    0.019380265846848488,
    0.0022755800746381283,
    0.0021463341545313597,
    0.03219810128211975,
    0.020063359290361404,
    0.020102431997656822,
    -3.070662933168933e-05,
    0.01642518863081932,
    0.01896659843623638,
    0.0003049308725167066,
    0.0002515389060135931,
    0.0
  ],
  "active_shapes": {
    "JawRight": 0.01130257360637188,
    "JawOpen": 0.03172231838107109,
    "MouthFunnel": 0.044433850795030594,
    "MouthSmileLeft": 0.0381062850356102,
    "MouthSmileRight": 0.036520350724458694,
    "MouthStretchLeft": 0.033712856471538544,
    "MouthStretchRight": 0.03592079132795334,
    "MouthLowerDownLeft": 0.08277086168527603,
    "MouthLowerDownRight": 0.08068310469388962,
    "MouthUpperUpLeft": 0.019501224160194397,
    "MouthUpperUpRight": 0.019380265846848488,
    "BrowInnerUp": 0.03219810128211975,
    "BrowOuterUpLeft": 0.020063359290361404,
    "BrowOuterUpRight": 0.020102431997656822,
    "CheekSquintLeft": 0.01642518863081932,
    "CheekSquintRight": 0.01896659843623638
  },
  "packet_size": 314,
  "packet_hex_preview": "060000002464646431326362302d333463612d313166302d383166662d3734353633633437336235330000000847616c6146616365003b94c1fb3d07c8000000"
}