{
  "frame_id": 403,
  "timestamp": "2025-05-19T18:04:28.115583",
  "input_values": [
    0.0,
    0.0,
    0.0,
    0.0,
    0.0,
    0.0,
    0.0,
    0.0,
    0.0,
    0.0,
    0.0,
    0.0,
    0.0,
    0.0,
    0.005020244512706995,
    0.0001957610948011279,
    0.02605569176375866,
    0.09091930091381073,
    -0.00011370192078175023,
    0.029670510441064835,
    0.0006805144366808236,
    0.0008063691784627736,
    0.0029399478808045387,
    0.14658738672733307,
    0.12051534652709961,
    -0.00012621564383152872,
    -1.0418962119729258e-05,
    0.04041777551174164,
    0.0393906831741333,
    0.03267474099993706,
    0.029665978625416756,
    0.00026840539067052305,
    0.005181419663131237,
    -5.435589628177695e-05,
    0.0012518332805484533,
    0.006077718921005726,
    0.00791508425027132,
    0.22467844188213348,
    0.24124690890312195,
    0.05165857449173927,
    0.060037776827812195,
    0.7993537187576294,
    0.7991472482681274,
    0.2763422429561615,
    -5.2760915423277766e-06,
    -8.654966950416565e-05,
    0.003760808613151312,
    0.05535617470741272,
    0.07041484117507935,
    0.010024105198681355,
    0.030734971165657043,
    0.0
  ],
  "active_shapes": {
    "JawRight": 0.02605569176375866,
    "JawOpen": 0.09091930091381073,
    "MouthFunnel": 0.029670510441064835,
    "MouthSmileLeft": 0.14658738672733307,
    "MouthSmileRight": 0.12051534652709961,
    "MouthDimpleLeft": 0.04041777551174164,
    "MouthDimpleRight": 0.0393906831741333,
    "MouthStretchLeft": 0.03267474099993706,
    "MouthStretchRight": 0.029665978625416756,
    "MouthLowerDownLeft": 0.22467844188213348,
    "MouthLowerDownRight": 0.24124690890312195,
    "MouthUpperUpLeft": 0.05165857449173927,
    "MouthUpperUpRight": 0.060037776827812195,
    "BrowDownLeft": 0.7993537187576294,
    "BrowDownRight": 0.7991472482681274,
    "BrowInnerUp": 0.2763422429561615,
    "CheekSquintLeft": 0.05535617470741272,
    "CheekSquintRight": 0.07041484117507935,
    "NoseSneerLeft": 0.010024105198681355,
    "NoseSneerRight": 0.030734971165657043
  },
  "packet_size": 314,
  "packet_hex_preview": "060000002464646431326362302d333463612d313166302d383166662d3734353633633437336235330000000847616c6146616365003b9256fb3d07c8000000"
}