{
  "frame_id": 433,
  "timestamp": "2025-05-19T18:04:29.143746",
  "input_values": [
    0.0,
    0.0,
    0.0,
    0.0,
    0.0,
    0.0,
    0.0,
    0.0,
    0.0,
    0.0,
    0.0,
    0.0,
    0.0,
    0.0,
    0.00405588373541832,
    0.00015079064178280532,
    0.018951311707496643,
    0.05865111202001572,
    0.00019895975128747523,
    0.06144746392965317,
    0.01553838886320591,
    9.791394404601306e-05,
    0.003101828508079052,
    0.07517017424106598,
    0.06439609825611115,
    -2.9044487746432424e-05,
    0.0001217278913827613,
    0.019023511558771133,
    0.018570100888609886,
    0.026413166895508766,
    0.021993737667798996,
    0.0002186753845307976,
    0.0018263347446918488,
    0.00022849629749543965,
    0.002222982235252857,
    0.004789317958056927,
    0.005872535519301891,
    0.17387327551841736,
    0.18701088428497314,
    0.056228142231702805,
    0.06296271085739136,
    0.6193435788154602,
    0.6192626357078552,
    0.213566392660141,
    0.00045839129597879946,
    0.0004718769923783839,
    0.002109479857608676,
    0.04289395362138748,
    0.05345211178064346,
    0.02853207290172577,
    0.0374937504529953,
    0.0
  ],
  "active_shapes": {
    "JawRight": 0.018951311707496643,
    "JawOpen": 0.05865111202001572,
    "MouthFunnel": 0.06144746392965317,
    "MouthPucker": 0.01553838886320591,
    "MouthSmileLeft": 0.07517017424106598,
    "MouthSmileRight": 0.06439609825611115,
    "MouthDimpleLeft": 0.019023511558771133,
    "MouthDimpleRight": 0.018570100888609886,
    "MouthStretchLeft": 0.026413166895508766,
    "MouthStretchRight": 0.021993737667798996,
    "MouthLowerDownLeft": 0.17387327551841736,
    "MouthLowerDownRight": 0.18701088428497314,
    "MouthUpperUpLeft": 0.056228142231702805,
    "MouthUpperUpRight": 0.06296271085739136,
    "BrowDownLeft": 0.6193435788154602,
    "BrowDownRight": 0.6192626357078552,
    "BrowInnerUp": 0.213566392660141,
    "CheekSquintLeft": 0.04289395362138748,
    "CheekSquintRight": 0.05345211178064346,
    "NoseSneerLeft": 0.02853207290172577,
    "NoseSneerRight": 0.0374937504529953
  },
  "packet_size": 314,
  "packet_hex_preview": "060000002464646431326362302d333463612d313166302d383166662d3734353633633437336235330000000847616c6146616365003b9294fb3d07c8000000"
}