{
  "frame_id": 9,
  "timestamp": "2025-05-19T18:04:15.597879",
  "input_values": [
    0.0,
    0.0,
    0.0,
    0.0,
    0.0,
    0.0,
    0.0,
    0.0,
    0.0,
    0.0,
    0.0,
    0.0,
    0.0,
    0.0,
    0.02436654642224312,
    0.00018379763059783727,
    0.03017733059823513,
    0.12193605303764343,
    0.00011557032121345401,
    0.13758493959903717,
    0.0007747207419015467,
    0.001674773870036006,
    0.0007383404881693423,
    0.21787294745445251,
    0.2242307811975479,
    -0.00010194879723712802,
    1.603655982762575e-05,
    0.023096023127436638,
    0.0248328298330307,
    0.04043371602892876,
    0.03713427111506462,
    0.00018260272918269038,
    0.002210433827713132,
    0.00020670171943493187,
    0.001587587408721447,
    0.004127726424485445,
    0.0049329157918691635,
    0.3941248655319214,
    0.4010812044143677,
    0.20007622241973877,
    0.21173334121704102,
    0.12899835407733917,
    0.12872736155986786,
    0.03606428951025009,
    0.007894341833889484,
    0.007976287975907326,
    -0.0005380538641475141,
    0.08814689517021179,
    0.09411090612411499,
    0.09395833313465118,
    0.10262056440114975,
    0.0
  ],
  "active_shapes": {
    "JawForward": 0.02436654642224312,
    "JawRight": 0.03017733059823513,
    "JawOpen": 0.12193605303764343,
    "MouthFunnel": 0.13758493959903717,
    "MouthSmileLeft": 0.21787294745445251,
    "MouthSmileRight": 0.2242307811975479,
    "MouthDimpleLeft": 0.023096023127436638,
    "MouthDimpleRight": 0.0248328298330307,
    "MouthStretchLeft": 0.04043371602892876,
    "MouthStretchRight": 0.03713427111506462,
    "MouthLowerDownLeft": 0.3941248655319214,
    "MouthLowerDownRight": 0.4010812044143677,
    "MouthUpperUpLeft": 0.20007622241973877,
    "MouthUpperUpRight": 0.21173334121704102,
    "BrowDownLeft": 0.12899835407733917,
    "BrowDownRight": 0.12872736155986786,
    "BrowInnerUp": 0.03606428951025009,
    "CheekSquintLeft": 0.08814689517021179,
    "CheekSquintRight": 0.09411090612411499,
    "NoseSneerLeft": 0.09395833313465118,
    "NoseSneerRight": 0.10262056440114975
  },
  "packet_size": 314,
  "packet_hex_preview": "060000002464646431326362302d333463612d313166302d383166662d3734353633633437336235330000000847616c6146616365003b8f67fb3d07c8000000"
}