{
  "frame_id": 361,
  "timestamp": "2025-05-19T18:04:26.858435",
  "input_values": [
    0.0,
    0.0,
    0.0,
    0.0,
    0.0,
    0.0,
    0.0,
    0.0,
    0.0,
    0.0,
    0.0,
    0.0,
    0.0,
    0.0,
    0.00814150646328926,
    0.00017034214397426695,
    0.002534551313146949,
    0.06971345841884613,
    0.0386895015835762,
    0.10835947841405869,
    0.07279603183269501,
    0.008011276833713055,
    0.0008642239845357835,
    0.003974106628447771,
    0.009339540265500546,
    0.002637500176206231,
    0.002765427343547344,
    0.00828175526112318,
    0.007557743228971958,
    0.03422538936138153,
    0.03539660573005676,
    0.00018220396304968745,
    0.008411022834479809,
    0.0004938283236697316,
    -8.922774577513337e-05,
    0.0017342049395665526,
    0.002210568869486451,
    0.11441013962030411,
    0.10727252066135406,
    0.005589699372649193,
    0.007595541421324015,
    0.09760741889476776,
    0.0976124033331871,
    0.08616405725479126,
    0.05229711905121803,
    0.05239184945821762,
    0.0033393388148397207,
    0.031017258763313293,
    0.03900492563843727,
    -0.00023019660147838295,
    0.0002605978515930474,
    0.0
  ],
  "active_shapes": {
    "JawOpen": 0.06971345841884613,
    "MouthClose": 0.0386895015835762,
    "MouthFunnel": 0.10835947841405869,
    "MouthPucker": 0.07279603183269501,
    "MouthStretchLeft": 0.03422538936138153,
    "MouthStretchRight": 0.03539660573005676,
    "MouthLowerDownLeft": 0.11441013962030411,
    "MouthLowerDownRight": 0.10727252066135406,
    "BrowDownLeft": 0.09760741889476776,
    "BrowDownRight": 0.0976124033331871,
    "BrowInnerUp": 0.08616405725479126,
    "BrowOuterUpLeft": 0.05229711905121803,
    "BrowOuterUpRight": 0.05239184945821762,
    "CheekSquintLeft": 0.031017258763313293,
    "CheekSquintRight": 0.03900492563843727
  },
  "packet_size": 314,
  "packet_hex_preview": "060000002464646431326362302d333463612d313166302d383166662d3734353633633437336235330000000847616c6146616365003b920bfb3d07c8000000"
}