{
  "frame_id": 489,
  "timestamp": "2025-05-19T18:04:30.868331",
  "input_values": [
    0.0,
    0.0,
    0.0,
    0.0,
    0.0,
    0.0,
    0.0,
    0.0,
    0.0,
    0.0,
    0.0,
    0.0,
    0.0,
    0.0,
    0.00022538343910127878,
    0.00015088592772372067,
    0.008738765493035316,
    0.03400234878063202,
    0.0010760936420410872,
    0.03304482623934746,
    0.004660922102630138,
    0.0008199650910682976,
    0.0011194476392120123,
    0.05661202222108841,
    0.042456336319446564,
    1.484408312535379e-05,
    4.4887485273648053e-05,
    0.014885703101754189,
    0.014560669660568237,
    0.01607915386557579,
    0.014545549638569355,
    0.0002377495839027688,
    0.0035068404395133257,
    9.22932376852259e-05,
    0.0005171035300008953,
    0.004627516958862543,
    0.005129608325660229,
    0.11202108860015869,
    0.11616263538599014,
    0.01048778835684061,
    0.014377892017364502,
    0.38222557306289673,
    0.3819815516471863,
    0.08924303948879242,
    0.0004880391061306,
    0.00044423952931538224,
    0.0016031995182856917,
    0.030393868684768677,
    0.0361282117664814,
    0.008673688396811485,
    0.0069046951830387115,
    0.0
  ],
  "active_shapes": {
    "JawOpen": 0.03400234878063202,
    "MouthFunnel": 0.03304482623934746,
    "MouthSmileLeft": 0.05661202222108841,
    "MouthSmileRight": 0.042456336319446564,
    "MouthDimpleLeft": 0.014885703101754189,
    "MouthDimpleRight": 0.014560669660568237,
    "MouthStretchLeft": 0.01607915386557579,
    "MouthStretchRight": 0.014545549638569355,
    "MouthLowerDownLeft": 0.11202108860015869,
    "MouthLowerDownRight": 0.11616263538599014,
    "MouthUpperUpLeft": 0.01048778835684061,
    "MouthUpperUpRight": 0.014377892017364502,
    "BrowDownLeft": 0.38222557306289673,
    "BrowDownRight": 0.3819815516471863,
    "BrowInnerUp": 0.08924303948879242,
    "CheekSquintLeft": 0.030393868684768677,
    "CheekSquintRight": 0.0361282117664814
  },
  "packet_size": 314,
  "packet_hex_preview": "060000002464646431326362302d333463612d313166302d383166662d3734353633633437336235330000000847616c6146616365003b92fcfb3d07c8000000"
}