{
  "frame_id": 122,
  "timestamp": "2025-05-19T18:04:19.277272",
  "input_values": [
    0.0,
    0.0,
    0.0,
    0.0,
    0.0,
    0.0,
    0.0,
    0.0,
    0.0,
    0.0,
    0.0,
    0.0,
    0.0,
    0.0,
    0.016767820343375206,
    0.00011239533341722563,
    0.020848046988248825,
    0.14209814369678497,
    -0.00011418706708354875,
    0.07856158912181854,
    4.559855005936697e-05,
    0.0008940179250203073,
    0.0006214011227712035,
    0.08188679814338684,
    0.07127513736486435,
    -5.507172318175435e-05,
    -1.579288800712675e-05,
    0.022370800375938416,
    0.021852675825357437,
    0.023609455674886703,
    0.026581253856420517,
    -0.00011530260962899774,
    0.003662258852273226,
    -8.766265818849206e-05,
    0.0007897524046711624,
    0.005213270429521799,
    0.0058128368109464645,
    0.23683111369609833,
    0.2409725785255432,
    0.07589808106422424,
    0.0817902535200119,
    0.21447205543518066,
    0.21434053778648376,
    0.008416392840445042,
    -8.799999341135845e-05,
    -0.00010299905989086255,
    0.00033547607017681,
    0.04907255619764328,
    0.053119268268346786,
    0.03281700611114502,
    0.0393986776471138,
    0.0
  ],
  "active_shapes": {
    "JawForward": 0.016767820343375206,
    "JawRight": 0.020848046988248825,
    "JawOpen": 0.14209814369678497,
    "MouthFunnel": 0.07856158912181854,
    "MouthSmileLeft": 0.08188679814338684,
    "MouthSmileRight": 0.07127513736486435,
    "MouthDimpleLeft": 0.022370800375938416,
    "MouthDimpleRight": 0.021852675825357437,
    "MouthStretchLeft": 0.023609455674886703,
    "MouthStretchRight": 0.026581253856420517,
    "MouthLowerDownLeft": 0.23683111369609833,
    "MouthLowerDownRight": 0.2409725785255432,
    "MouthUpperUpLeft": 0.07589808106422424,
    "MouthUpperUpRight": 0.0817902535200119,
    "BrowDownLeft": 0.21447205543518066,
    "BrowDownRight": 0.21434053778648376,
    "CheekSquintLeft": 0.04907255619764328,
    "CheekSquintRight": 0.053119268268346786,
    "NoseSneerLeft": 0.03281700611114502,
    "NoseSneerRight": 0.0393986776471138
  },
  "packet_size": 314,
  "packet_hex_preview": "060000002464646431326362302d333463612d313166302d383166662d3734353633633437336235330000000847616c6146616365003b9044fb3d07c8000000"
}