{
  "frame_id": 572,
  "timestamp": "2025-05-19T18:04:34.602117",
  "input_values": [
    0.0,
    0.0,
    0.0,
    0.0,
    0.0,
    0.0,
    0.0,
    0.0,
    0.0,
    0.0,
    0.0,
    0.0,
    0.0,
    0.0,
    0.0022720296401530504,
    0.00011395412002457306,
    0.011075065471231937,
    0.034029461443424225,
    0.00014088994066696614,
    0.04582531750202179,
    0.0009284089901484549,
    0.0009496489074081182,
    0.0006628237315453589,
    0.06332805007696152,
    0.05585483834147453,
    3.5868037230102345e-05,
    -3.496102726785466e-05,
    0.008567916229367256,
    0.00893073994666338,
    0.0007004077779129148,
    0.002994995331391692,
    7.3731251177378e-05,
    0.0031442102044820786,
    3.77197029592935e-05,
    0.00045506490278057754,
    0.0026381793431937695,
    0.002693719929084182,
    0.09798485040664673,
    0.10331505537033081,
    0.04186765477061272,
    0.0460122674703598,
    0.13349850475788116,
    0.1333279013633728,
    0.0032906485721468925,
    -8.063725545071065e-06,
    -8.987278306449298e-06,
    0.00022238277597352862,
    0.027233248576521873,
    0.02961527556180954,
    0.022391654551029205,
    0.02067228965461254,
    0.0
  ],
  "active_shapes": {
    "JawRight": 0.011075065471231937,
    "JawOpen": 0.034029461443424225,
    "MouthFunnel": 0.04582531750202179,
    "MouthSmileLeft": 0.06332805007696152,
    "MouthSmileRight": 0.05585483834147453,
    "MouthLowerDownLeft": 0.09798485040664673,
    "MouthLowerDownRight": 0.10331505537033081,
    "MouthUpperUpLeft": 0.04186765477061272,
    "MouthUpperUpRight": 0.0460122674703598,
    "BrowDownLeft": 0.13349850475788116,
    "BrowDownRight": 0.1333279013633728,
    "CheekSquintLeft": 0.027233248576521873,
    "CheekSquintRight": 0.02961527556180954,
    "NoseSneerLeft": 0.022391654551029205,
    "NoseSneerRight": 0.02067228965461254
  },
  "packet_size": 314,
  "packet_hex_preview": "060000002464646431326362302d333463612d313166302d383166662d3734353633633437336235330000000847616c6146616365003b93dcfb3d07c8000000"
}