{
  "frame_id": 132,
  "timestamp": "2025-05-19T18:04:19.632200",
  "input_values": [
    0.0,
    0.0,
    0.0,
    0.0,
    0.0,
    0.0,
    0.0,
    0.0,
    0.0,
    0.0,
    0.0,
    0.0,
    0.0,
    0.0,
    0.0004489326965995133,
    3.98573829443194e-05,
    0.0020783026702702045,
    0.013630343601107597,
    5.0739861762849614e-05,
    0.013078497722744942,
    0.007016932126134634,
    -5.6421140470774844e-05,
    0.0014353361912071705,
    0.018559293821454048,
    0.01812209188938141,
    -1.1633360372798052e-05,
    -2.3237840650836006e-05,
    0.004361249040812254,
    0.004511662758886814,
    8.896995859686285e-05,
    -2.4774533812887967e-05,
    1.3112131455272902e-05,
    0.0008188097854144871,
    0.00031908988603390753,
    0.001772603951394558,
    0.002077235374599695,
    0.0023007355630397797,
    0.038692452013492584,
    0.042500123381614685,
    0.01683296635746956,
    0.019655467942357063,
    0.153859943151474,
    0.15382607281208038,
    0.02729840576648712,
    -9.290673006034922e-06,
    -2.455738103890326e-05,
    0.0005845362320542336,
    0.009179309941828251,
    0.012053469195961952,
    0.02099766954779625,
    0.022377263754606247,
    0.0
  ],
  "active_shapes": {
    "JawOpen": 0.013630343601107597,
    "MouthFunnel": 0.013078497722744942,
    "MouthSmileLeft": 0.018559293821454048,
    "MouthSmileRight": 0.01812209188938141,
    "MouthLowerDownLeft": 0.038692452013492584,
    "MouthLowerDownRight": 0.042500123381614685,
    "MouthUpperUpLeft": 0.01683296635746956,
    "MouthUpperUpRight": 0.019655467942357063,
    "BrowDownLeft": 0.153859943151474,
    "BrowDownRight": 0.15382607281208038,
    "BrowInnerUp": 0.02729840576648712,
    "CheekSquintRight": 0.012053469195961952,
    "NoseSneerLeft": 0.02099766954779625,
    "NoseSneerRight": 0.022377263754606247
  },
  "packet_size": 314,
  "packet_hex_preview": "060000002464646431326362302d333463612d313166302d383166662d3734353633633437336235330000000847616c6146616365003b9059fb3d07c8000000"
}