{
  "frame_id": 297,
  "timestamp": "2025-05-19T18:04:25.103058",
  "input_values": [
    0.0,
    0.0,
    0.0,
    0.0,
    0.0,
    0.0,
    0.0,
    0.0,
    0.0,
    0.0,
    0.0,
    0.0,
    0.0,
    0.0,
    0.000628564041107893,
    4.209268081467599e-05,
    0.0030517918057739735,
    0.013180961832404137,
    8.970598173618782e-06,
    0.012359880842268467,
    0.004900209605693817,
    -3.918532092939131e-05,
    0.0014860181836411357,
    0.01678667590022087,
    0.016375843435525894,
    1.8872376585932216e-06,
    -5.2337185479700565e-05,
    0.004566223360598087,
    0.004576441366225481,
    0.00010566974378889427,
    7.898952026152983e-05,
    2.7904217859031633e-05,
    0.0007014468428678811,
    0.001354748266749084,
    0.003012717003002763,
    0.0017734814900904894,
    0.002014506608247757,
    0.0339842364192009,
    0.037896908819675446,
    0.015621088445186615,
    0.018506167456507683,
    0.13065901398658752,
    0.13061070442199707,
    0.001980345929041505,
    -8.55488542583771e-05,
    -0.00011547782924026251,
    0.00030961219454184175,
    0.006078512407839298,
    0.009425400756299496,
    0.015729157254099846,
    0.018710220232605934,
    0.0
  ],
  "active_shapes": {
    "JawOpen": 0.013180961832404137,
    "MouthFunnel": 0.012359880842268467,
    "MouthSmileLeft": 0.01678667590022087,
    "MouthSmileRight": 0.016375843435525894,
    "MouthLowerDownLeft": 0.0339842364192009,
    "MouthLowerDownRight": 0.037896908819675446,
    "MouthUpperUpLeft": 0.015621088445186615,
    "MouthUpperUpRight": 0.018506167456507683,
    "BrowDownLeft": 0.13065901398658752,
    "BrowDownRight": 0.13061070442199707,
    "NoseSneerLeft": 0.015729157254099846,
    "NoseSneerRight": 0.018710220232605934
  },
  "packet_size": 314,
  "packet_hex_preview": "060000002464646431326362302d333463612d313166302d383166662d3734353633633437336235330000000847616c6146616365003b91a2fb3d07c8000000"
}