{
  "frame_id": 711,
  "timestamp": "2025-05-19T18:04:42.237810",
  "input_values": [
    0.0,
    0.0,
    0.0,
    0.0,
    0.0,
    0.0,
    0.0,
    0.0,
    0.0,
    0.0,
    0.0,
    0.0,
    0.0,
    0.0,
    0.00019292959768790752,
    7.552919123554602e-05,
    0.005520926322788,
    0.005584443919360638,
    6.936747467989335e-06,
    0.00242615700699389,
    0.0051809209398925304,
    0.00019528737175278366,
    0.001751930802129209,
    0.04758133739233017,
    0.03794875368475914,
    -6.147611657070229e-06,
    2.5507184545858763e-05,
    0.011947078630328178,
    0.011734935455024242,
    0.005509420298039913,
    0.0032738924492150545,
    0.00025331461802124977,
    0.0013095422182232141,
    0.003391268430277705,
    0.0058187381364405155,
    0.003152365330606699,
    0.0038211331702768803,
    0.04263690859079361,
    0.04624015837907791,
    0.014398960396647453,
    0.016731956973671913,
    0.31773725152015686,
    0.3176766633987427,
    0.09700996428728104,
    -2.8977348847547546e-05,
    -3.6182464100420475e-05,
    0.0013620934914797544,
    0.021523673087358475,
    0.027348723262548447,
    0.01787717640399933,
    0.023852188140153885,
    0.0
  ],
  "active_shapes": {
    "MouthSmileLeft": 0.04758133739233017,
    "MouthSmileRight": 0.03794875368475914,
    "MouthDimpleLeft": 0.011947078630328178,
    "MouthDimpleRight": 0.011734935455024242,
    "MouthLowerDownLeft": 0.04263690859079361,
    "MouthLowerDownRight": 0.04624015837907791,
    "MouthUpperUpLeft": 0.014398960396647453,
    "MouthUpperUpRight": 0.016731956973671913,
    "BrowDownLeft": 0.31773725152015686,
    "BrowDownRight": 0.3176766633987427,
    "BrowInnerUp": 0.09700996428728104,
    "CheekSquintLeft": 0.021523673087358475,
    "CheekSquintRight": 0.027348723262548447,
    "NoseSneerLeft": 0.01787717640399933,
    "NoseSneerRight": 0.023852188140153885
  },
  "packet_size": 314,
  "packet_hex_preview": "060000002464646431326362302d333463612d313166302d383166662d3734353633633437336235330000000847616c6146616365003b95a6fb3d07c8000000"
}