{
  "frame_id": 83,
  "timestamp": "2025-05-19T18:04:17.966020",
  "input_values": [
    0.0,
    0.0,
    0.0,
    0.0,
    0.0,
    0.0,
    0.0,
    0.0,
    0.0,
    0.0,
    0.0,
    0.0,
    0.0,
    0.0,
    0.008113033138215542,
    0.0001877704489743337,
    0.02554549276828766,
    0.07074206322431564,
    1.1970894775004126e-05,
    0.016809938475489616,
    0.0007034193258732557,
    0.0009445734322071075,
    0.0013567267451435328,
    0.052492205053567886,
    0.031638529151678085,
    -3.698569707921706e-05,
    0.0001808141969377175,
    0.028675626963377,
    0.027516430243849754,
    0.030842911452054977,
    0.028745977208018303,
    0.00011612268281169236,
    0.0042380066588521,
    -0.00022012059343978763,
    0.0007621972472406924,
    0.005764472298324108,
    0.006649737246334553,
    0.12022208422422409,
    0.1254478394985199,
    0.00804352480918169,
    0.008848114870488644,
    0.5661885738372803,
    0.5658653378486633,
    0.15085600316524506,
    -7.07577564753592e-05,
    -0.0001280035066884011,
    0.0014322771457955241,
    0.03997102379798889,
    0.04353947937488556,
    -8.110512135317549e-05,
    0.0014223508769646287,
    0.0
  ],
  "active_shapes": {
    "JawRight": 0.02554549276828766,
    "JawOpen": 0.07074206322431564,
    "MouthFunnel": 0.016809938475489616,
    "MouthSmileLeft": 0.052492205053567886,
    "MouthSmileRight": 0.031638529151678085,
    "MouthDimpleLeft": 0.028675626963377,
    "MouthDimpleRight": 0.027516430243849754,
    "MouthStretchLeft": 0.030842911452054977,
    "MouthStretchRight": 0.028745977208018303,
    "MouthLowerDownLeft": 0.12022208422422409,
    "MouthLowerDownRight": 0.1254478394985199,
    "BrowDownLeft": 0.5661885738372803,
    "BrowDownRight": 0.5658653378486633,
    "BrowInnerUp": 0.15085600316524506,
    "CheekSquintLeft": 0.03997102379798889,
    "CheekSquintRight": 0.04353947937488556
  },
  "packet_size": 314,
  "packet_hex_preview": "060000002464646431326362302d333463612d313166302d383166662d3734353633633437336235330000000847616c6146616365003b8ff5fb3d07c8000000"
}