{
  "frame_id": 457,
  "timestamp": "2025-05-19T18:04:29.932140",
  "input_values": [
    0.0,
    0.0,
    0.0,
    0.0,
    0.0,
    0.0,
    0.0,
    0.0,
    0.0,
    0.0,
    0.0,
    0.0,
    0.0,
    0.0,
    0.00031082885107025504,
    0.00015811275807209313,
    0.006489734165370464,
    0.06239908188581467,
    0.00026013414026238024,
    0.0854780450463295,
    0.03050454519689083,
    0.00015732631436549127,
    0.005395903252065182,
    0.02033945545554161,
    0.02908680960536003,
    -0.00012344834976829588,
    6.343161658151075e-05,
    0.013855238445103168,
    0.014021153561770916,
    0.012965263798832893,
    0.010486801154911518,
    5.730368502554484e-05,
    0.003017620649188757,
    0.00016878076712600887,
    0.0007009171531535685,
    0.005587744526565075,
    0.006471843924373388,
    0.14225386083126068,
    0.15339002013206482,
    0.033896204084157944,
    0.04470715671777725,
    0.4844702184200287,
    0.4842151701450348,
    0.16531628370285034,
    -0.00016253654030151665,
    -0.000245122064370662,
    0.003395901992917061,
    0.028276357799768448,
    0.037559203803539276,
    0.0031999140046536922,
    0.00791413988918066,
    0.0
  ],
  "active_shapes": {
    "JawOpen": 0.06239908188581467,
    "MouthFunnel": 0.0854780450463295,
    "MouthPucker": 0.03050454519689083,
    "MouthSmileLeft": 0.02033945545554161,
    "MouthSmileRight": 0.02908680960536003,
    "MouthDimpleLeft": 0.013855238445103168,
    "MouthDimpleRight": 0.014021153561770916,
    "MouthStretchLeft": 0.012965263798832893,
    "MouthStretchRight": 0.010486801154911518,
    "MouthLowerDownLeft": 0.14225386083126068,
    "MouthLowerDownRight": 0.15339002013206482,
    "MouthUpperUpLeft": 0.033896204084157944,
    "MouthUpperUpRight": 0.04470715671777725,
    "BrowDownLeft": 0.4844702184200287,
    "BrowDownRight": 0.4842151701450348,
    "BrowInnerUp": 0.16531628370285034,
    "CheekSquintLeft": 0.028276357799768448,
    "CheekSquintRight": 0.037559203803539276
  },
  "packet_size": 314,
  "packet_hex_preview": "060000002464646431326362302d333463612d313166302d383166662d3734353633633437336235330000000847616c6146616365003b92c3fb3d07c8000000"
}