{
  "frame_id": 707,
  "timestamp": "2025-05-19T18:04:41.917844",
  "input_values": [
    0.0,
    0.0,
    0.0,
    0.0,
    0.0,
    0.0,
    0.0,
    0.0,
    0.0,
    0.0,
    0.0,
    0.0,
    0.0,
    0.0,
    0.0036282900255173445,
    0.0001879575866041705,
    0.026476649567484856,
    0.06455262005329132,
    -9.959171438822523e-05,
    0.05684346333146095,
    0.0008748798281885684,
    0.00018106844800058752,
    0.008713031187653542,
    0.10604073852300644,
    0.08893106132745743,
    -8.2872529674205e-06,
    4.444234582479112e-05,
    0.024108828976750374,
    0.02371671423316002,
    0.032998062670230865,
    0.03138577938079834,
    0.00013275118544697762,
    0.0022757332772016525,
    0.0002535009116400033,
    0.006444594822824001,
    0.006087112240493298,
    0.007555792108178139,
    0.2261110246181488,
    0.2411631941795349,
    0.09016392379999161,
    0.10331320762634277,
    0.7996246814727783,
    0.7995070815086365,
    0.2851763367652893,
    6.829750054748729e-05,
    1.591548243595753e-05,
    0.0027641800697892904,
    0.04914553090929985,
    0.06393349170684814,
    0.048034776002168655,
    0.06969045847654343,
    0.0
  ],
  "active_shapes": {
    "JawRight": 0.026476649567484856,
    "JawOpen": 0.06455262005329132,
    "MouthFunnel": 0.05684346333146095,
    "MouthSmileLeft": 0.10604073852300644,
    "MouthSmileRight": 0.08893106132745743,
    "MouthDimpleLeft": 0.024108828976750374,
    "MouthDimpleRight": 0.02371671423316002,
    "MouthStretchLeft": 0.032998062670230865,
    "MouthStretchRight": 0.03138577938079834,
    "MouthLowerDownLeft": 0.2261110246181488,
    "MouthLowerDownRight": 0.2411631941795349,
    "MouthUpperUpLeft": 0.09016392379999161,
    "MouthUpperUpRight": 0.10331320762634277,
    "BrowDownLeft": 0.7996246814727783,
    "BrowDownRight": 0.7995070815086365,
    "BrowInnerUp": 0.2851763367652893,
    "CheekSquintLeft": 0.04914553090929985,
    "CheekSquintRight": 0.06393349170684814,
    "NoseSneerLeft": 0.048034776002168655,
    "NoseSneerRight": 0.06969045847654343
  },
  "packet_size": 314,
  "packet_hex_preview": "060000002464646431326362302d333463612d313166302d383166662d3734353633633437336235330000000847616c6146616365003b9593fb3d07c8000000"
}