{
  "frame_id": 175,
  "timestamp": "2025-05-19T18:04:20.935418",
  "input_values": [
    0.0,
    0.0,
    0.0,
    0.0,
    0.0,
    0.0,
    0.0,
    0.0,
    0.0,
    0.0,
    0.0,
    0.0,
    0.0,
    0.0,
    0.004328266251832247,
    0.0001119970838772133,
    -0.0007272885995917022,
    0.0011240156600251794,
    0.005296226590871811,
    0.00018895065295509994,
    0.024388423189520836,
    0.012799540534615517,
    -0.00011306725355098024,
    0.0017713552806526423,
    0.000788346747867763,
    6.173936708364636e-05,
    0.0003654278698377311,
    0.005453350022435188,
    0.003090329933911562,
    0.014068733900785446,
    0.0016144495457410812,
    0.018698619678616524,
    0.006404646672308445,
    0.00045607995707541704,
    6.98767980793491e-05,
    0.0006481794989667833,
    0.0014703774359077215,
    0.0023163233418017626,
    -0.0011731223203241825,
    -0.000592655676882714,
    0.0002250314282719046,
    0.0014365077950060368,
    0.0012436396209523082,
    0.10624723136425018,
    0.02817586064338684,
    0.028335068374872208,
    0.0020410947035998106,
    0.006469413172453642,
    0.010969238355755806,
    -0.00012563317432068288,
    -0.0001144971902249381,
    0.0
  ],
  "active_shapes": {
    "MouthPucker": 0.024388423189520836,
    "MouthLeft": 0.012799540534615517,
    "MouthStretchLeft": 0.014068733900785446,
    "MouthRollLower": 0.018698619678616524,
    "BrowInnerUp": 0.10624723136425018,
    "BrowOuterUpLeft": 0.02817586064338684,
    "BrowOuterUpRight": 0.028335068374872208,
    "CheekSquintRight": 0.010969238355755806
  },
  "packet_size": 314,
  "packet_hex_preview": "060000002464646431326362302d333463612d313166302d383166662d3734353633633437336235330000000847616c6146616365003b90a8fb3d07c8000000"
}