{
  "frame_id": 139,
  "timestamp": "2025-05-19T18:04:19.691128",
  "input_values": [
    0.0,
    0.0,
    0.0,
    0.0,
    0.0,
    0.0,
    0.0,
    0.0,
    0.0,
    0.0,
    0.0,
    0.0,
    0.0,
    0.0,
    0.013994123786687851,
    0.00018655770691111684,
    0.02389979362487793,
    0.043845243752002716,
    0.0006311117904260755,
    0.16577434539794922,
    0.0004404728242661804,
    0.00034638549550436437,
    0.005740196909755468,
    0.22021594643592834,
    0.22193318605422974,
    -9.009065252030268e-06,
    -0.00013179697270970792,
    0.02353014424443245,
    0.02537211962044239,
    0.030801625922322273,
    0.03234623372554779,
    0.0003286662686150521,
    0.002227652119472623,
    0.014372800476849079,
    0.044675882905721664,
    0.004059228114783764,
    0.005036677699536085,
    0.17042167484760284,
    0.1730351597070694,
    0.1441490352153778,
    0.14911819994449615,
    0.08066262304782867,
    0.08048584312200546,
    0.06514368951320648,
    -0.00013014543219469488,
    -0.00010723724699346349,
    -0.0009074148256331682,
    0.1748407930135727,
    0.20230144262313843,
    0.15938690304756165,
    0.17942601442337036,
    0.0
  ],
  "active_shapes": {
    "JawForward": 0.013994123786687851,
    "JawRight": 0.02389979362487793,
    "JawOpen": 0.043845243752002716,
    "MouthFunnel": 0.16577434539794922,
    "MouthSmileLeft": 0.22021594643592834,
    "MouthSmileRight": 0.22193318605422974,
    "MouthDimpleLeft": 0.02353014424443245,
    "MouthDimpleRight": 0.02537211962044239,
    "MouthStretchLeft": 0.030801625922322273,
    "MouthStretchRight": 0.03234623372554779,
    "MouthShrugLower": 0.014372800476849079,
    "MouthShrugUpper": 0.044675882905721664,
    "MouthLowerDownLeft": 0.17042167484760284,
    "MouthLowerDownRight": 0.1730351597070694,
    "MouthUpperUpLeft": 0.1441490352153778,
    "MouthUpperUpRight": 0.14911819994449615,
    "BrowDownLeft": 0.08066262304782867,
    "BrowDownRight": 0.08048584312200546,
    "BrowInnerUp": 0.06514368951320648,
    "CheekSquintLeft": 0.1748407930135727,
    "CheekSquintRight": 0.20230144262313843,
    "NoseSneerLeft": 0.15938690304756165,
    "NoseSneerRight": 0.17942601442337036
  },
  "packet_size": 314,
  "packet_hex_preview": "060000002464646431326362302d333463612d313166302d383166662d3734353633633437336235330000000847616c6146616365003b905dfb3d07c8000000"
}