{
  "frame_id": 560,
  "timestamp": "2025-05-19T18:04:33.899775",
  "input_values": [
    0.0,
    0.0,
    0.0,
    0.0,
    0.0,
    0.0,
    0.0,
    0.0,
    0.0,
    0.0,
    0.0,
    0.0,
    0.0,
    0.0,
    0.0025999185163527727,
    0.00018881831783801317,
    0.019711650907993317,
    0.047769542783498764,
    -9.612034045858309e-05,
    0.028394339606165886,
    0.0010199181269854307,
    0.00032144796568900347,
    0.004337797872722149,
    0.13449926674365997,
    0.11824168264865875,
    -9.269733141081815e-07,
    4.351280949776992e-05,
    0.03331274166703224,
    0.033506106585264206,
    0.027222011238336563,
    0.027423569932579994,
    0.0005304414080455899,
    0.004045531619340181,
    0.0002536326355766505,
    0.0051702880300581455,
    0.0069827004335820675,
    0.008640722371637821,
    0.19554397463798523,
    0.2080630362033844,
    0.06236407160758972,
    0.07175367325544357,
    0.7883387804031372,
    0.7881507873535156,
    0.2145969569683075,
    2.8834454496973194e-05,
    2.3230910528582172e-07,
    0.002729308558627963,
    0.05379115417599678,
    0.0690065324306488,
    0.03544922173023224,
    0.05265707150101662,
    0.0
  ],
  "active_shapes": {
    "JawRight": 0.019711650907993317,
    "JawOpen": 0.047769542783498764,
    "MouthFunnel": 0.028394339606165886,
    "MouthSmileLeft": 0.13449926674365997,
    "MouthSmileRight": 0.11824168264865875,
    "MouthDimpleLeft": 0.03331274166703224,
    "MouthDimpleRight": 0.033506106585264206,
    "MouthStretchLeft": 0.027222011238336563,
    "MouthStretchRight": 0.027423569932579994,
    "MouthLowerDownLeft": 0.19554397463798523,
    "MouthLowerDownRight": 0.2080630362033844,
    "MouthUpperUpLeft": 0.06236407160758972,
    "MouthUpperUpRight": 0.07175367325544357,
    "BrowDownLeft": 0.7883387804031372,
    "BrowDownRight": 0.7881507873535156,
    "BrowInnerUp": 0.2145969569683075,
    "CheekSquintLeft": 0.05379115417599678,
    "CheekSquintRight": 0.0690065324306488,
    "NoseSneerLeft": 0.03544922173023224,
    "NoseSneerRight": 0.05265707150101662
  },
  "packet_size": 314,
  "packet_hex_preview": "060000002464646431326362302d333463612d313166302d383166662d3734353633633437336235330000000847616c6146616365003b93b1fb3d07c8000000"
}