{
  "frame_id": 314,
  "timestamp": "2025-05-19T18:04:25.577476",
  "input_values": [
    0.0,
    0.0,
    0.0,
    0.0,
    0.0,
    0.0,
    0.0,
    0.0,
    0.0,
    0.0,
    0.0,
    0.0,
    0.0,
    0.0,
    0.00689788069576025,
    3.6281198845244944e-05,
    0.005245007574558258,
    0.02218000777065754,
    4.3070649553555995e-05,
    0.054492782801389694,
    0.0024396569933742285,
    0.0014414621982723475,
    1.2183923900010996e-05,
    0.019562408328056335,
    0.019152475520968437,
    5.567228527070256e-06,
    1.774190241121687e-05,
    0.0022368619684129953,
    0.001706142327748239,
    0.015307456254959106,
    0.015752870589494705,
    1.6762380255386233e-05,
    0.0013464910443872213,
    -1.6830450476845726e-05,
    0.0010153549956157804,
    -2.2504642402054742e-05,
    0.00017768246470950544,
    0.06571076810359955,
    0.06529979407787323,
    0.03520785644650459,
    0.035437874495983124,
    -1.5757352230139077e-05,
    9.923577408699202e-07,
    0.1120339184999466,
    0.10246231406927109,
    0.10252287238836288,
    7.836265285732225e-05,
    0.014505915343761444,
    0.015110736712813377,
    0.0051750848069787025,
    0.008358253166079521,
    0.0
  ],
  "active_shapes": {
    "JawOpen": 0.02218000777065754,
    "MouthFunnel": 0.054492782801389694,
    "MouthSmileLeft": 0.019562408328056335,
    "MouthSmileRight": 0.019152475520968437,
    "MouthStretchLeft": 0.015307456254959106,
    "MouthStretchRight": 0.015752870589494705,
    "MouthLowerDownLeft": 0.06571076810359955,
    "MouthLowerDownRight": 0.06529979407787323,
    "MouthUpperUpLeft": 0.03520785644650459,
    "MouthUpperUpRight": 0.035437874495983124,
    "BrowInnerUp": 0.1120339184999466,
    "BrowOuterUpLeft": 0.10246231406927109,
    "BrowOuterUpRight": 0.10252287238836288,
    "CheekSquintLeft": 0.014505915343761444,
    "CheekSquintRight": 0.015110736712813377
  },
  "packet_size": 314,
  "packet_hex_preview": "060000002464646431326362302d333463612d313166302d383166662d3734353633633437336235330000000847616c6146616365003b91befb3d07c8000000"
}