{
  "frame_id": 374,
  "timestamp": "2025-05-19T18:04:27.259474",
  "input_values": [
    0.0,
    0.0,
    0.0,
    0.0,
    0.0,
    0.0,
    0.0,
    0.0,
    0.0,
    0.0,
    0.0,
    0.0,
    0.0,
    0.0,
    0.005134242121130228,
    0.00012049436918459833,
    0.01866861805319786,
    0.06672056019306183,
    -7.273477967828512e-05,
    0.0639195367693901,
    0.007530545350164175,
    -3.044687218789477e-06,
    0.0020749070681631565,
    0.05177878960967064,
    0.043716177344322205,
    -4.804576747119427e-05,
    1.6207276303248364e-06,
    0.011964920908212662,
    0.011578111909329891,
    0.004545789211988449,
    0.006599502172321081,
    -0.00011275666474830359,
    0.0017429788131266832,
    0.00012187025276944041,
    0.004458337090909481,
    0.00435382267460227,
    0.004968674853444099,
    0.1515122801065445,
    0.16485056281089783,
    0.06930842250585556,
    0.07718879729509354,
    0.44131115078926086,
    0.4411674439907074,
    0.08216331154108047,
    1.9548722775653005e-05,
    -3.345760705997236e-05,
    0.0010653345379978418,
    0.02974609285593033,
    0.03526287525892258,
    0.04627874493598938,
    0.049892909824848175,
    0.0
  ],
  "active_shapes": {
    "JawRight": 0.01866861805319786,
    "JawOpen": 0.06672056019306183,
    "MouthFunnel": 0.0639195367693901,
    "MouthSmileLeft": 0.05177878960967064,
    "MouthSmileRight": 0.043716177344322205,
    "MouthDimpleLeft": 0.011964920908212662,
    "MouthDimpleRight": 0.011578111909329891,
    "MouthLowerDownLeft": 0.1515122801065445,
    "MouthLowerDownRight": 0.16485056281089783,
    "MouthUpperUpLeft": 0.06930842250585556,
    "MouthUpperUpRight": 0.07718879729509354,
    "BrowDownLeft": 0.44131115078926086,
    "BrowDownRight": 0.4411674439907074,
    "BrowInnerUp": 0.08216331154108047,
    "CheekSquintLeft": 0.02974609285593033,
    "CheekSquintRight": 0.03526287525892258,
    "NoseSneerLeft": 0.04627874493598938,
    "NoseSneerRight": 0.049892909824848175
  },
  "packet_size": 314,
  "packet_hex_preview": "060000002464646431326362302d333463612d313166302d383166662d3734353633633437336235330000000847616c6146616365003b9223fb3d07c8000000"
}