{
  "frame_id": 40,
  "timestamp": "2025-05-19T18:04:16.599206",
  "input_values": [
    0.0,
    0.0,
    0.0,
    0.0,
    0.0,
    0.0,
    0.0,
    0.0,
    0.0,
    0.0,
    0.0,
    0.0,
    0.0,
    0.0,
    0.007712742313742638,
    0.0002098885306622833,
    0.016754277050495148,
    0.029876403510570526,
    0.02093479409813881,
    0.0002940084377769381,
    0.0005307774408720434,
    0.0014498765813186765,
    0.0034289879258722067,
    0.09209771454334259,
    0.0761285275220871,
    -9.117585432250053e-05,
    -0.00017190910875797272,
    0.026182066649198532,
    0.026107709854841232,
    0.012772914953529835,
    0.01678352989256382,
    -6.754486093996093e-05,
    0.007418806664645672,
    -0.00022719864500686526,
    0.00043884615297429264,
    0.0022386324126273394,
    0.0027502374723553658,
    0.07326251268386841,
    0.08083422482013702,
    -0.0001238676195498556,
    0.0009302959078922868,
    0.23502600193023682,
    0.2347097396850586,
    0.01488097757101059,
    -0.00020576227689161897,
    -0.0003366066375747323,
    0.00029403925873339176,
    0.035183269530534744,
    0.04340694472193718,
    0.013428468257188797,
    0.012199711985886097,
    0.0
  ],
  "active_shapes": {
    "JawRight": 0.016754277050495148,
    "JawOpen": 0.029876403510570526,
    "MouthClose": 0.02093479409813881,
    "MouthSmileLeft": 0.09209771454334259,
    "MouthSmileRight": 0.0761285275220871,
    "MouthDimpleLeft": 0.026182066649198532,
    "MouthDimpleRight": 0.026107709854841232,
    "MouthStretchLeft": 0.012772914953529835,
    "MouthStretchRight": 0.01678352989256382,
    "MouthLowerDownLeft": 0.07326251268386841,
    "MouthLowerDownRight": 0.08083422482013702,
    "BrowDownLeft": 0.23502600193023682,
    "BrowDownRight": 0.2347097396850586,
    "BrowInnerUp": 0.01488097757101059,
    "CheekSquintLeft": 0.035183269530534744,
    "CheekSquintRight": 0.04340694472193718,
    "NoseSneerLeft": 0.013428468257188797,
    "NoseSneerRight": 0.012199711985886097
  },
  "packet_size": 314,
  "packet_hex_preview": "060000002464646431326362302d333463612d313166302d383166662d3734353633633437336235330000000847616c6146616365003b8fa3fb3d07c8000000"
}