{
  "frame_id": 726,
  "timestamp": "2025-05-19T18:04:43.007864",
  "input_values": [
    0.0,
    0.0,
    0.0,
    0.0,
    0.0,
    0.0,
    0.0,
    0.0,
    0.0,
    0.0,
    0.0,
    0.0,
    0.0,
    0.0,
    0.0018818313255906105,
    0.00011271508265053853,
    0.013021995313465595,
    0.015250176191329956,
    -0.00020712168770842254,
    0.005271428264677525,
    0.0004210273327771574,
    0.0006289073498919606,
    0.0017842898378148675,
    0.07604595273733139,
    0.05957676097750664,
    -1.8758011719910428e-05,
    4.350143171905074e-06,
    0.01558591891080141,
    0.015232214704155922,
    0.0005002448451705277,
    0.00019524518575053662,
    0.00017713737906888127,
    0.0023724206257611513,
    0.0002938014513347298,
    0.003867052961140871,
    0.004592010751366615,
    0.00538558280095458,
    0.0762677937746048,
    0.08058260381221771,
    0.03236842900514603,
    0.03570465371012688,
    0.3988471031188965,
    0.39865246415138245,
    0.08396691828966141,
    -4.228513716952875e-05,
    -9.228596172761172e-05,
    0.0014734294964000583,
    0.03419557213783264,
    0.04018960893154144,
    0.0225027184933424,
    0.02559206262230873,
    0.0
  ],
  "active_shapes": {
    "JawRight": 0.013021995313465595,
    "JawOpen": 0.015250176191329956,
    "MouthSmileLeft": 0.07604595273733139,
    "MouthSmileRight": 0.05957676097750664,
    "MouthDimpleLeft": 0.01558591891080141,
    "MouthDimpleRight": 0.015232214704155922,
    "MouthLowerDownLeft": 0.0762677937746048,
    "MouthLowerDownRight": 0.08058260381221771,
    "MouthUpperUpLeft": 0.03236842900514603,
    "MouthUpperUpRight": 0.03570465371012688,
    "BrowDownLeft": 0.3988471031188965,
    "BrowDownRight": 0.39865246415138245,
    "BrowInnerUp": 0.08396691828966141,
    "CheekSquintLeft": 0.03419557213783264,
    "CheekSquintRight": 0.04018960893154144,
    "NoseSneerLeft": 0.0225027184933424,
    "NoseSneerRight": 0.02559206262230873
  },
  "packet_size": 314,
  "packet_hex_preview": "060000002464646431326362302d333463612d313166302d383166662d3734353633633437336235330000000847616c6146616365003b95d4fb3d07c8000000"
}