{
  "frame_id": 700,
  "timestamp": "2025-05-19T18:04:41.547790",
  "input_values": [
    0.0,
    0.0,
    0.0,
    0.0,
    0.0,
    0.0,
    0.0,
    0.0,
    0.0,
    0.0,
    0.0,
    0.0,
    0.0,
    0.0,
    0.006754627916961908,
    0.00018914308748207986,
    0.035483554005622864,
    0.09729576110839844,
    -8.728454849915579e-05,
    0.14147204160690308,
    0.041810695081949234,
    -0.00025775868562050164,
    0.0107024060562253,
    0.10704943537712097,
    0.08602333068847656,
    -3.869724605465308e-05,
    3.808312612818554e-05,
    0.014612475410103798,
    0.01346383336931467,
    0.0015723002143204212,
    0.0007888961699791253,
    -0.00010749248758656904,
    0.00033736854675225914,
    0.018418923020362854,
    0.05067132040858269,
    0.015922021120786667,
    0.01755456253886223,
    0.2576230764389038,
    0.2776562571525574,
    0.1782940924167633,
    0.1947403848171234,
    0.8206351399421692,
    0.8204620480537415,
    0.13612395524978638,
    5.923520802753046e-05,
    6.447881332860561e-06,
    0.0017150095663964748,
    0.0766034722328186,
    0.08901779353618622,
    0.15306444466114044,
    0.17290569841861725,
    0.0
  ],
  "active_shapes": {
    "JawRight": 0.035483554005622864,
    "JawOpen": 0.09729576110839844,
    "MouthFunnel": 0.14147204160690308,
    "MouthPucker": 0.041810695081949234,
    "MouthRight": 0.0107024060562253,
    "MouthSmileLeft": 0.10704943537712097,
    "MouthSmileRight": 0.08602333068847656,
    "MouthDimpleLeft": 0.014612475410103798,
    "MouthDimpleRight": 0.01346383336931467,
    "MouthShrugLower": 0.018418923020362854,
    "MouthShrugUpper": 0.05067132040858269,
    "MouthPressLeft": 0.015922021120786667,
    "MouthPressRight": 0.01755456253886223,
    "MouthLowerDownLeft": 0.2576230764389038,
    "MouthLowerDownRight": 0.2776562571525574,
    "MouthUpperUpLeft": 0.1782940924167633,
    "MouthUpperUpRight": 0.1947403848171234,
    "BrowDownLeft": 0.8206351399421692,
    "BrowDownRight": 0.8204620480537415,
    "BrowInnerUp": 0.13612395524978638,
    "CheekSquintLeft": 0.0766034722328186,
    "CheekSquintRight": 0.08901779353618622,
    "NoseSneerLeft": 0.15306444466114044,
    "NoseSneerRight": 0.17290569841861725
  },
  "packet_size": 314,
  "packet_hex_preview": "060000002464646431326362302d333463612d313166302d383166662d3734353633633437336235330000000847616c6146616365003b957cfb3d07c8000000"
}