{
  "frame_id": 238,
  "timestamp": "2025-05-19T18:04:22.810284",
  "input_values": [
    0.0,
    0.0,
    0.0,
    0.0,
    0.0,
    0.0,
    0.0,
    0.0,
    0.0,
    0.0,
    0.0,
    0.0,
    0.0,
    0.0,
    0.006265583448112011,
    0.00023150657943915576,
    0.00653176661580801,
    0.049520090222358704,
    0.013763177208602428,
    0.06572695821523666,
    0.03474375605583191,
    -0.00039458024548366666,
    0.0032304739579558372,
    0.03158975765109062,
    0.05556559935212135,
    -0.00014723819913342595,
    -0.00016611107275821269,
    0.011178592219948769,
    0.012450166046619415,
    0.004475206136703491,
    0.005110471043735743,
    0.00011494816862978041,
    0.0038048485293984413,
    0.0005309146363288164,
    0.0007334084948524833,
    0.005013116169720888,
    0.005444633774459362,
    0.05404581129550934,
    0.06441784650087357,
    0.004484247416257858,
    0.01125319954007864,
    0.1844128668308258,
    0.1841168850660324,
    0.018967116251587868,
    -0.00033647764939814806,
    -0.0005487169255502522,
    0.0031172875314950943,
    0.03205129876732826,
    0.04644763469696045,
    0.014242994599044323,
    0.017113201320171356,
    0.0
  ],
  "active_shapes": {
    "JawOpen": 0.049520090222358704,
    "MouthClose": 0.013763177208602428,
    "MouthFunnel": 0.06572695821523666,
    "MouthPucker": 0.03474375605583191,
    "MouthSmileLeft": 0.03158975765109062,
    "MouthSmileRight": 0.05556559935212135,
    "MouthDimpleLeft": 0.011178592219948769,
    "MouthDimpleRight": 0.012450166046619415,
    "MouthLowerDownLeft": 0.05404581129550934,
    "MouthLowerDownRight": 0.06441784650087357,
    "MouthUpperUpRight": 0.01125319954007864,
    "BrowDownLeft": 0.1844128668308258,
    "BrowDownRight": 0.1841168850660324,
    "BrowInnerUp": 0.018967116251587868,
    "CheekSquintLeft": 0.03205129876732826,
    "CheekSquintRight": 0.04644763469696045,
    "NoseSneerLeft": 0.014242994599044323,
    "NoseSneerRight": 0.017113201320171356
  },
  "packet_size": 314,
  "packet_hex_preview": "060000002464646431326362302d333463612d313166302d383166662d3734353633633437336235330000000847616c6146616365003b9118fb3d07c8000000"
}