{
  "frame_id": 331,
  "timestamp": "2025-05-19T18:04:26.041804",
  "input_values": [
    0.0,
    0.0,
    0.0,
    0.0,
    0.0,
    0.0,
    0.0,
    0.0,
    0.0,
    0.0,
    0.0,
    0.0,
    0.0,
    0.0,
    0.0036337370984256268,
    0.00015547241491731256,
    0.01547977328300476,
    0.05611259862780571,
    0.00016211930778808892,
    0.046324677765369415,
    0.01335223950445652,
    0.0001026340396492742,
    0.006098915357142687,
    0.08203860372304916,
    0.06827671080827713,
    -4.663643994717859e-05,
    -7.38487797207199e-05,
    0.020820070058107376,
    0.02096584439277649,
    0.014152459800243378,
    0.012072335928678513,
    5.22124937560875e-05,
    0.0023670385126024485,
    6.992337148403749e-05,
    0.0019849748350679874,
    0.005609561689198017,
    0.006843299604952335,
    0.15598100423812866,
    0.17105381190776825,
    0.054415713995695114,
    0.06446291506290436,
    0.634773850440979,
    0.634654700756073,
    0.17827340960502625,
    4.8303692892659456e-05,
    1.52462716869195e-05,
    0.001809775596484542,
    0.04014688357710838,
    0.05317280441522598,
    0.049073733389377594,
    0.06228359788656235,
    0.0
  ],
  "active_shapes": {
    "JawRight": 0.01547977328300476,
    "JawOpen": 0.05611259862780571,
    "MouthFunnel": 0.046324677765369415,
    "MouthPucker": 0.01335223950445652,
    "MouthSmileLeft": 0.08203860372304916,
    "MouthSmileRight": 0.06827671080827713,
    "MouthDimpleLeft": 0.020820070058107376,
    "MouthDimpleRight": 0.02096584439277649,
    "MouthStretchLeft": 0.014152459800243378,
    "MouthStretchRight": 0.012072335928678513,
    "MouthLowerDownLeft": 0.15598100423812866,
    "MouthLowerDownRight": 0.17105381190776825,
    "MouthUpperUpLeft": 0.054415713995695114,
    "MouthUpperUpRight": 0.06446291506290436,
    "BrowDownLeft": 0.634773850440979,
    "BrowDownRight": 0.634654700756073,
    "BrowInnerUp": 0.17827340960502625,
    "CheekSquintLeft": 0.04014688357710838,
    "CheekSquintRight": 0.05317280441522598,
    "NoseSneerLeft": 0.049073733389377594,
    "NoseSneerRight": 0.06228359788656235
  },
  "packet_size": 314,
  "packet_hex_preview": "060000002464646431326362302d333463612d313166302d383166662d3734353633633437336235330000000847616c6146616365003b91dafb3d07c8000000"
}