{
  "frame_id": 631,
  "timestamp": "2025-05-19T18:04:37.767119",
  "input_values": [
    0.0,
    0.0,
    0.0,
    0.0,
    0.0,
    0.0,
    0.0,
    0.0,
    0.0,
    0.0,
    0.0,
    0.0,
    0.0,
    0.0,
    0.020196085795760155,
    0.00026787075330503285,
    0.02219989523291588,
    0.09257685393095016,
    0.0028360397554934025,
    0.06681991368532181,
    0.004267603158950806,
    0.0011980005074292421,
    0.006665840279310942,
    0.05844951793551445,
    0.05771100893616676,
    0.00024412829952780157,
    -0.00032012141309678555,
    0.014839773066341877,
    0.015264333225786686,
    0.002155047608539462,
    0.011212403886020184,
    0.00011676373105728999,
    0.004482937045395374,
    -8.809689461486414e-05,
    0.000355840747943148,
    0.0009385320008732378,
    0.0009883411694318056,
    0.11296594887971878,
    0.13366816937923431,
    0.03218187764286995,
    0.04312653839588165,
    0.12267570197582245,
    0.12259533256292343,
    0.004348785150796175,
    -0.0003538976889103651,
    -0.0005223788321018219,
    0.0018135248683393002,
    0.030773283913731575,
    0.04492977634072304,
    0.00216163182631135,
    0.0059677958488464355,
    0.0
  ],
  "active_shapes": {
    "JawForward": 0.020196085795760155,
    "JawRight": 0.02219989523291588,
    "JawOpen": 0.09257685393095016,
    "MouthFunnel": 0.06681991368532181,
    "MouthSmileLeft": 0.05844951793551445,
    "MouthSmileRight": 0.05771100893616676,
    "MouthDimpleLeft": 0.014839773066341877,
    "MouthDimpleRight": 0.015264333225786686,
    "MouthStretchRight": 0.011212403886020184,
    "MouthLowerDownLeft": 0.11296594887971878,
    "MouthLowerDownRight": 0.13366816937923431,
    "MouthUpperUpLeft": 0.03218187764286995,
    "MouthUpperUpRight": 0.04312653839588165,
    "BrowDownLeft": 0.12267570197582245,
    "BrowDownRight": 0.12259533256292343,
    "CheekSquintLeft": 0.030773283913731575,
    "CheekSquintRight": 0.04492977634072304
  },
  "packet_size": 314,
  "packet_hex_preview": "060000002464646431326362302d333463612d313166302d383166662d3734353633633437336235330000000847616c6146616365003b9499fb3d07c8000000"
}