{
  "frame_id": 725,
  "timestamp": "2025-05-19T18:04:42.991063",
  "input_values": [
    0.0,
    0.0,
    0.0,
    0.0,
    0.0,
    0.0,
    0.0,
    0.0,
    0.0,
    0.0,
    0.0,
    0.0,
    0.0,
    0.0,
    0.0009906882187351584,
    7.51102197682485e-05,
    0.008567297831177711,
    0.006651682313531637,
    -0.00016913955914787948,
    0.0005034299683757126,
    0.00020960562687832862,
    0.0004801196919288486,
    0.0010609019082039595,
    0.05296800658106804,
    0.04139719158411026,
    1.6395561033277772e-06,
    1.5778261968080187e-06,
    0.010607501491904259,
    0.01033114455640316,
    0.0005678915767930448,
    0.00041803508065640926,
    0.0001722809101920575,
    0.001703205518424511,
    8.801995136309415e-05,
    0.0022947739344090223,
    0.0030518039129674435,
    0.0035616171080619097,
    0.041504330933094025,
    0.04420097544789314,
    0.016556113958358765,
    0.018277574330568314,
    0.25661349296569824,
    0.25648802518844604,
    0.05782072991132736,
    -3.009791544172913e-05,
    -5.292373680276796e-05,
    0.0009118787129409611,
    0.02315828576683998,
    0.026812400668859482,
    0.01522568054497242,
    0.017235716804862022,
    0.0
  ],
  "active_shapes": {
    "MouthSmileLeft": 0.05296800658106804,
    "MouthSmileRight": 0.04139719158411026,
    "MouthDimpleLeft": 0.010607501491904259,
    "MouthDimpleRight": 0.01033114455640316,
    "MouthLowerDownLeft": 0.041504330933094025,
    "MouthLowerDownRight": 0.04420097544789314,
    "MouthUpperUpLeft": 0.016556113958358765,
    "MouthUpperUpRight": 0.018277574330568314,
    "BrowDownLeft": 0.25661349296569824,
    "BrowDownRight": 0.25648802518844604,
    "BrowInnerUp": 0.05782072991132736,
    "CheekSquintLeft": 0.02315828576683998,
    "CheekSquintRight": 0.026812400668859482,
    "NoseSneerLeft": 0.01522568054497242,
    "NoseSneerRight": 0.017235716804862022
  },
  "packet_size": 314,
  "packet_hex_preview": "060000002464646431326362302d333463612d313166302d383166662d3734353633633437336235330000000847616c6146616365003b95d3fb3d07c8000000"
}