{
  "frame_id": 638,
  "timestamp": "2025-05-19T18:04:38.133661",
  "input_values": [
    0.0,
    0.0,
    0.0,
    0.0,
    0.0,
    0.0,
    0.0,
    0.0,
    0.0,
    0.0,
    0.0,
    0.0,
    0.0,
    0.0,
    0.008466391824185848,
    0.00018775508215185255,
    0.023802265524864197,
    0.13713562488555908,
    6.13917873124592e-05,
    0.1300695836544037,
    0.0004789935192093253,
    0.0014112049248069525,
    0.0008254451095126569,
    0.0651073008775711,
    0.0597168393433094,
    -8.03095281298738e-06,
    3.6994148103985935e-05,
    0.020762216299772263,
    0.020944442600011826,
    0.02716733142733574,
    0.04263889417052269,
    3.0251461794250645e-05,
    0.004875869955867529,
    -4.293713573133573e-05,
    0.0004528312128968537,
    0.004482186399400234,
    0.005045158788561821,
    0.2662510573863983,
    0.2738529443740845,
    0.06233856827020645,
    0.06924721598625183,
    0.16701866686344147,
    0.16677522659301758,
    0.011523600667715073,
    0.0015317489160224795,
    0.0014964686706662178,
    0.0004338588914833963,
    0.04025719314813614,
    0.04832493141293526,
    2.053808384516742e-05,
    0.0007753733661957085,
    0.0
  ],
  "active_shapes": {
    "JawRight": 0.023802265524864197,
    "JawOpen": 0.13713562488555908,
    "MouthFunnel": 0.1300695836544037,
    "MouthSmileLeft": 0.0651073008775711,
    "MouthSmileRight": 0.0597168393433094,
    "MouthDimpleLeft": 0.020762216299772263,
    "MouthDimpleRight": 0.020944442600011826,
    "MouthStretchLeft": 0.02716733142733574,
    "MouthStretchRight": 0.04263889417052269,
    "MouthLowerDownLeft": 0.2662510573863983,
    "MouthLowerDownRight": 0.2738529443740845,
    "MouthUpperUpLeft": 0.06233856827020645,
    "MouthUpperUpRight": 0.06924721598625183,
    "BrowDownLeft": 0.16701866686344147,
    "BrowDownRight": 0.16677522659301758,
    "BrowInnerUp": 0.011523600667715073,
    "CheekSquintLeft": 0.04025719314813614,
    "CheekSquintRight": 0.04832493141293526
  },
  "packet_size": 314,
  "packet_hex_preview": "060000002464646431326362302d333463612d313166302d383166662d3734353633633437336235330000000847616c6146616365003b94affb3d07c8000000"
}