{
  "frame_id": 556,
  "timestamp": "2025-05-19T18:04:33.830486",
  "input_values": [
    0.0,
    0.0,
    0.0,
    0.0,
    0.0,
    0.0,
    0.0,
    0.0,
    0.0,
    0.0,
    0.0,
    0.0,
    0.0,
    0.0,
    0.00032479563378728926,
    3.778037353185937e-05,
    0.00364238815382123,
    0.0067178294993937016,
    -6.549528279720107e-06,
    0.004988585598766804,
    0.0001894649030873552,
    6.638606282649562e-05,
    0.0006480147130787373,
    0.027644842863082886,
    0.023233652114868164,
    -7.107222245394951e-06,
    1.0741458027041517e-05,
    0.006639712955802679,
    0.006639970000833273,
    0.0033466708846390247,
    0.003290005726739764,
    0.00012277919449843466,
    0.0008674372220411897,
    1.4440886843658518e-05,
    0.00044242283911444247,
    0.0012701801024377346,
    0.0015878863632678986,
    0.035133376717567444,
    0.037476759403944016,
    0.012555375695228577,
    0.013936439529061317,
    0.1576031893491745,
    0.15756818652153015,
    0.04446413367986679,
    -2.103970109601505e-05,
    -3.0002862331457436e-05,
    0.0005452487384900451,
    0.011200816370546818,
    0.013966850936412811,
    0.009508246555924416,
    0.01233446691185236,
    0.0
  ],
  "active_shapes": {
    "MouthSmileLeft": 0.027644842863082886,
    "MouthSmileRight": 0.023233652114868164,
    "MouthLowerDownLeft": 0.035133376717567444,
    "MouthLowerDownRight": 0.037476759403944016,
    "MouthUpperUpLeft": 0.012555375695228577,
    "MouthUpperUpRight": 0.013936439529061317,
    "BrowDownLeft": 0.1576031893491745,
    "BrowDownRight": 0.15756818652153015,
    "BrowInnerUp": 0.04446413367986679,
    "CheekSquintLeft": 0.011200816370546818,
    "CheekSquintRight": 0.013966850936412811,
    "NoseSneerRight": 0.01233446691185236
  },
  "packet_size": 314,
  "packet_hex_preview": "060000002464646431326362302d333463612d313166302d383166662d3734353633633437336235330000000847616c6146616365003b93adfb3d07c8000000"
}