{
  "frame_id": 227,
  "timestamp": "2025-05-19T18:04:22.682884",
  "input_values": [
    0.0,
    0.0,
    0.0,
    0.0,
    0.0,
    0.0,
    0.0,
    0.0,
    0.0,
    0.0,
    0.0,
    0.0,
    0.0,
    0.0,
    0.00531987939029932,
    4.290355718694627e-05,
    0.004273868165910244,
    0.03257658705115318,
    7.66021985327825e-05,
    0.021367289125919342,
    0.0004535523185040802,
    0.0002534471277613193,
    0.00010512933658901602,
    0.01322597824037075,
    0.013037540018558502,
    -7.644975084986072e-06,
    -2.0663280793087324e-06,
    0.0063702864572405815,
    0.00634136563166976,
    0.008245925419032574,
    0.00677485391497612,
    -3.956538057536818e-05,
    0.001280378084629774,
    5.803232852485962e-05,
    9.650464926380664e-05,
    0.00048519112169742584,
    0.0005490905023179948,
    0.05530676990747452,
    0.058273594826459885,
    0.011052915826439857,
    0.01268796343356371,
    0.026246726512908936,
    0.026203718036413193,
    0.004344707354903221,
    0.0008284764480777085,
    0.0008075254154391587,
    -5.7670287787914276e-05,
    0.005813146010041237,
    0.007504620589315891,
    0.0024605258367955685,
    0.0022537452168762684,
    0.0
  ],
  "active_shapes": {
    "JawOpen": 0.03257658705115318,
    "MouthFunnel": 0.021367289125919342,
    "MouthSmileLeft": 0.01322597824037075,
    "MouthSmileRight": 0.013037540018558502,
    "MouthLowerDownLeft": 0.05530676990747452,
    "MouthLowerDownRight": 0.058273594826459885,
    "MouthUpperUpLeft": 0.011052915826439857,
    "MouthUpperUpRight": 0.01268796343356371,
    "BrowDownLeft": 0.026246726512908936,
    "BrowDownRight": 0.026203718036413193
  },
  "packet_size": 314,
  "packet_hex_preview": "060000002464646431326362302d333463612d313166302d383166662d3734353633633437336235330000000847616c6146616365003b9110fb3d07c8000000"
}