{
  "frame_id": 663,
  "timestamp": "2025-05-19T18:04:39.544837",
  "input_values": [
    0.0,
    0.0,
    0.0,
    0.0,
    0.0,
    0.0,
    0.0,
    0.0,
    0.0,
    0.0,
    0.0,
    0.0,
    0.0,
    0.0,
    0.013264615088701248,
    0.0001915473403641954,
    0.015409648418426514,
    0.0466061532497406,
    0.01955346390604973,
    0.040567319840192795,
    0.027547568082809448,
    0.00012297452485654503,
    0.011314509436488152,
    -0.00048555262037552893,
    0.008119904436171055,
    0.0004904631059616804,
    -0.00031155688338913023,
    -0.00010345478222006932,
    0.0008403803803957999,
    -0.0006030556978657842,
    0.003523777471855283,
    0.00010633333295118064,
    0.0008643152541480958,
    0.00041152240009978414,
    0.0009528892114758492,
    0.0007005590596236289,
    0.0006436326657421887,
    0.004096157383173704,
    0.03348249942064285,
    0.006033674348145723,
    0.019428275525569916,
    -3.627929254435003e-05,
    1.3899207260692492e-06,
    0.00020748752285726368,
    0.00019709164917003363,
    -3.623136944952421e-05,
    0.002524844603613019,
    0.007816732861101627,
    0.022406550124287605,
    0.02369692735373974,
    0.03217213973402977,
    0.0
  ],
  "active_shapes": {
    "JawForward": 0.013264615088701248,
    "JawRight": 0.015409648418426514,
    "JawOpen": 0.0466061532497406,
    "MouthClose": 0.01955346390604973,
    "MouthFunnel": 0.040567319840192795,
    "MouthPucker": 0.027547568082809448,
    "MouthRight": 0.011314509436488152,
    "MouthLowerDownRight": 0.03348249942064285,
    "MouthUpperUpRight": 0.019428275525569916,
    "CheekSquintRight": 0.022406550124287605,
    "NoseSneerLeft": 0.02369692735373974,
    "NoseSneerRight": 0.03217213973402977
  },
  "packet_size": 314,
  "packet_hex_preview": "060000002464646431326362302d333463612d313166302d383166662d3734353633633437336235330000000847616c6146616365003b9504fb3d07c8000000"
}