{
  "frame_id": 676,
  "timestamp": "2025-05-19T18:04:40.268983",
  "input_values": [
    0.0,
    0.0,
    0.0,
    0.0,
    0.0,
    0.0,
    0.0,
    0.0,
    0.0,
    0.0,
    0.0,
    0.0,
    0.0,
    0.0,
    0.0006766357691958547,
    7.572604954475537e-05,
    0.0057120355777442455,
    0.005949626676738262,
    9.030677756527439e-05,
    0.0006054664263501763,
    0.0008042458212003112,
    2.82333348877728e-05,
    0.001837900490500033,
    0.053352147340774536,
    0.04483966901898384,
    -8.883882401278242e-06,
    2.9799193725921214e-05,
    0.01031438261270523,
    0.01067415066063404,
    0.002619748469442129,
    0.004638893995434046,
    0.0002721570781432092,
    0.0016519036144018173,
    0.0002214546111645177,
    0.0007268638000823557,
    0.0025386891793459654,
    0.00301863974891603,
    0.04396338015794754,
    0.04721863195300102,
    0.010712866671383381,
    0.013038745149970055,
    0.3097125291824341,
    0.3096448481082916,
    0.09757597744464874,
    -2.0535424482659437e-05,
    -2.8119622584199533e-05,
    0.0012715556658804417,
    0.022426007315516472,
    0.028032686561346054,
    0.021314742043614388,
    0.02404714934527874,
    0.0
  ],
  "active_shapes": {
    "MouthSmileLeft": 0.053352147340774536,
    "MouthSmileRight": 0.04483966901898384,
    "MouthDimpleLeft": 0.01031438261270523,
    "MouthDimpleRight": 0.01067415066063404,
    "MouthLowerDownLeft": 0.04396338015794754,
    "MouthLowerDownRight": 0.04721863195300102,
    "MouthUpperUpLeft": 0.010712866671383381,
    "MouthUpperUpRight": 0.013038745149970055,
    "BrowDownLeft": 0.3097125291824341,
    "BrowDownRight": 0.3096448481082916,
    "BrowInnerUp": 0.09757597744464874,
    "CheekSquintLeft": 0.022426007315516472,
    "CheekSquintRight": 0.028032686561346054,
    "NoseSneerLeft": 0.021314742043614388,
    "NoseSneerRight": 0.02404714934527874
  },
  "packet_size": 314,
  "packet_hex_preview": "060000002464646431326362302d333463612d313166302d383166662d3734353633633437336235330000000847616c6146616365003b9530fb3d07c8000000"
}