{
  "frame_id": 732,
  "timestamp": "2025-05-19T18:04:43.357504",
  "input_values": [
    0.0,
    0.0,
    0.0,
    0.0,
    0.0,
    0.0,
    0.0,
    0.0,
    0.0,
    0.0,
    0.0,
    0.0,
    0.0,
    0.0,
    0.0006415456882677972,
    7.579122029710561e-05,
    0.00368273863568902,
    0.0004599598760250956,
    -4.346136483945884e-05,
    -0.000106324594526086,
    0.0004003514477517456,
    8.282392082037404e-05,
    0.0007764998008497059,
    0.07169544696807861,
    0.06092815846204758,
    -1.0769851996883517e-06,
    2.672598020581063e-05,
    0.011053190566599369,
    0.011509425938129425,
    0.0004988665459677577,
    5.792287993244827e-05,
    0.0005620266310870647,
    0.00124154903460294,
    0.0005106528988108039,
    0.0014932411722838879,
    0.003674623090773821,
    0.004197786562144756,
    0.048373185098171234,
    0.049848370254039764,
    0.008866304531693459,
    0.009656796231865883,
    0.3030521869659424,
    0.3030068278312683,
    0.08528030663728714,
    -6.883426249260083e-05,
    -4.662376522901468e-05,
    0.0009666805854067206,
    0.022880852222442627,
    0.028784409165382385,
    0.03318038582801819,
    0.03557882457971573,
    0.0
  ],
  "active_shapes": {
    "MouthSmileLeft": 0.07169544696807861,
    "MouthSmileRight": 0.06092815846204758,
    "MouthDimpleLeft": 0.011053190566599369,
    "MouthDimpleRight": 0.011509425938129425,
    "MouthLowerDownLeft": 0.048373185098171234,
    "MouthLowerDownRight": 0.049848370254039764,
    "BrowDownLeft": 0.3030521869659424,
    "BrowDownRight": 0.3030068278312683,
    "BrowInnerUp": 0.08528030663728714,
    "CheekSquintLeft": 0.022880852222442627,
    "CheekSquintRight": 0.028784409165382385,
    "NoseSneerLeft": 0.03318038582801819,
    "NoseSneerRight": 0.03557882457971573
  },
  "packet_size": 314,
  "packet_hex_preview": "060000002464646431326362302d333463612d313166302d383166662d3734353633633437336235330000000847616c6146616365003b95e9fb3d07c8000000"
}