{
  "frame_id": 659,
  "timestamp": "2025-05-19T18:04:39.225941",
  "input_values": [
    0.0,
    0.0,
    0.0,
    0.0,
    0.0,
    0.0,
    0.0,
    0.0,
    0.0,
    0.0,
    0.0,
    0.0,
    0.0,
    0.0,
    0.023041730746626854,
    0.00026966206496581435,
    0.024096360430121422,
    0.14991918206214905,
    0.005872939247637987,
    0.1440715193748474,
    0.015625810250639915,
    0.00015338402590714395,
    0.004828302189707756,
    0.009432210586965084,
    0.024954764172434807,
    0.0002799947978928685,
    -0.0003458643623162061,
    0.01243329793214798,
    0.013392534106969833,
    0.03334731608629227,
    0.041210636496543884,
    -0.00011300234473310411,
    0.0033480096608400345,
    2.720948396017775e-05,
    0.0006057331920601428,
    0.00044408455141820014,
    0.000483677169540897,
    0.19966495037078857,
    0.2273523509502411,
    0.05953722447156906,
    0.07834506779909134,
    0.09041693806648254,
    0.09028711915016174,
    -3.2203645332629094e-06,
    -0.00034983683144673705,
    -0.0006200493662618101,
    0.0009377847891300917,
    0.0037708603776991367,
    0.019450083374977112,
    0.012044279836118221,
    0.021733306348323822,
    0.0
  ],
  "active_shapes": {
    "JawForward": 0.023041730746626854,
    "JawRight": 0.024096360430121422,
    "JawOpen": 0.14991918206214905,
    "MouthFunnel": 0.1440715193748474,
    "MouthPucker": 0.015625810250639915,
    "MouthSmileRight": 0.024954764172434807,
    "MouthDimpleLeft": 0.01243329793214798,
    "MouthDimpleRight": 0.013392534106969833,
    "MouthStretchLeft": 0.03334731608629227,
    "MouthStretchRight": 0.041210636496543884,
    "MouthLowerDownLeft": 0.19966495037078857,
    "MouthLowerDownRight": 0.2273523509502411,
    "MouthUpperUpLeft": 0.05953722447156906,
    "MouthUpperUpRight": 0.07834506779909134,
    "BrowDownLeft": 0.09041693806648254,
    "BrowDownRight": 0.09028711915016174,
    "CheekSquintRight": 0.019450083374977112,
    "NoseSneerLeft": 0.012044279836118221,
    "NoseSneerRight": 0.021733306348323822
  },
  "packet_size": 314,
  "packet_hex_preview": "060000002464646431326362302d333463612d313166302d383166662d3734353633633437336235330000000847616c6146616365003b94f1fb3d07c8000000"
}