{
  "frame_id": 70,
  "timestamp": "2025-05-19T18:04:17.527820",
  "input_values": [
    0.0,
    0.0,
    0.0,
    0.0,
    0.0,
    0.0,
    0.0,
    0.0,
    0.0,
    0.0,
    0.0,
    0.0,
    0.0,
    0.0,
    0.03965085744857788,
    0.000182545481948182,
    0.039097920060157776,
    0.11438553035259247,
    -0.0003796286473516375,
    0.10768189281225204,
    6.96508795954287e-05,
    0.009967719204723835,
    -0.00013980311632622033,
    0.14230093359947205,
    0.12440194934606552,
    -4.6701850806130096e-05,
    8.052222256083041e-05,
    0.021786125376820564,
    0.01962888427078724,
    0.09518483281135559,
    0.09374842792749405,
    1.4502425074169878e-05,
    0.0017710807733237743,
    -0.00014968577306717634,
    0.0007404665811918676,
    6.146200030343607e-05,
    0.0006832336075603962,
    0.4334161877632141,
    0.43209660053253174,
    0.14949892461299896,
    0.14605481922626495,
    0.00035970553290098906,
    0.0003297773073427379,
    0.5075013637542725,
    0.33838772773742676,
    0.3386400640010834,
    -0.0004669962509069592,
    0.04619885981082916,
    0.04607761278748512,
    -0.0003765236178878695,
    0.0012382069835439324,
    0.0
  ],
  "active_shapes": {
    "JawForward": 0.03965085744857788,
    "JawRight": 0.039097920060157776,
    "JawOpen": 0.11438553035259247,
    "MouthFunnel": 0.10768189281225204,
    "MouthSmileLeft": 0.14230093359947205,
    "MouthSmileRight": 0.12440194934606552,
    "MouthDimpleLeft": 0.021786125376820564,
    "MouthDimpleRight": 0.01962888427078724,
    "MouthStretchLeft": 0.09518483281135559,
    "MouthStretchRight": 0.09374842792749405,
    "MouthLowerDownLeft": 0.4334161877632141,
    "MouthLowerDownRight": 0.43209660053253174,
    "MouthUpperUpLeft": 0.14949892461299896,
    "MouthUpperUpRight": 0.14605481922626495,
    "BrowInnerUp": 0.5075013637542725,
    "BrowOuterUpLeft": 0.33838772773742676,
    "BrowOuterUpRight": 0.3386400640010834,
    "CheekSquintLeft": 0.04619885981082916,
    "CheekSquintRight": 0.04607761278748512
  },
  "packet_size": 314,
  "packet_hex_preview": "060000002464646431326362302d333463612d313166302d383166662d3734353633633437336235330000000847616c6146616365003b8fdbfb3d07c8000000"
}