{
  "frame_id": 617,
  "timestamp": "2025-05-19T18:04:37.028919",
  "input_values": [
    0.0,
    0.0,
    0.0,
    0.0,
    0.0,
    0.0,
    0.0,
    0.0,
    0.0,
    0.0,
    0.0,
    0.0,
    0.0,
    0.0,
    0.013346626423299313,
    0.00019035306468140334,
    0.0027602538466453552,
    0.08301207423210144,
    0.06479635089635849,
    0.007135872263461351,
    0.016137048602104187,
    0.0011670938692986965,
    0.0005092272185720503,
    0.009314799681305885,
    0.030261561274528503,
    -2.0249011868145317e-05,
    0.00011782161891460419,
    0.021763093769550323,
    0.02309490367770195,
    0.06061360985040665,
    0.05620942637324333,
    0.013824683614075184,
    0.016939477995038033,
    0.001417450956068933,
    8.048992458498105e-05,
    0.004839487839490175,
    0.005349754821509123,
    0.1047576442360878,
    0.10530315339565277,
    -0.00014093599747866392,
    0.0022673234343528748,
    0.07875741273164749,
    0.07847540080547333,
    0.041049834340810776,
    7.229458424262702e-05,
    3.643855598056689e-05,
    0.001976021332666278,
    0.03259604796767235,
    0.044059090316295624,
    0.0011821199441328645,
    0.0027373889461159706,
    0.0
  ],
  "active_shapes": {
    "JawForward": 0.013346626423299313,
    "JawOpen": 0.08301207423210144,
    "MouthClose": 0.06479635089635849,
    "MouthPucker": 0.016137048602104187,
    "MouthSmileRight": 0.030261561274528503,
    "MouthDimpleLeft": 0.021763093769550323,
    "MouthDimpleRight": 0.02309490367770195,
    "MouthStretchLeft": 0.06061360985040665,
    "MouthStretchRight": 0.05620942637324333,
    "MouthRollLower": 0.013824683614075184,
    "MouthRollUpper": 0.016939477995038033,
    "MouthLowerDownLeft": 0.1047576442360878,
    "MouthLowerDownRight": 0.10530315339565277,
    "BrowDownLeft": 0.07875741273164749,
    "BrowDownRight": 0.07847540080547333,
    "BrowInnerUp": 0.041049834340810776,
    "CheekSquintLeft": 0.03259604796767235,
    "CheekSquintRight": 0.044059090316295624
  },
  "packet_size": 314,
  "packet_hex_preview": "060000002464646431326362302d333463612d313166302d383166662d3734353633633437336235330000000847616c6146616365003b946dfb3d07c8000000"
}