{
  "frame_id": 657,
  "timestamp": "2025-05-19T18:04:39.187486",
  "input_values": [
    0.0,
    0.0,
    0.0,
    0.0,
    0.0,
    0.0,
    0.0,
    0.0,
    0.0,
    0.0,
    0.0,
    0.0,
    0.0,
    0.0,
    0.012557566165924072,
    0.00021144941274542361,
    0.01571807637810707,
    0.09629998356103897,
    0.002495943568646908,
    0.10366920381784439,
    0.010522633790969849,
    1.0477631803951226e-05,
    0.0024006441235542297,
    0.01320639532059431,
    0.027092307806015015,
    0.00012097802391508594,
    -0.00015917999553494155,
    0.008493947796523571,
    0.009343927726149559,
    0.023696735501289368,
    0.03105824626982212,
    -0.00010419021418783814,
    0.0028648285660892725,
    4.362389518064447e-05,
    0.0005005988059565425,
    0.0005731243873015046,
    0.0006379065453074872,
    0.1392219066619873,
    0.16033855080604553,
    0.04436921700835228,
    0.058271624147892,
    0.11881206184625626,
    0.11866392940282822,
    -0.0001134752674261108,
    -0.0003143004432786256,
    -0.0005002414109185338,
    0.0009658315102569759,
    0.0020014201290905476,
    0.013986769132316113,
    0.00907957460731268,
    0.015772204846143723,
    0.0
  ],
  "active_shapes": {
    "JawForward": 0.012557566165924072,
    "JawRight": 0.01571807637810707,
    "JawOpen": 0.09629998356103897,
    "MouthFunnel": 0.10366920381784439,
    "MouthPucker": 0.010522633790969849,
    "MouthSmileLeft": 0.01320639532059431,
    "MouthSmileRight": 0.027092307806015015,
    "MouthStretchLeft": 0.023696735501289368,
    "MouthStretchRight": 0.03105824626982212,
    "MouthLowerDownLeft": 0.1392219066619873,
    "MouthLowerDownRight": 0.16033855080604553,
    "MouthUpperUpLeft": 0.04436921700835228,
    "MouthUpperUpRight": 0.058271624147892,
    "BrowDownLeft": 0.11881206184625626,
    "BrowDownRight": 0.11866392940282822,
    "CheekSquintRight": 0.013986769132316113,
    "NoseSneerRight": 0.015772204846143723
  },
  "packet_size": 314,
  "packet_hex_preview": "060000002464646431326362302d333463612d313166302d383166662d3734353633633437336235330000000847616c6146616365003b94effb3d07c8000000"
}