{
  "frame_id": 712,
  "timestamp": "2025-05-19T18:04:42.254633",
  "input_values": [
    0.0,
    0.0,
    0.0,
    0.0,
    0.0,
    0.0,
    0.0,
    0.0,
    0.0,
    0.0,
    0.0,
    0.0,
    0.0,
    0.0,
    0.0009189531556330621,
    0.00011316914606140926,
    0.009625759907066822,
    0.02029341273009777,
    -1.3366402527026366e-05,
    0.01811032183468342,
    0.010404585860669613,
    0.00029504610574804246,
    0.0029865927062928677,
    0.06553659588098526,
    0.05234578624367714,
    -2.479173053870909e-05,
    5.399389920057729e-05,
    0.01875924877822399,
    0.01836107112467289,
    0.009402584284543991,
    0.005724787246435881,
    0.0003399619599804282,
    0.002023635432124138,
    0.0026851054280996323,
    0.007669749204069376,
    0.004900537896901369,
    0.00596782099455595,
    0.08742675185203552,
    0.09351904690265656,
    0.02781566046178341,
    0.032719358801841736,
    0.4781167805194855,
    0.4780099391937256,
    0.14524702727794647,
    -4.0643626562086865e-05,
    -5.358919588616118e-05,
    0.0018587170634418726,
    0.03234222158789635,
    0.04093875363469124,
    0.022301314398646355,
    0.03183538094162941,
    0.0
  ],
  "active_shapes": {
    "JawOpen": 0.02029341273009777,
    "MouthFunnel": 0.01811032183468342,
    "MouthPucker": 0.010404585860669613,
    "MouthSmileLeft": 0.06553659588098526,
    "MouthSmileRight": 0.05234578624367714,
    "MouthDimpleLeft": 0.01875924877822399,
    "MouthDimpleRight": 0.01836107112467289,
    "MouthLowerDownLeft": 0.08742675185203552,
    "MouthLowerDownRight": 0.09351904690265656,
    "MouthUpperUpLeft": 0.02781566046178341,
    "MouthUpperUpRight": 0.032719358801841736,
    "BrowDownLeft": 0.4781167805194855,
    "BrowDownRight": 0.4780099391937256,
    "BrowInnerUp": 0.14524702727794647,
    "CheekSquintLeft": 0.03234222158789635,
    "CheekSquintRight": 0.04093875363469124,
    "NoseSneerLeft": 0.022301314398646355,
    "NoseSneerRight": 0.03183538094162941
  },
  "packet_size": 314,
  "packet_hex_preview": "060000002464646431326362302d333463612d313166302d383166662d3734353633633437336235330000000847616c6146616365003b95a7fb3d07c8000000"
}