{
  "frame_id": 252,
  "timestamp": "2025-05-19T18:04:23.273486",
  "input_values": [
    0.0,
    0.0,
    0.0,
    0.0,
    0.0,
    0.0,
    0.0,
    0.0,
    0.0,
    0.0,
    0.0,
    0.0,
    0.0,
    0.0,
    0.01956716738641262,
    0.00019447255181148648,
    0.005304740276187658,
    0.0699920579791069,
    0.0623726025223732,
    0.0007196106016635895,
    0.0010752258822321892,
    0.00579666905105114,
    0.0007184888236224651,
    0.11926507204771042,
    0.12427859008312225,
    -1.2476863048505038e-05,
    -1.4003882824908942e-05,
    0.039849892258644104,
    0.04191761091351509,
    0.026077626273036003,
    0.022507255896925926,
    0.02124221809208393,
    0.02180572785437107,
    0.00021879668929614127,
    -5.865711864316836e-05,
    0.003632423235103488,
    0.004457548726350069,
    0.09926392883062363,
    0.10163747519254684,
    -0.00014721833576913923,
    0.0007876214222051203,
    0.02458309382200241,
    0.02439194917678833,
    0.05232275649905205,
    -5.352068546926603e-05,
    -2.6597083433443913e-06,
    0.0020356117747724056,
    0.05881217122077942,
    0.06676214933395386,
    0.0005576683324761689,
    0.0008259586174972355,
    0.0
  ],
  "active_shapes": {
    "JawForward": 0.01956716738641262,
    "JawOpen": 0.0699920579791069,
    "MouthClose": 0.0623726025223732,
    "MouthSmileLeft": 0.11926507204771042,
    "MouthSmileRight": 0.12427859008312225,
    "MouthDimpleLeft": 0.039849892258644104,
    "MouthDimpleRight": 0.04191761091351509,
    "MouthStretchLeft": 0.026077626273036003,
    "MouthStretchRight": 0.022507255896925926,
    "MouthRollLower": 0.02124221809208393,
    "MouthRollUpper": 0.02180572785437107,
    "MouthLowerDownLeft": 0.09926392883062363,
    "MouthLowerDownRight": 0.10163747519254684,
    "BrowDownLeft": 0.02458309382200241,
    "BrowDownRight": 0.02439194917678833,
    "BrowInnerUp": 0.05232275649905205,
    "CheekSquintLeft": 0.05881217122077942,
    "CheekSquintRight": 0.06676214933395386
  },
  "packet_size": 314,
  "packet_hex_preview": "060000002464646431326362302d333463612d313166302d383166662d3734353633633437336235330000000847616c6146616365003b9134fb3d07c8000000"
}