{
  "frame_id": 431,
  "timestamp": "2025-05-19T18:04:29.126779",
  "input_values": [
    0.0,
    0.0,
    0.0,
    0.0,
    0.0,
    0.0,
    0.0,
    0.0,
    0.0,
    0.0,
    0.0,
    0.0,
    0.0,
    0.0,
    0.003049389459192753,
    0.0001131314566009678,
    0.013498160056769848,
    0.05512337014079094,
    0.00015779213572386652,
    0.05433446168899536,
    0.014784648083150387,
    5.038393283030018e-05,
    0.0025364872999489307,
    0.05379210785031319,
    0.046155862510204315,
    -2.0272387700970285e-05,
    9.513755503576249e-05,
    0.013399234041571617,
    0.01300821267068386,
    0.018190935254096985,
    0.013726049102842808,
    0.00015885563334450126,
    0.0014847464626654983,
    5.3079820645507425e-05,
    0.0010177763178944588,
    0.0035381747875362635,
    0.004308607429265976,
    0.1480490267276764,
    0.15697965025901794,
    0.04142601042985916,
    0.04679706320166588,
    0.4661586284637451,
    0.4660959243774414,
    0.16096903383731842,
    -2.9359034670051187e-05,
    -3.5882323572877795e-05,
    0.0016597873764112592,
    0.031120115891098976,
    0.03910432755947113,
    0.01924114301800728,
    0.02573471888899803,
    0.0
  ],
  "active_shapes": {
    "JawRight": 0.013498160056769848,
    "JawOpen": 0.05512337014079094,
    "MouthFunnel": 0.05433446168899536,
    "MouthPucker": 0.014784648083150387,
    "MouthSmileLeft": 0.05379210785031319,
    "MouthSmileRight": 0.046155862510204315,
    "MouthDimpleLeft": 0.013399234041571617,
    "MouthDimpleRight": 0.01300821267068386,
    "MouthStretchLeft": 0.018190935254096985,
    "MouthStretchRight": 0.013726049102842808,
    "MouthLowerDownLeft": 0.1480490267276764,
    "MouthLowerDownRight": 0.15697965025901794,
    "MouthUpperUpLeft": 0.04142601042985916,
    "MouthUpperUpRight": 0.04679706320166588,
    "BrowDownLeft": 0.4661586284637451,
    "BrowDownRight": 0.4660959243774414,
    "BrowInnerUp": 0.16096903383731842,
    "CheekSquintLeft": 0.031120115891098976,
    "CheekSquintRight": 0.03910432755947113,
    "NoseSneerLeft": 0.01924114301800728,
    "NoseSneerRight": 0.02573471888899803
  },
  "packet_size": 314,
  "packet_hex_preview": "060000002464646431326362302d333463612d313166302d383166662d3734353633633437336235330000000847616c6146616365003b9293fb3d07c8000000"
}