{
  "frame_id": 722,
  "timestamp": "2025-05-19T18:04:42.688593",
  "input_values": [
    0.0,
    0.0,
    0.0,
    0.0,
    0.0,
    0.0,
    0.0,
    0.0,
    0.0,
    0.0,
    0.0,
    0.0,
    0.0,
    0.0,
    0.010436391457915306,
    0.00018894192180596292,
    0.032697632908821106,
    0.13912157714366913,
    -0.00021991442190483212,
    0.11524135619401932,
    0.0008978103287518024,
    0.00024240191851276904,
    0.003047699574381113,
    0.13338597118854523,
    0.11184076964855194,
    4.26572842116002e-05,
    7.45707075111568e-05,
    0.02425038255751133,
    0.023415785282850266,
    0.016754591837525368,
    0.014751658774912357,
    1.281471941183554e-05,
    0.002474161796271801,
    0.0013378285802900791,
    0.017530960962176323,
    0.008932429365813732,
    0.010062608867883682,
    0.3371419906616211,
    0.35522639751434326,
    0.1476249247789383,
    0.1604626327753067,
    0.7066308856010437,
    0.7063979506492615,
    0.12785904109477997,
    0.0001941324444487691,
    0.00016904935182537884,
    0.0010979132493957877,
    0.06314459443092346,
    0.07228409498929977,
    0.09007685631513596,
    0.09888897091150284,
    0.0
  ],
  "active_shapes": {
    "JawForward": 0.010436391457915306,
    "JawRight": 0.032697632908821106,
    "JawOpen": 0.13912157714366913,
    "MouthFunnel": 0.11524135619401932,
    "MouthSmileLeft": 0.13338597118854523,
    "MouthSmileRight": 0.11184076964855194,
    "MouthDimpleLeft": 0.02425038255751133,
    "MouthDimpleRight": 0.023415785282850266,
    "MouthStretchLeft": 0.016754591837525368,
    "MouthStretchRight": 0.014751658774912357,
    "MouthShrugUpper": 0.017530960962176323,
    "MouthPressRight": 0.010062608867883682,
    "MouthLowerDownLeft": 0.3371419906616211,
    "MouthLowerDownRight": 0.35522639751434326,
    "MouthUpperUpLeft": 0.1476249247789383,
    "MouthUpperUpRight": 0.1604626327753067,
    "BrowDownLeft": 0.7066308856010437,
    "BrowDownRight": 0.7063979506492615,
    "BrowInnerUp": 0.12785904109477997,
    "CheekSquintLeft": 0.06314459443092346,
    "CheekSquintRight": 0.07228409498929977,
    "NoseSneerLeft": 0.09007685631513596,
    "NoseSneerRight": 0.09888897091150284
  },
  "packet_size": 314,
  "packet_hex_preview": "060000002464646431326362302d333463612d313166302d383166662d3734353633633437336235330000000847616c6146616365003b95c1fb3d07c8000000"
}