{
  "frame_id": 299,
  "timestamp": "2025-05-19T18:04:25.119819",
  "input_values": [
    0.0,
    0.0,
    0.0,
    0.0,
    0.0,
    0.0,
    0.0,
    0.0,
    0.0,
    0.0,
    0.0,
    0.0,
    0.0,
    0.0,
    0.0016374175902456045,
    8.373874879907817e-05,
    0.006338214036077261,
    0.028258483856916428,
    5.730696284445003e-05,
    0.03755369409918785,
    0.022254008799791336,
    -0.00010816793655976653,
    0.003712406847625971,
    0.02308843657374382,
    0.022921446710824966,
    2.3219536160468124e-05,
    -8.629944932181388e-05,
    0.007925955578684807,
    0.007995529100298882,
    0.00017453623877372593,
    0.00012969782983418554,
    -2.5893323254422285e-05,
    0.001211061840876937,
    0.0037195892073214054,
    0.006724555976688862,
    0.003583781886845827,
    0.004020427353680134,
    0.05565491318702698,
    0.06466161459684372,
    0.03298453241586685,
    0.03972820192575455,
    0.24461281299591064,
    0.24450881779193878,
    0.0037545040249824524,
    -7.72256389609538e-05,
    -0.00013561779633164406,
    0.00042466624290682375,
    0.013440544717013836,
    0.02025662735104561,
    0.03315625339746475,
    0.03834713622927666,
    0.0
  ],
  "active_shapes": {
    "JawOpen": 0.028258483856916428,
    "MouthFunnel": 0.03755369409918785,
    "MouthPucker": 0.022254008799791336,
    "MouthSmileLeft": 0.02308843657374382,
    "MouthSmileRight": 0.022921446710824966,
    "MouthLowerDownLeft": 0.05565491318702698,
    "MouthLowerDownRight": 0.06466161459684372,
    "MouthUpperUpLeft": 0.03298453241586685,
    "MouthUpperUpRight": 0.03972820192575455,
    "BrowDownLeft": 0.24461281299591064,
    "BrowDownRight": 0.24450881779193878,
    "CheekSquintLeft": 0.013440544717013836,
    "CheekSquintRight": 0.02025662735104561,
    "NoseSneerLeft": 0.03315625339746475,
    "NoseSneerRight": 0.03834713622927666
  },
  "packet_size": 314,
  "packet_hex_preview": "060000002464646431326362302d333463612d313166302d383166662d3734353633633437336235330000000847616c6146616365003b91a3fb3d07c8000000"
}