{
  "frame_id": 357,
  "timestamp": "2025-05-19T18:04:26.824938",
  "input_values": [
    0.0,
    0.0,
    0.0,
    0.0,
    0.0,
    0.0,
    0.0,
    0.0,
    0.0,
    0.0,
    0.0,
    0.0,
    0.0,
    0.0,
    0.0048437416553497314,
    0.00010235478112008423,
    0.0013732367660850286,
    0.02425357513129711,
    0.0323004275560379,
    0.025132084265351295,
    0.06146491691470146,
    0.004598197992891073,
    0.00017830298747867346,
    0.009934568777680397,
    0.011945648118853569,
    0.001406169612891972,
    0.0006847589393146336,
    0.006058736238628626,
    0.005812509451061487,
    0.01271086186170578,
    0.012066793628036976,
    0.0015008720802143216,
    0.005343975033611059,
    0.0003838337433990091,
    2.7898437110707164e-05,
    0.0012603872455656528,
    0.0015910936053842306,
    0.02540997415781021,
    0.02270648628473282,
    -0.00033442975836806,
    0.00010215192742180079,
    0.04994118586182594,
    0.04991103708744049,
    0.043505966663360596,
    0.03366602584719658,
    0.03372368589043617,
    0.0024076062254607677,
    0.019847959280014038,
    0.02451321855187416,
    -1.700835673545953e-05,
    0.00020128462347202003,
    0.0
  ],
  "active_shapes": {
    "JawOpen": 0.02425357513129711,
    "MouthClose": 0.0323004275560379,
    "MouthFunnel": 0.025132084265351295,
    "MouthPucker": 0.06146491691470146,
    "MouthSmileRight": 0.011945648118853569,
    "MouthStretchLeft": 0.01271086186170578,
    "MouthStretchRight": 0.012066793628036976,
    "MouthLowerDownLeft": 0.02540997415781021,
    "MouthLowerDownRight": 0.02270648628473282,
    "BrowDownLeft": 0.04994118586182594,
    "BrowDownRight": 0.04991103708744049,
    "BrowInnerUp": 0.043505966663360596,
    "BrowOuterUpLeft": 0.03366602584719658,
    "BrowOuterUpRight": 0.03372368589043617,
    "CheekSquintLeft": 0.019847959280014038,
    "CheekSquintRight": 0.02451321855187416
  },
  "packet_size": 314,
  "packet_hex_preview": "060000002464646431326362302d333463612d313166302d383166662d3734353633633437336235330000000847616c6146616365003b9209fb3d07c8000000"
}