{
  "frame_id": 6,
  "timestamp": "2025-05-19T18:04:15.570430",
  "input_values": [
    0.0,
    0.0,
    0.0,
    0.0,
    0.0,
    0.0,
    0.0,
    0.0,
    0.0,
    0.0,
    0.0,
    0.0,
    0.0,
    0.0,
    0.0033300709910690784,
    7.57028246880509e-05,
    0.0037560679484158754,
    0.02243099920451641,
    0.00019739502749871463,
    0.05622808262705803,
    0.012755563482642174,
    0.0012521345634013414,
    0.00035078483051620424,
    0.03812798112630844,
    0.04081856831908226,
    6.145905445009703e-06,
    -1.8416922102915123e-06,
    0.004539348650723696,
    0.004921078681945801,
    0.0018298650393262506,
    0.0034244414418935776,
    2.2542841179529205e-05,
    0.0017492246115580201,
    0.0008111014030873775,
    0.0002011589240282774,
    0.0019977674819529057,
    0.0020921945106238127,
    0.05848298221826553,
    0.061186403036117554,
    0.0197262242436409,
    0.02060524933040142,
    0.00038033860619179904,
    0.00031811202643439174,
    0.0255617406219244,
    0.013187025673687458,
    0.013237294740974903,
    0.0006090514943934977,
    0.017332086339592934,
    0.016408579424023628,
    0.010357717052102089,
    0.00947117991745472,
    0.0
  ],
  "active_shapes": {
    "JawOpen": 0.02243099920451641,
    "MouthFunnel": 0.05622808262705803,
    "MouthPucker": 0.012755563482642174,
    "MouthSmileLeft": 0.03812798112630844,
    "MouthSmileRight": 0.04081856831908226,
    "MouthLowerDownLeft": 0.05848298221826553,
    "MouthLowerDownRight": 0.061186403036117554,
    "MouthUpperUpLeft": 0.0197262242436409,
    "MouthUpperUpRight": 0.02060524933040142,
    "BrowInnerUp": 0.0255617406219244,
    "BrowOuterUpLeft": 0.013187025673687458,
    "BrowOuterUpRight": 0.013237294740974903,
    "CheekSquintLeft": 0.017332086339592934,
    "CheekSquintRight": 0.016408579424023628,
    "NoseSneerLeft": 0.010357717052102089
  },
  "packet_size": 314,
  "packet_hex_preview": "060000002464646431326362302d333463612d313166302d383166662d3734353633633437336235330000000847616c6146616365003b8f66fb3d07c8000000"
}