{
  "frame_id": 497,
  "timestamp": "2025-05-19T18:04:31.296563",
  "input_values": [
    0.0,
    0.0,
    0.0,
    0.0,
    0.0,
    0.0,
    0.0,
    0.0,
    0.0,
    0.0,
    0.0,
    0.0,
    0.0,
    0.0,
    0.001579523435793817,
    4.0033912227954715e-05,
    0.003737114369869232,
    0.007521401159465313,
    0.004624422639608383,
    0.0018056246917694807,
    0.0017992251086980104,
    0.00014899417874403298,
    0.0007507094414904714,
    0.01282184012234211,
    0.01332058198750019,
    -1.787587461876683e-05,
    -2.2335305402521044e-05,
    0.0038841296918690205,
    0.00393070001155138,
    0.0011314933653920889,
    0.0011489038588479161,
    4.325717964093201e-05,
    0.001235310104675591,
    7.298349373741075e-05,
    0.00015201661153696477,
    0.0009121227194555104,
    0.0009680219809524715,
    0.01377595029771328,
    0.015534053556621075,
    0.0019485583761706948,
    0.0029952942859381437,
    0.049115005880594254,
    0.04906677454710007,
    0.0008689676178619266,
    -4.2037943785544485e-05,
    -5.237415462033823e-05,
    9.055452392203733e-05,
    0.009915711358189583,
    0.011038067750632763,
    0.008884027600288391,
    0.007497249636799097,
    0.0
  ],
  "active_shapes": {
    "MouthSmileLeft": 0.01282184012234211,
    "MouthSmileRight": 0.01332058198750019,
    "MouthLowerDownLeft": 0.01377595029771328,
    "MouthLowerDownRight": 0.015534053556621075,
    "BrowDownLeft": 0.049115005880594254,
    "BrowDownRight": 0.04906677454710007,
    "CheekSquintRight": 0.011038067750632763
  },
  "packet_size": 314,
  "packet_hex_preview": "060000002464646431326362302d333463612d313166302d383166662d3734353633633437336235330000000847616c6146616365003b9315fb3d07c8000000"
}