{
  "frame_id": 270,
  "timestamp": "2025-05-19T18:04:24.116877",
  "input_values": [
    0.0,
    0.0,
    0.0,
    0.0,
    0.0,
    0.0,
    0.0,
    0.0,
    0.0,
    0.0,
    0.0,
    0.0,
    0.0,
    0.0,
    0.017332717776298523,
    7.539606303907931e-05,
    0.0035813613794744015,
    0.05987786501646042,
    0.03195991367101669,
    0.0566735565662384,
    0.0002709754044190049,
    0.000970807857811451,
    0.004577093757688999,
    0.09306738525629044,
    0.09908629953861237,
    4.582912879413925e-05,
    -0.00015402940334752202,
    0.02341543138027191,
    0.024795178323984146,
    0.03941871598362923,
    0.03669069707393646,
    0.0025957575999200344,
    0.013990551233291626,
    2.4973018298624083e-05,
    0.004273779224604368,
    0.0012544846395030618,
    0.0016107577830553055,
    0.08073695003986359,
    0.08339086174964905,
    0.026101086288690567,
    0.026063820347189903,
    0.019935976713895798,
    0.01987084373831749,
    0.04138081148266792,
    3.560976620065048e-05,
    8.4151208284311e-05,
    2.9914721380919218e-05,
    0.08501379191875458,
    0.09446702152490616,
    0.05002288892865181,
    0.05735110491514206,
    0.0
  ],
  "active_shapes": {
    "JawForward": 0.017332717776298523,
    "JawOpen": 0.05987786501646042,
    "MouthClose": 0.03195991367101669,
    "MouthFunnel": 0.0566735565662384,
    "MouthSmileLeft": 0.09306738525629044,
    "MouthSmileRight": 0.09908629953861237,
    "MouthDimpleLeft": 0.02341543138027191,
    "MouthDimpleRight": 0.024795178323984146,
    "MouthStretchLeft": 0.03941871598362923,
    "MouthStretchRight": 0.03669069707393646,
    "MouthRollUpper": 0.013990551233291626,
    "MouthLowerDownLeft": 0.08073695003986359,
    "MouthLowerDownRight": 0.08339086174964905,
    "MouthUpperUpLeft": 0.026101086288690567,
    "MouthUpperUpRight": 0.026063820347189903,
    "BrowDownLeft": 0.019935976713895798,
    "BrowDownRight": 0.01987084373831749,
    "BrowInnerUp": 0.04138081148266792,
    "CheekSquintLeft": 0.08501379191875458,
    "CheekSquintRight": 0.09446702152490616,
    "NoseSneerLeft": 0.05002288892865181,
    "NoseSneerRight": 0.05735110491514206
  },
  "packet_size": 314,
  "packet_hex_preview": "060000002464646431326362302d333463612d313166302d383166662d3734353633633437336235330000000847616c6146616365003b9166fb3d07c8000000"
}