{
  "frame_id": 448,
  "timestamp": "2025-05-19T18:04:29.532491",
  "input_values": [
    0.0,
    0.0,
    0.0,
    0.0,
    0.0,
    0.0,
    0.0,
    0.0,
    0.0,
    0.0,
    0.0,
    0.0,
    0.0,
    0.0,
    0.014289852231740952,
    0.0001861234923126176,
    0.014428513124585152,
    0.03664809837937355,
    0.004671779461205006,
    0.08219514787197113,
    0.021324049681425095,
    0.002695254748687148,
    0.0003888692590408027,
    0.08106086403131485,
    0.09295047074556351,
    0.0013026196975260973,
    0.00026087992591783404,
    0.009093056432902813,
    0.008300848305225372,
    0.038268279284238815,
    0.03365199267864227,
    0.00047437637113034725,
    0.0020908478181809187,
    0.004823214840143919,
    0.013175073079764843,
    0.0007953721797093749,
    0.0019681756384670734,
    0.12044238299131393,
    0.11611578613519669,
    0.06539877504110336,
    0.07158086448907852,
    0.0037810420617461205,
    0.0038841906934976578,
    0.16697752475738525,
    0.082722969353199,
    0.08291790634393692,
    7.683984586037695e-05,
    0.0651434063911438,
    0.08232954144477844,
    0.030953869223594666,
    0.04444297403097153,
    0.0
  ],
  "active_shapes": {
    "JawForward": 0.014289852231740952,
    "JawRight": 0.014428513124585152,
    "JawOpen": 0.03664809837937355,
    "MouthFunnel": 0.08219514787197113,
    "MouthPucker": 0.021324049681425095,
    "MouthSmileLeft": 0.08106086403131485,
    "MouthSmileRight": 0.09295047074556351,
    "MouthStretchLeft": 0.038268279284238815,
    "MouthStretchRight": 0.03365199267864227,
    "MouthShrugUpper": 0.013175073079764843,
    "MouthLowerDownLeft": 0.12044238299131393,
    "MouthLowerDownRight": 0.11611578613519669,
    "MouthUpperUpLeft": 0.06539877504110336,
    "MouthUpperUpRight": 0.07158086448907852,
    "BrowInnerUp": 0.16697752475738525,
    "BrowOuterUpLeft": 0.082722969353199,
    "BrowOuterUpRight": 0.08291790634393692,
    "CheekSquintLeft": 0.0651434063911438,
    "CheekSquintRight": 0.08232954144477844,
    "NoseSneerLeft": 0.030953869223594666,
    "NoseSneerRight": 0.04444297403097153
  },
  "packet_size": 314,
  "packet_hex_preview": "060000002464646431326362302d333463612d313166302d383166662d3734353633633437336235330000000847616c6146616365003b92abfb3d07c8000000"
}