{
  "frame_id": 539,
  "timestamp": "2025-05-19T18:04:32.764887",
  "input_values": [
    0.0,
    0.0,
    0.0,
    0.0,
    0.0,
    0.0,
    0.0,
    0.0,
    0.0,
    0.0,
    0.0,
    0.0,
    0.0,
    0.0,
    0.0011808177223429084,
    0.00018930986698251218,
    0.0168642308562994,
    0.031449805945158005,
    0.002147129736840725,
    0.051732197403907776,
    0.0037575780879706144,
    0.00021280463261064142,
    0.0020162046421319246,
    0.12359631806612015,
    0.11115844547748566,
    -1.0930122698482592e-05,
    -3.068156001972966e-05,
    0.015912001952528954,
    0.016914982348680496,
    0.00017142895376309752,
    0.0022371578961610794,
    0.0003690473677124828,
    0.004529885482043028,
    0.00031084177317097783,
    0.002577404724434018,
    0.0054055871441960335,
    0.005387237295508385,
    0.11478961259126663,
    0.1262664496898651,
    0.05319162458181381,
    0.05809377133846283,
    0.3293936848640442,
    0.32918640971183777,
    0.02655964344739914,
    -3.715265484061092e-05,
    -2.7347952709533274e-05,
    0.00017305288929492235,
    0.04774079844355583,
    0.0527772530913353,
    0.05024681240320206,
    0.041871000081300735,
    0.0
  ],
  "active_shapes": {
    "JawRight": 0.0168642308562994,
    "JawOpen": 0.031449805945158005,
    "MouthFunnel": 0.051732197403907776,
    "MouthSmileLeft": 0.12359631806612015,
    "MouthSmileRight": 0.11115844547748566,
    "MouthDimpleLeft": 0.015912001952528954,
    "MouthDimpleRight": 0.016914982348680496,
    "MouthLowerDownLeft": 0.11478961259126663,
    "MouthLowerDownRight": 0.1262664496898651,
    "MouthUpperUpLeft": 0.05319162458181381,
    "MouthUpperUpRight": 0.05809377133846283,
    "BrowDownLeft": 0.3293936848640442,
    "BrowDownRight": 0.32918640971183777,
    "BrowInnerUp": 0.02655964344739914,
    "CheekSquintLeft": 0.04774079844355583,
    "CheekSquintRight": 0.0527772530913353,
    "NoseSneerLeft": 0.05024681240320206,
    "NoseSneerRight": 0.041871000081300735
  },
  "packet_size": 314,
  "packet_hex_preview": "060000002464646431326362302d333463612d313166302d383166662d3734353633633437336235330000000847616c6146616365003b936dfb3d07c8000000"
}