{
  "frame_id": 664,
  "timestamp": "2025-05-19T18:04:39.561667",
  "input_values": [
    0.0,
    0.0,
    0.0,
    0.0,
    0.0,
    0.0,
    0.0,
    0.0,
    0.0,
    0.0,
    0.0,
    0.0,
    0.0,
    0.0,
    0.01894029602408409,
    0.0002554788370616734,
    0.019745608791708946,
    0.06535036116838455,
    0.024005452170968056,
    0.053295839577913284,
    0.03455263003706932,
    0.00017109164036810398,
    0.014717263169586658,
    -0.0009104802156798542,
    0.009978873655200005,
    0.0006697074277326465,
    -0.00039431912591680884,
    -0.00024703002418391407,
    0.0011448187287896872,
    -0.0003403977898415178,
    0.006501051131635904,
    0.00015124060155358166,
    0.0010855525033548474,
    0.0005611796514131129,
    0.0015168607933446765,
    0.0010152385802939534,
    0.0009523380431346595,
    0.012408182956278324,
    0.053167931735515594,
    0.009442624635994434,
    0.027486789971590042,
    -5.352795051294379e-05,
    -2.432703877275344e-05,
    0.0005722737987525761,
    0.00022638330119661987,
    -7.593071495648474e-05,
    0.003333269152790308,
    0.00936439074575901,
    0.028677836060523987,
    0.03363043814897537,
    0.04504716396331787,
    0.0
  ],
  "active_shapes": {
    "JawForward": 0.01894029602408409,
    "JawRight": 0.019745608791708946,
    "JawOpen": 0.06535036116838455,
    "MouthClose": 0.024005452170968056,
    "MouthFunnel": 0.053295839577913284,
    "MouthPucker": 0.03455263003706932,
    "MouthRight": 0.014717263169586658,
    "MouthLowerDownLeft": 0.012408182956278324,
    "MouthLowerDownRight": 0.053167931735515594,
    "MouthUpperUpRight": 0.027486789971590042,
    "CheekSquintRight": 0.028677836060523987,
    "NoseSneerLeft": 0.03363043814897537,
    "NoseSneerRight": 0.04504716396331787
  },
  "packet_size": 314,
  "packet_hex_preview": "060000002464646431326362302d333463612d313166302d383166662d3734353633633437336235330000000847616c6146616365003b9505fb3d07c8000000"
}