{
  "frame_id": 479,
  "timestamp": "2025-05-19T18:04:30.772910",
  "input_values": [
    0.0,
    0.0,
    0.0,
    0.0,
    0.0,
    0.0,
    0.0,
    0.0,
    0.0,
    0.0,
    0.0,
    0.0,
    0.0,
    0.0,
    0.0048418836668133736,
    3.666533302748576e-05,
    0.0017280582105740905,
    0.006130505818873644,
    0.002894351724535227,
    0.002698057098314166,
    0.0027128178626298904,
    0.0027486910112202168,
    7.552468741778284e-05,
    0.011160730384290218,
    0.010236406698822975,
    4.858648480876582e-06,
    3.531478432705626e-05,
    0.0035156526137143373,
    0.002899669576436281,
    0.012048561125993729,
    0.008535279892385006,
    0.005137194413691759,
    0.001947592245414853,
    0.0033969327341765165,
    0.0006563825299963355,
    0.0004735012480523437,
    0.0007057592738419771,
    0.014724659733474255,
    0.014277158305048943,
    0.000612280797213316,
    0.000830142293125391,
    -9.447604497836437e-06,
    -2.490681436029263e-05,
    0.0831928625702858,
    0.07253845036029816,
    0.0725937932729721,
    0.0005280108889564872,
    0.012122699059545994,
    0.013216947205364704,
    4.965784683008678e-05,
    0.00028539905906654894,
    0.0
  ],
  "active_shapes": {
    "MouthSmileLeft": 0.011160730384290218,
    "MouthSmileRight": 0.010236406698822975,
    "MouthStretchLeft": 0.012048561125993729,
    "MouthLowerDownLeft": 0.014724659733474255,
    "MouthLowerDownRight": 0.014277158305048943,
    "BrowInnerUp": 0.0831928625702858,
    "BrowOuterUpLeft": 0.07253845036029816,
    "BrowOuterUpRight": 0.0725937932729721,
    "CheekSquintLeft": 0.012122699059545994,
    "CheekSquintRight": 0.013216947205364704
  },
  "packet_size": 314,
  "packet_hex_preview": "060000002464646431326362302d333463612d313166302d383166662d3734353633633437336235330000000847616c6146616365003b92f6fb3d07c8000000"
}