{
  "frame_id": 15,
  "timestamp": "2025-05-19T18:04:15.673897",
  "input_values": [
    0.0,
    0.0,
    0.0,
    0.0,
    0.0,
    0.0,
    0.0,
    0.0,
    0.0,
    0.0,
    0.0,
    0.0,
    0.0,
    0.0,
    0.03616590425372124,
    0.00019117523333989084,
    0.028380000963807106,
    0.22720587253570557,
    0.0011511438060551882,
    0.1551993489265442,
    0.016288243234157562,
    0.0015169307589530945,
    0.0007069680723361671,
    0.11762990057468414,
    0.11425390839576721,
    -8.925360452849418e-05,
    -5.767829134128988e-05,
    0.02735956199467182,
    0.027777042239904404,
    0.039280425757169724,
    0.0451168529689312,
    5.955416781944223e-06,
    0.0070772673934698105,
    0.00024129268422257155,
    0.00029320220346562564,
    0.0040320283733308315,
    0.004148784093558788,
    0.3282165229320526,
    0.33279845118522644,
    0.07934479415416718,
    0.07968961447477341,
    0.00405924441292882,
    0.0038655009120702744,
    0.05685120075941086,
    0.027305424213409424,
    0.02734062820672989,
    0.0001958978537004441,
    0.04696166142821312,
    0.04508344084024429,
    0.011784064583480358,
    0.011120898649096489,
    0.0
  ],
  "active_shapes": {
    "JawForward": 0.03616590425372124,
    "JawRight": 0.028380000963807106,
    "JawOpen": 0.22720587253570557,
    "MouthFunnel": 0.1551993489265442,
    "MouthPucker": 0.016288243234157562,
    "MouthSmileLeft": 0.11762990057468414,
    "MouthSmileRight": 0.11425390839576721,
    "MouthDimpleLeft": 0.02735956199467182,
    "MouthDimpleRight": 0.027777042239904404,
    "MouthStretchLeft": 0.039280425757169724,
    "MouthStretchRight": 0.0451168529689312,
    "MouthLowerDownLeft": 0.3282165229320526,
    "MouthLowerDownRight": 0.33279845118522644,
    "MouthUpperUpLeft": 0.07934479415416718,
    "MouthUpperUpRight": 0.07968961447477341,
    "BrowInnerUp": 0.05685120075941086,
    "BrowOuterUpLeft": 0.027305424213409424,
    "BrowOuterUpRight": 0.02734062820672989,
    "CheekSquintLeft": 0.04696166142821312,
    "CheekSquintRight": 0.04508344084024429,
    "NoseSneerLeft": 0.011784064583480358,
    "NoseSneerRight": 0.011120898649096489
  },
  "packet_size": 314,
  "packet_hex_preview": "060000002464646431326362302d333463612d313166302d383166662d3734353633633437336235330000000847616c6146616365003b8f6cfb3d07c8000000"
}