{
  "frame_id": 249,
  "timestamp": "2025-05-19T18:04:23.236441",
  "input_values": [
    0.0,
    0.0,
    0.0,
    0.0,
    0.0,
    0.0,
    0.0,
    0.0,
    0.0,
    0.0,
    0.0,
    0.0,
    0.0,
    0.0,
    0.009759917855262756,
    0.00011322155478410423,
    0.003185015870258212,
    0.06453855335712433,
    0.038378916680812836,
    0.018861761316657066,
    0.000953063543420285,
    0.0029344947542995214,
    0.0001582546829013154,
    0.07514048367738724,
    0.07997263967990875,
    -1.2967212569492403e-05,
    8.29495820653392e-06,
    0.022657610476017,
    0.023751623928546906,
    0.020365700125694275,
    0.01771903783082962,
    0.004528920166194439,
    0.012152436189353466,
    0.00011533102951943874,
    -5.3990475862519816e-05,
    0.0024728106800466776,
    0.0028570678550750017,
    0.09467683732509613,
    0.09580090641975403,
    0.00032208129414357245,
    0.001515570213086903,
    0.012145085260272026,
    0.012055625207722187,
    0.035301223397254944,
    -6.252329330891371e-05,
    -6.217297777766362e-05,
    0.0010750509100034833,
    0.036318693310022354,
    0.04073172062635422,
    0.00022836262360215187,
    0.00023680744925513864,
    0.0
  ],
  "active_shapes": {
    "JawOpen": 0.06453855335712433,
    "MouthClose": 0.038378916680812836,
    "MouthFunnel": 0.018861761316657066,
    "MouthSmileLeft": 0.07514048367738724,
    "MouthSmileRight": 0.07997263967990875,
    "MouthDimpleLeft": 0.022657610476017,
    "MouthDimpleRight": 0.023751623928546906,
    "MouthStretchLeft": 0.020365700125694275,
    "MouthStretchRight": 0.01771903783082962,
    "MouthRollUpper": 0.012152436189353466,
    "MouthLowerDownLeft": 0.09467683732509613,
    "MouthLowerDownRight": 0.09580090641975403,
    "BrowDownLeft": 0.012145085260272026,
    "BrowDownRight": 0.012055625207722187,
    "BrowInnerUp": 0.035301223397254944,
    "CheekSquintLeft": 0.036318693310022354,
    "CheekSquintRight": 0.04073172062635422
  },
  "packet_size": 314,
  "packet_hex_preview": "060000002464646431326362302d333463612d313166302d383166662d3734353633633437336235330000000847616c6146616365003b9132fb3d07c8000000"
}