{
  "frame_id": 112,
  "timestamp": "2025-05-19T18:04:18.816863",
  "input_values": [
    0.0,
    0.0,
    0.0,
    0.0,
    0.0,
    0.0,
    0.0,
    0.0,
    0.0,
    0.0,
    0.0,
    0.0,
    0.0,
    0.0,
    0.01575206033885479,
    0.00019905989756807685,
    0.00491071492433548,
    0.0719621554017067,
    0.04003002494573593,
    0.03919975832104683,
    0.010691151954233646,
    0.009834728203713894,
    0.006626151967793703,
    0.022842392325401306,
    0.020681561902165413,
    -0.00021414649381767958,
    -0.00012596137821674347,
    0.015816980972886086,
    0.01505795493721962,
    0.05405862629413605,
    0.059166789054870605,
    0.0008819779613986611,
    0.008677011355757713,
    -0.00023126666201278567,
    0.00012799364048987627,
    0.00014105945592746139,
    0.0006534832064062357,
    0.09160301834344864,
    0.09309104830026627,
    0.0010126868728548288,
    0.0013662573182955384,
    -9.21644241316244e-05,
    8.752942335377156e-07,
    0.14427515864372253,
    0.10905265808105469,
    0.10913226008415222,
    0.0003687334537971765,
    0.02631383016705513,
    0.034954607486724854,
    0.0014099432155489922,
    0.005351729225367308,
    0.0
  ],
  "active_shapes": {
    "JawForward": 0.01575206033885479,
    "JawOpen": 0.0719621554017067,
    "MouthClose": 0.04003002494573593,
    "MouthFunnel": 0.03919975832104683,
    "MouthPucker": 0.010691151954233646,
    "MouthSmileLeft": 0.022842392325401306,
    "MouthSmileRight": 0.020681561902165413,
    "MouthDimpleLeft": 0.015816980972886086,
    "MouthDimpleRight": 0.01505795493721962,
    "MouthStretchLeft": 0.05405862629413605,
    "MouthStretchRight": 0.059166789054870605,
    "MouthLowerDownLeft": 0.09160301834344864,
    "MouthLowerDownRight": 0.09309104830026627,
    "BrowInnerUp": 0.14427515864372253,
    "BrowOuterUpLeft": 0.10905265808105469,
    "BrowOuterUpRight": 0.10913226008415222,
    "CheekSquintLeft": 0.02631383016705513,
    "CheekSquintRight": 0.034954607486724854
  },
  "packet_size": 314,
  "packet_hex_preview": "060000002464646431326362302d333463612d313166302d383166662d3734353633633437336235330000000847616c6146616365003b9028fb3d07c8000000"
}