{
  "frame_id": 595,
  "timestamp": "2025-05-19T18:04:35.865560",
  "input_values": [
    0.0,
    0.0,
    0.0,
    0.0,
    0.0,
    0.0,
    0.0,
    0.0,
    0.0,
    0.0,
    0.0,
    0.0,
    0.0,
    0.0,
    0.0013829178642481565,
    0.00018873119552154094,
    0.026769766584038734,
    0.08537734299898148,
    -0.0001530058216303587,
    0.07257431745529175,
    0.0009005908505059779,
    0.00035517956712283194,
    0.003328634425997734,
    0.13718992471694946,
    0.10743042081594467,
    -3.6176861613057554e-05,
    3.4573604352772236e-05,
    0.019661497324705124,
    0.01877308450639248,
    0.0004783189797308296,
    0.002151358174160123,
    3.459664003457874e-05,
    0.0031689340248703957,
    0.0005520283593796194,
    0.017080683261156082,
    0.010197761468589306,
    0.011165453121066093,
    0.24347209930419922,
    0.2604614198207855,
    0.12568731606006622,
    0.1354116052389145,
    0.7148540616035461,
    0.714577853679657,
    0.04963110759854317,
    4.3048970837844536e-05,
    -2.1151452529011294e-05,
    0.001091200509108603,
    0.05473880469799042,
    0.06018952280282974,
    0.12456121295690536,
    0.13629022240638733,
    0.0
  ],
  "active_shapes": {
    "JawRight": 0.026769766584038734,
    "JawOpen": 0.08537734299898148,
    "MouthFunnel": 0.07257431745529175,
    "MouthSmileLeft": 0.13718992471694946,
    "MouthSmileRight": 0.10743042081594467,
    "MouthDimpleLeft": 0.019661497324705124,
    "MouthDimpleRight": 0.01877308450639248,
    "MouthShrugUpper": 0.017080683261156082,
    "MouthPressLeft": 0.010197761468589306,
    "MouthPressRight": 0.011165453121066093,
    "MouthLowerDownLeft": 0.24347209930419922,
    "MouthLowerDownRight": 0.2604614198207855,
    "MouthUpperUpLeft": 0.12568731606006622,
    "MouthUpperUpRight": 0.1354116052389145,
    "BrowDownLeft": 0.7148540616035461,
    "BrowDownRight": 0.714577853679657,
    "BrowInnerUp": 0.04963110759854317,
    "CheekSquintLeft": 0.05473880469799042,
    "CheekSquintRight": 0.06018952280282974,
    "NoseSneerLeft": 0.12456121295690536,
    "NoseSneerRight": 0.13629022240638733
  },
  "packet_size": 314,
  "packet_hex_preview": "060000002464646431326362302d333463612d313166302d383166662d3734353633633437336235330000000847616c6146616365003b9427fb3d07c8000000"
}