{
  "frame_id": 493,
  "timestamp": "2025-05-19T18:04:31.251809",
  "input_values": [
    0.0,
    0.0,
    0.0,
    0.0,
    0.0,
    0.0,
    0.0,
    0.0,
    0.0,
    0.0,
    0.0,
    0.0,
    0.0,
    0.0,
    0.0013759378343820572,
    3.834586823359132e-05,
    0.0040016756393015385,
    0.010145537555217743,
    -6.075110286474228e-05,
    0.008907901123166084,
    0.006754639092832804,
    -0.0001649411569815129,
    0.0017133636865764856,
    0.01821775548160076,
    0.01897752657532692,
    -4.245516174705699e-05,
    7.3128203439409845e-06,
    0.004871215671300888,
    0.005097554996609688,
    -6.50033907731995e-05,
    7.288433698704466e-05,
    7.927614205982536e-05,
    0.0005292468704283237,
    0.0002706426312215626,
    0.001036768895573914,
    0.003303798381239176,
    0.0035465143155306578,
    0.023846646770834923,
    0.026634778827428818,
    0.010775690898299217,
    0.012029358185827732,
    0.14872027933597565,
    0.1486823707818985,
    0.039389513432979584,
    -2.55908726103371e-05,
    -3.99451564589981e-05,
    0.0010670963674783707,
    0.007466880138963461,
    0.008689431473612785,
    0.009305237792432308,
    0.010042701847851276,
    0.0
  ],
  "active_shapes": {
    "JawOpen": 0.010145537555217743,
    "MouthSmileLeft": 0.01821775548160076,
    "MouthSmileRight": 0.01897752657532692,
    "MouthLowerDownLeft": 0.023846646770834923,
    "MouthLowerDownRight": 0.026634778827428818,
    "MouthUpperUpLeft": 0.010775690898299217,
    "MouthUpperUpRight": 0.012029358185827732,
    "BrowDownLeft": 0.14872027933597565,
    "BrowDownRight": 0.1486823707818985,
    "BrowInnerUp": 0.039389513432979584,
    "NoseSneerRight": 0.010042701847851276
  },
  "packet_size": 314,
  "packet_hex_preview": "060000002464646431326362302d333463612d313166302d383166662d3734353633633437336235330000000847616c6146616365003b9313fb3d07c8000000"
}