{
  "frame_id": 418,
  "timestamp": "2025-05-19T18:04:28.668743",
  "input_values": [
    0.0,
    0.0,
    0.0,
    0.0,
    0.0,
    0.0,
    0.0,
    0.0,
    0.0,
    0.0,
    0.0,
    0.0,
    0.0,
    0.0,
    0.01771542802453041,
    0.00014639920846093446,
    0.016258111223578453,
    0.07945888489484787,
    0.005083581432700157,
    0.1492188572883606,
    0.03456732630729675,
    0.014444150030612946,
    -2.3800954295438714e-05,
    0.0019180281087756157,
    0.00039054214721545577,
    0.005394595209509134,
    0.012134881690144539,
    0.006994436029344797,
    0.003774632466956973,
    0.03492720052599907,
    0.03043886087834835,
    0.000700492353644222,
    0.007782320026308298,
    0.00010323807509848848,
    0.00030031712958589196,
    -6.524002674268559e-05,
    0.0006577604217454791,
    0.21928107738494873,
    0.21116864681243896,
    0.06270916014909744,
    0.06467320770025253,
    7.351625390583649e-05,
    -6.866216608614195e-06,
    0.4272822439670563,
    0.2691882848739624,
    0.2694677710533142,
    0.0018067145720124245,
    0.026321658864617348,
    0.02843414805829525,
    -0.0006115096621215343,
    -9.31870163185522e-05,
    0.0
  ],
  "active_shapes": {
    "JawForward": 0.01771542802453041,
    "JawRight": 0.016258111223578453,
    "JawOpen": 0.07945888489484787,
    "MouthFunnel": 0.1492188572883606,
    "MouthPucker": 0.03456732630729675,
    "MouthLeft": 0.014444150030612946,
    "MouthFrownRight": 0.012134881690144539,
    "MouthStretchLeft": 0.03492720052599907,
    "MouthStretchRight": 0.03043886087834835,
    "MouthLowerDownLeft": 0.21928107738494873,
    "MouthLowerDownRight": 0.21116864681243896,
    "MouthUpperUpLeft": 0.06270916014909744,
    "MouthUpperUpRight": 0.06467320770025253,
    "BrowInnerUp": 0.4272822439670563,
    "BrowOuterUpLeft": 0.2691882848739624,
    "BrowOuterUpRight": 0.2694677710533142,
    "CheekSquintLeft": 0.026321658864617348,
    "CheekSquintRight": 0.02843414805829525
  },
  "packet_size": 314,
  "packet_hex_preview": "060000002464646431326362302d333463612d313166302d383166662d3734353633633437336235330000000847616c6146616365003b9278fb3d07c8000000"
}