{
  "frame_id": 551,
  "timestamp": "2025-05-19T18:04:33.487692",
  "input_values": [
    0.0,
    0.0,
    0.0,
    0.0,
    0.0,
    0.0,
    0.0,
    0.0,
    0.0,
    0.0,
    0.0,
    0.0,
    0.0,
    0.0,
    -0.0004321513115428388,
    0.00011320427438477054,
    0.011214512400329113,
    0.015719585120677948,
    6.931465759407729e-05,
    0.017603395506739616,
    0.0005675063584931195,
    0.0005936868255957961,
    0.0032849679701030254,
    0.08582127094268799,
    0.0679834634065628,
    3.743265915545635e-05,
    1.4003950127516873e-05,
    0.0152506772428751,
    0.014785419218242168,
    0.005995991174131632,
    0.005416701547801495,
    0.000347824563505128,
    0.002330697374418378,
    0.0006054461118765175,
    0.008499693125486374,
    0.005518421996384859,
    0.0065235719084739685,
    0.09921658039093018,
    0.10400334000587463,
    0.03926457092165947,
    0.04459623247385025,
    0.48503491282463074,
    0.48491793870925903,
    0.08736808598041534,
    2.540655486882315e-06,
    -2.1800369722768664e-05,
    0.0014419984072446823,
    0.04025541618466377,
    0.049825482070446014,
    0.06282394379377365,
    0.0717921257019043,
    0.0
  ],
  "active_shapes": {
    "JawRight": 0.011214512400329113,
    "JawOpen": 0.015719585120677948,
    "MouthFunnel": 0.017603395506739616,
    "MouthSmileLeft": 0.08582127094268799,
    "MouthSmileRight": 0.0679834634065628,
    "MouthDimpleLeft": 0.0152506772428751,
    "MouthDimpleRight": 0.014785419218242168,
    "MouthLowerDownLeft": 0.09921658039093018,
    "MouthLowerDownRight": 0.10400334000587463,
    "MouthUpperUpLeft": 0.03926457092165947,
    "MouthUpperUpRight": 0.04459623247385025,
    "BrowDownLeft": 0.48503491282463074,
    "BrowDownRight": 0.48491793870925903,
    "BrowInnerUp": 0.08736808598041534,
    "CheekSquintLeft": 0.04025541618466377,
    "CheekSquintRight": 0.049825482070446014,
    "NoseSneerLeft": 0.06282394379377365,
    "NoseSneerRight": 0.0717921257019043
  },
  "packet_size": 314,
  "packet_hex_preview": "060000002464646431326362302d333463612d313166302d383166662d3734353633633437336235330000000847616c6146616365003b9399fb3d07c8000000"
}