{
  "frame_id": 295,
  "timestamp": "2025-05-19T18:04:24.744019",
  "input_values": [
    0.0,
    0.0,
    0.0,
    0.0,
    0.0,
    0.0,
    0.0,
    0.0,
    0.0,
    0.0,
    0.0,
    0.0,
    0.0,
    0.0,
    0.0029182108119130135,
    0.00019663678540382534,
    0.014257284812629223,
    0.07139763981103897,
    0.004735705442726612,
    0.0829605832695961,
    0.0008185736951418221,
    0.0009886111365631223,
    0.001680466695688665,
    0.07850830256938934,
    0.06844468414783478,
    -1.5697301932959817e-05,
    -2.3634504032088444e-05,
    0.021981798112392426,
    0.02146582119166851,
    0.02291981503367424,
    0.022652827203273773,
    5.7020803069463e-05,
    0.005858281627297401,
    -7.760111475363374e-05,
    0.0004900083877146244,
    0.0036860445979982615,
    0.004313444718718529,
    0.18653829395771027,
    0.19882738590240479,
    0.04412514343857765,
    0.05134012550115585,
    0.380349725484848,
    0.38009005784988403,
    0.04846339300274849,
    -7.586229912703857e-05,
    -0.00015629663539584726,
    0.0013245930895209312,
    0.036993369460105896,
    0.045756250619888306,
    0.006602907553315163,
    0.007911458611488342,
    0.0
  ],
  "active_shapes": {
    "JawRight": 0.014257284812629223,
    "JawOpen": 0.07139763981103897,
    "MouthFunnel": 0.0829605832695961,
    "MouthSmileLeft": 0.07850830256938934,
    "MouthSmileRight": 0.06844468414783478,
    "MouthDimpleLeft": 0.021981798112392426,
    "MouthDimpleRight": 0.02146582119166851,
    "MouthStretchLeft": 0.02291981503367424,
    "MouthStretchRight": 0.022652827203273773,
    "MouthLowerDownLeft": 0.18653829395771027,
    "MouthLowerDownRight": 0.19882738590240479,
    "MouthUpperUpLeft": 0.04412514343857765,
    "MouthUpperUpRight": 0.05134012550115585,
    "BrowDownLeft": 0.380349725484848,
    "BrowDownRight": 0.38009005784988403,
    "BrowInnerUp": 0.04846339300274849,
    "CheekSquintLeft": 0.036993369460105896,
    "CheekSquintRight": 0.045756250619888306
  },
  "packet_size": 314,
  "packet_hex_preview": "060000002464646431326362302d333463612d313166302d383166662d3734353633633437336235330000000847616c6146616365003b918cfb3d07c8000000"
}