{
  "frame_id": 21,
  "timestamp": "2025-05-19T18:04:16.002535",
  "input_values": [
    0.0,
    0.0,
    0.0,
    0.0,
    0.0,
    0.0,
    0.0,
    0.0,
    0.0,
    0.0,
    0.0,
    0.0,
    0.0,
    0.0,
    0.01196067314594984,
    0.00017189193749800324,
    0.007582747843116522,
    0.022350454702973366,
    0.018934790045022964,
    0.002918819198384881,
    0.005726275499910116,
    0.0012594778090715408,
    0.003528833854943514,
    0.015177207067608833,
    0.014389608055353165,
    0.00016963982488960028,
    -0.0002723887446336448,
    0.005270551890134811,
    0.005082037299871445,
    0.0009927198989316821,
    0.00023439864162355661,
    0.0005752664292231202,
    0.0024905570317059755,
    0.0002528101613279432,
    0.0003478169674053788,
    0.00030952043016441166,
    0.0004882941138930619,
    0.009373994544148445,
    0.011795882135629654,
    -0.0014174410607665777,
    0.0006256429478526115,
    0.05239579826593399,
    0.05238907039165497,
    -0.0003379607805982232,
    -0.00020783895161002874,
    -0.0003308509476482868,
    0.001597992959432304,
    0.013931752182543278,
    0.023121308535337448,
    0.0029841142240911722,
    0.005516854580491781,
    0.0
  ],
  "active_shapes": {
    "JawForward": 0.01196067314594984,
    "JawOpen": 0.022350454702973366,
    "MouthClose": 0.018934790045022964,
    "MouthSmileLeft": 0.015177207067608833,
    "MouthSmileRight": 0.014389608055353165,
    "MouthLowerDownRight": 0.011795882135629654,
    "BrowDownLeft": 0.05239579826593399,
    "BrowDownRight": 0.05238907039165497,
    "CheekSquintLeft": 0.013931752182543278,
    "CheekSquintRight": 0.023121308535337448
  },
  "packet_size": 314,
  "packet_hex_preview": "060000002464646431326362302d333463612d313166302d383166662d3734353633633437336235330000000847616c6146616365003b8f80fb3d07c8000000"
}