{
  "frame_id": 350,
  "timestamp": "2025-05-19T18:04:26.468417",
  "input_values": [
    0.0,
    0.0,
    0.0,
    0.0,
    0.0,
    0.0,
    0.0,
    0.0,
    0.0,
    0.0,
    0.0,
    0.0,
    0.0,
    0.0,
    0.028008833527565002,
    0.00018502288730815053,
    0.01486265566200018,
    0.06191732734441757,
    0.04252726957201958,
    0.022075548768043518,
    0.0005711613339371979,
    0.0067381300032138824,
    -7.64702053857036e-05,
    0.08046314120292664,
    0.06569743901491165,
    0.00013295310782268643,
    2.2029178126103943e-06,
    0.030257556587457657,
    0.02841225080192089,
    0.11489010602235794,
    0.11654870957136154,
    0.01220658514648676,
    0.01271376758813858,
    0.00020030076848343015,
    -7.742125308141112e-05,
    2.1634996301145293e-05,
    0.0003845845931209624,
    0.09332596510648727,
    0.08827048540115356,
    0.0006857267580926418,
    -0.0002224007184850052,
    -8.618548599770293e-05,
    -1.0769665095722303e-05,
    0.3017362058162689,
    0.21548599004745483,
    0.21585126221179962,
    0.0003097101580351591,
    0.04917478933930397,
    0.05088682472705841,
    -0.00016897458408493549,
    0.00022761205036658794,
    0.0
  ],
  "active_shapes": {
    "JawForward": 0.028008833527565002,
    "JawRight": 0.01486265566200018,
    "JawOpen": 0.06191732734441757,
    "MouthClose": 0.04252726957201958,
    "MouthFunnel": 0.022075548768043518,
    "MouthSmileLeft": 0.08046314120292664,
    "MouthSmileRight": 0.06569743901491165,
    "MouthDimpleLeft": 0.030257556587457657,
    "MouthDimpleRight": 0.02841225080192089,
    "MouthStretchLeft": 0.11489010602235794,
    "MouthStretchRight": 0.11654870957136154,
    "MouthRollLower": 0.01220658514648676,
    "MouthRollUpper": 0.01271376758813858,
    "MouthLowerDownLeft": 0.09332596510648727,
    "MouthLowerDownRight": 0.08827048540115356,
    "BrowInnerUp": 0.3017362058162689,
    "BrowOuterUpLeft": 0.21548599004745483,
    "BrowOuterUpRight": 0.21585126221179962,
    "CheekSquintLeft": 0.04917478933930397,
    "CheekSquintRight": 0.05088682472705841
  },
  "packet_size": 314,
  "packet_hex_preview": "060000002464646431326362302d333463612d313166302d383166662d3734353633633437336235330000000847616c6146616365003b91f4fb3d07c8000000"
}