{
  "frame_id": 509,
  "timestamp": "2025-05-19T18:04:31.830823",
  "input_values": [
    0.0,
    0.0,
    0.0,
    0.0,
    0.0,
    0.0,
    0.0,
    0.0,
    0.0,
    0.0,
    0.0,
    0.0,
    0.0,
    0.0,
    -5.719868204323575e-05,
    7.501996879000217e-05,
    0.007435308303683996,
    0.01438236515969038,
    -3.405873212614097e-05,
    0.020023822784423828,
    0.03248260170221329,
    0.0003438289277255535,
    0.001991495257243514,
    0.02345236763358116,
    0.012897737324237823,
    -1.1693167834891938e-05,
    7.246300810948014e-05,
    0.006215312983840704,
    0.005497550591826439,
    0.002960176905617118,
    0.0037413425743579865,
    0.00010417473822599277,
    0.0008721872000023723,
    0.0009211866999976337,
    0.007647680584341288,
    0.0033096119295805693,
    0.003939163871109486,
    0.03763610124588013,
    0.04007828235626221,
    0.012006813660264015,
    0.013990499079227448,
    0.3241264224052429,
    0.324004590511322,
    0.07842616736888885,
    -7.814362106728368e-06,
    -5.34282298758626e-05,
    0.0018227767432108521,
    0.01664349064230919,
    0.020348835736513138,
    0.01685124635696411,
    0.022933583706617355,
    0.0
  ],
  "active_shapes": {
    "JawOpen": 0.01438236515969038,
    "MouthFunnel": 0.020023822784423828,
    "MouthPucker": 0.03248260170221329,
    "MouthSmileLeft": 0.02345236763358116,
    "MouthSmileRight": 0.012897737324237823,
    "MouthLowerDownLeft": 0.03763610124588013,
    "MouthLowerDownRight": 0.04007828235626221,
    "MouthUpperUpLeft": 0.012006813660264015,
    "MouthUpperUpRight": 0.013990499079227448,
    "BrowDownLeft": 0.3241264224052429,
    "BrowDownRight": 0.324004590511322,
    "BrowInnerUp": 0.07842616736888885,
    "CheekSquintLeft": 0.01664349064230919,
    "CheekSquintRight": 0.020348835736513138,
    "NoseSneerLeft": 0.01685124635696411,
    "NoseSneerRight": 0.022933583706617355
  },
  "packet_size": 314,
  "packet_hex_preview": "060000002464646431326362302d333463612d313166302d383166662d3734353633633437336235330000000847616c6146616365003b9335fb3d07c8000000"
}