{
  "frame_id": 228,
  "timestamp": "2025-05-19T18:04:22.699916",
  "input_values": [
    0.0,
    0.0,
    0.0,
    0.0,
    0.0,
    0.0,
    0.0,
    0.0,
    0.0,
    0.0,
    0.0,
    0.0,
    0.0,
    0.0,
    0.006847661919891834,
    8.467428415315226e-05,
    0.007902839221060276,
    0.037854213267564774,
    0.0001362617767881602,
    0.031322915107011795,
    0.00037082177004776895,
    0.00047506880946457386,
    0.0002664307539816946,
    0.028872724622488022,
    0.026482244953513145,
    4.477364927879535e-05,
    -6.202724762260914e-05,
    0.01120942085981369,
    0.011205951683223248,
    0.014127287082374096,
    0.01177611667662859,
    -0.00011553573131095618,
    0.0023421687074005604,
    -5.1852297474397346e-05,
    0.00023524800781160593,
    0.0009575529838912189,
    0.0011010944144800305,
    0.07570508867502213,
    0.08064217865467072,
    0.02040233090519905,
    0.02333121746778488,
    0.06110886484384537,
    0.0610371008515358,
    0.011870595626533031,
    0.004252086393535137,
    0.004226079676300287,
    -0.0001699888234725222,
    0.011851050890982151,
    0.015034246258437634,
    0.006208902224898338,
    0.005640321411192417,
    0.0
  ],
  "active_shapes": {
    "JawOpen": 0.037854213267564774,
    "MouthFunnel": 0.031322915107011795,
    "MouthSmileLeft": 0.028872724622488022,
    "MouthSmileRight": 0.026482244953513145,
    "MouthDimpleLeft": 0.01120942085981369,
    "MouthDimpleRight": 0.011205951683223248,
    "MouthStretchLeft": 0.014127287082374096,
    "MouthStretchRight": 0.01177611667662859,
    "MouthLowerDownLeft": 0.07570508867502213,
    "MouthLowerDownRight": 0.08064217865467072,
    "MouthUpperUpLeft": 0.02040233090519905,
    "MouthUpperUpRight": 0.02333121746778488,
    "BrowDownLeft": 0.06110886484384537,
    "BrowDownRight": 0.0610371008515358,
    "BrowInnerUp": 0.011870595626533031,
    "CheekSquintLeft": 0.011851050890982151,
    "CheekSquintRight": 0.015034246258437634
  },
  "packet_size": 314,
  "packet_hex_preview": "060000002464646431326362302d333463612d313166302d383166662d3734353633633437336235330000000847616c6146616365003b9111fb3d07c8000000"
}