{
  "frame_id": 460,
  "timestamp": "2025-05-19T18:04:29.958477",
  "input_values": [
    0.0,
    0.0,
    0.0,
    0.0,
    0.0,
    0.0,
    0.0,
    0.0,
    0.0,
    0.0,
    0.0,
    0.0,
    0.0,
    0.0,
    0.011066234670579433,
    0.00014973750512581319,
    0.017702333629131317,
    0.11881609261035919,
    0.0011249574599787593,
    0.05892961099743843,
    0.0002477964444551617,
    0.010518231429159641,
    -6.544767529703677e-05,
    0.1327681541442871,
    0.11841893196105957,
    -1.1117793292214628e-05,
    -6.261404450924601e-06,
    0.024234922602772713,
    0.023370929062366486,
    0.04713956639170647,
    0.04943132400512695,
    0.00030387757578864694,
    0.005774657242000103,
    -9.807854439713992e-06,
    0.00011338409967720509,
    0.0006988494424149394,
    0.0010188920423388481,
    0.2506166100502014,
    0.2437731772661209,
    0.05501771718263626,
    0.05260733887553215,
    0.007089335471391678,
    0.006853769067674875,
    0.047677017748355865,
    0.03638394922018051,
    0.036518897861242294,
    -0.00026729999808594584,
    0.0292550977319479,
    0.03285796195268631,
    0.00023735938884783536,
    0.0012164677027612925,
    0.0
  ],
  "active_shapes": {
    "JawForward": 0.011066234670579433,
    "JawRight": 0.017702333629131317,
    "JawOpen": 0.11881609261035919,
    "MouthFunnel": 0.05892961099743843,
    "MouthLeft": 0.010518231429159641,
    "MouthSmileLeft": 0.1327681541442871,
    "MouthSmileRight": 0.11841893196105957,
    "MouthDimpleLeft": 0.024234922602772713,
    "MouthDimpleRight": 0.023370929062366486,
    "MouthStretchLeft": 0.04713956639170647,
    "MouthStretchRight": 0.04943132400512695,
    "MouthLowerDownLeft": 0.2506166100502014,
    "MouthLowerDownRight": 0.2437731772661209,
    "MouthUpperUpLeft": 0.05501771718263626,
    "MouthUpperUpRight": 0.05260733887553215,
    "BrowInnerUp": 0.047677017748355865,
    "BrowOuterUpLeft": 0.03638394922018051,
    "BrowOuterUpRight": 0.036518897861242294,
    "CheekSquintLeft": 0.0292550977319479,
    "CheekSquintRight": 0.03285796195268631
  },
  "packet_size": 314,
  "packet_hex_preview": "060000002464646431326362302d333463612d313166302d383166662d3734353633633437336235330000000847616c6146616365003b92c5fb3d07c8000000"
}