{
  "frame_id": 511,
  "timestamp": "2025-05-19T18:04:31.847641",
  "input_values": [
    0.0,
    0.0,
    0.0,
    0.0,
    0.0,
    0.0,
    0.0,
    0.0,
    0.0,
    0.0,
    0.0,
    0.0,
    0.0,
    0.0,
    0.0007073129527270794,
    0.00011255569552304223,
    0.015562416985630989,
    0.04437179118394852,
    -0.00011286867083981633,
    0.05268440395593643,
    0.01745142787694931,
    0.0005722195492126048,
    0.0031842750031501055,
    0.04506891220808029,
    0.02943919040262699,
    -6.048978684702888e-05,
    0.00010617287625791505,
    0.010624558664858341,
    0.009468437172472477,
    0.010365576483309269,
    0.01332465186715126,
    0.0001423357316525653,
    0.0013341001467779279,
    8.174280083039775e-05,
    0.009284044615924358,
    0.00482982536777854,
    0.005740456283092499,
    0.1092919260263443,
    0.11629380285739899,
    0.04248497635126114,
    0.04845759645104408,
    0.4852829575538635,
    0.4851217269897461,
    0.11637657135725021,
    8.477278242935427e-06,
    -8.817896741675213e-05,
    0.0023348387330770493,
    0.024975834414362907,
    0.03075578808784485,
    0.02033071033656597,
    0.03045634552836418,
    0.0
  ],
  "active_shapes": {
    "JawRight": 0.015562416985630989,
    "JawOpen": 0.04437179118394852,
    "MouthFunnel": 0.05268440395593643,
    "MouthPucker": 0.01745142787694931,
    "MouthSmileLeft": 0.04506891220808029,
    "MouthSmileRight": 0.02943919040262699,
    "MouthDimpleLeft": 0.010624558664858341,
    "MouthStretchLeft": 0.010365576483309269,
    "MouthStretchRight": 0.01332465186715126,
    "MouthLowerDownLeft": 0.1092919260263443,
    "MouthLowerDownRight": 0.11629380285739899,
    "MouthUpperUpLeft": 0.04248497635126114,
    "MouthUpperUpRight": 0.04845759645104408,
    "BrowDownLeft": 0.4852829575538635,
    "BrowDownRight": 0.4851217269897461,
    "BrowInnerUp": 0.11637657135725021,
    "CheekSquintLeft": 0.024975834414362907,
    "CheekSquintRight": 0.03075578808784485,
    "NoseSneerLeft": 0.02033071033656597,
    "NoseSneerRight": 0.03045634552836418
  },
  "packet_size": 314,
  "packet_hex_preview": "060000002464646431326362302d333463612d313166302d383166662d3734353633633437336235330000000847616c6146616365003b9336fb3d07c8000000"
}