{
  "frame_id": 634,
  "timestamp": "2025-05-19T18:04:38.061935",
  "input_values": [
    0.0,
    0.0,
    0.0,
    0.0,
    0.0,
    0.0,
    0.0,
    0.0,
    0.0,
    0.0,
    0.0,
    0.0,
    0.0,
    0.0,
    0.0012850557686761022,
    7.541902596130967e-05,
    0.0034262097906321287,
    0.00012807977327611297,
    8.663519110996276e-05,
    -0.00010615245992084965,
    0.0002773577580228448,
    0.0009109739330597222,
    0.00023832832812331617,
    0.04012342542409897,
    0.036429036408662796,
    2.5469373213127255e-05,
    1.200553924718406e-05,
    0.007144839968532324,
    0.007328642066568136,
    0.0002685818471945822,
    0.0016465537482872605,
    0.0007807383080944419,
    0.001649446552619338,
    0.0004994350601918995,
    0.0003024684847332537,
    0.002364163752645254,
    0.0026074633933603764,
    0.0145505890250206,
    0.01435212604701519,
    0.0003632126026786864,
    0.00026582012651488185,
    0.09289592504501343,
    0.09276134520769119,
    0.001303462777286768,
    -2.3515895009040833e-05,
    -2.122694240824785e-05,
    0.0005340083735063672,
    0.015439808368682861,
    0.01851554401218891,
    0.0018192476127296686,
    0.0014721567276865244,
    0.0
  ],
  "active_shapes": {
    "MouthSmileLeft": 0.04012342542409897,
    "MouthSmileRight": 0.036429036408662796,
    "MouthLowerDownLeft": 0.0145505890250206,
    "MouthLowerDownRight": 0.01435212604701519,
    "BrowDownLeft": 0.09289592504501343,
    "BrowDownRight": 0.09276134520769119,
    "CheekSquintLeft": 0.015439808368682861,
    "CheekSquintRight": 0.01851554401218891
  },
  "packet_size": 314,
  "packet_hex_preview": "060000002464646431326362302d333463612d313166302d383166662d3734353633633437336235330000000847616c6146616365003b94abfb3d07c8000000"
}