{
  "frame_id": 267,
  "timestamp": "2025-05-19T18:04:23.758892",
  "input_values": [
    0.0,
    0.0,
    0.0,
    0.0,
    0.0,
    0.0,
    0.0,
    0.0,
    0.0,
    0.0,
    0.0,
    0.0,
    0.0,
    0.0,
    0.01340828463435173,
    0.0001849781401688233,
    0.001422216882929206,
    0.06743360310792923,
    0.02203812636435032,
    0.028458569198846817,
    0.00021716461924370378,
    0.029552143067121506,
    -0.0002124960592482239,
    0.11000175774097443,
    0.0816059559583664,
    -0.0001081202644854784,
    0.000161175659741275,
    0.029217038303613663,
    0.02637394890189171,
    0.06783644109964371,
    0.060684684664011,
    0.011869634501636028,
    0.016313835978507996,
    0.00010121937521034852,
    -0.00019818443979602307,
    -1.6006082432795665e-06,
    0.0005531127681024373,
    0.15991118550300598,
    0.1399047076702118,
    0.006339517422020435,
    0.0015427294420078397,
    0.0002704964717850089,
    -0.00026763646746985614,
    0.180593341588974,
    0.23935388028621674,
    0.23979637026786804,
    0.0005744167719967663,
    0.03335302695631981,
    0.03260081633925438,
    0.0003750724717974663,
    -0.0003803469880949706,
    0.0
  ],
  "active_shapes": {
    "JawForward": 0.01340828463435173,
    "JawOpen": 0.06743360310792923,
    "MouthClose": 0.02203812636435032,
    "MouthFunnel": 0.028458569198846817,
    "MouthLeft": 0.029552143067121506,
    "MouthSmileLeft": 0.11000175774097443,
    "MouthSmileRight": 0.0816059559583664,
    "MouthDimpleLeft": 0.029217038303613663,
    "MouthDimpleRight": 0.02637394890189171,
    "MouthStretchLeft": 0.06783644109964371,
    "MouthStretchRight": 0.060684684664011,
    "MouthRollLower": 0.011869634501636028,
    "MouthRollUpper": 0.016313835978507996,
    "MouthLowerDownLeft": 0.15991118550300598,
    "MouthLowerDownRight": 0.1399047076702118,
    "BrowInnerUp": 0.180593341588974,
    "BrowOuterUpLeft": 0.23935388028621674,
    "BrowOuterUpRight": 0.23979637026786804,
    "CheekSquintLeft": 0.03335302695631981,
    "CheekSquintRight": 0.03260081633925438
  },
  "packet_size": 314,
  "packet_hex_preview": "060000002464646431326362302d333463612d313166302d383166662d3734353633633437336235330000000847616c6146616365003b9151fb3d07c8000000"
}