{
  "frame_id": 614,
  "timestamp": "2025-05-19T18:04:36.974325",
  "input_values": [
    0.0,
    0.0,
    0.0,
    0.0,
    0.0,
    0.0,
    0.0,
    0.0,
    0.0,
    0.0,
    0.0,
    0.0,
    0.0,
    0.0,
    0.00947437435388565,
    0.00011435494525358081,
    0.0010438977042213082,
    0.04899486154317856,
    0.039641886949539185,
    0.0006508799269795418,
    0.006703468970954418,
    0.0007681208080612123,
    0.0002489199978299439,
    0.01635858416557312,
    0.030602172017097473,
    -3.4980548662133515e-05,
    8.257372246589512e-05,
    0.016935162246227264,
    0.01777106150984764,
    0.032803211361169815,
    0.029913198202848434,
    0.01350206509232521,
    0.01385119091719389,
    0.00015955457638483495,
    -8.460360550088808e-05,
    0.0021127541549503803,
    0.0024945505429059267,
    0.060934197157621384,
    0.06045585870742798,
    -0.0004608547897078097,
    0.0006443100282922387,
    0.03421595320105553,
    0.03408638760447502,
    0.031228957697749138,
    0.004192560911178589,
    0.004178557079285383,
    0.0012693085009232163,
    0.01979812979698181,
    0.026825640350580215,
    6.403834413504228e-05,
    0.0005776221514679492,
    0.0
  ],
  "active_shapes": {
    "JawOpen": 0.04899486154317856,
    "MouthClose": 0.039641886949539185,
    "MouthSmileLeft": 0.01635858416557312,
    "MouthSmileRight": 0.030602172017097473,
    "MouthDimpleLeft": 0.016935162246227264,
    "MouthDimpleRight": 0.01777106150984764,
    "MouthStretchLeft": 0.032803211361169815,
    "MouthStretchRight": 0.029913198202848434,
    "MouthRollLower": 0.01350206509232521,
    "MouthRollUpper": 0.01385119091719389,
    "MouthLowerDownLeft": 0.060934197157621384,
    "MouthLowerDownRight": 0.06045585870742798,
    "BrowDownLeft": 0.03421595320105553,
    "BrowDownRight": 0.03408638760447502,
    "BrowInnerUp": 0.031228957697749138,
    "CheekSquintLeft": 0.01979812979698181,
    "CheekSquintRight": 0.026825640350580215
  },
  "packet_size": 314,
  "packet_hex_preview": "060000002464646431326362302d333463612d313166302d383166662d3734353633633437336235330000000847616c6146616365003b946afb3d07c8000000"
}