{
  "frame_id": 391,
  "timestamp": "2025-05-19T18:04:27.710625",
  "input_values": [
    0.0,
    0.0,
    0.0,
    0.0,
    0.0,
    0.0,
    0.0,
    0.0,
    0.0,
    0.0,
    0.0,
    0.0,
    0.0,
    0.0,
    0.06396875530481339,
    0.00014566881873179227,
    0.02444036491215229,
    0.1810854822397232,
    0.00037975350278429687,
    0.19723686575889587,
    0.00013059319462627172,
    0.0068430774845182896,
    -8.534203516319394e-05,
    0.06318908929824829,
    0.05707177519798279,
    0.00047074080794118345,
    0.0004727548803202808,
    0.01521061547100544,
    0.012436235323548317,
    0.1078193411231041,
    0.10699887573719025,
    4.558182990876958e-05,
    0.005596931092441082,
    -0.0001556329953018576,
    0.000498127774335444,
    -3.958844899898395e-05,
    0.0005951992934569716,
    0.41916927695274353,
    0.4178852140903473,
    0.1437900960445404,
    0.1458851844072342,
    2.6986957891494967e-05,
    6.289219891186804e-05,
    0.47361308336257935,
    0.4293738901615143,
    0.42947036027908325,
    0.00023565538867842406,
    0.05723131448030472,
    0.05809628963470459,
    0.009443423710763454,
    0.013135643675923347,
    0.0
  ],
  "active_shapes": {
    "JawForward": 0.06396875530481339,
    "JawRight": 0.02444036491215229,
    "JawOpen": 0.1810854822397232,
    "MouthFunnel": 0.19723686575889587,
    "MouthSmileLeft": 0.06318908929824829,
    "MouthSmileRight": 0.05707177519798279,
    "MouthDimpleLeft": 0.01521061547100544,
    "MouthDimpleRight": 0.012436235323548317,
    "MouthStretchLeft": 0.1078193411231041,
    "MouthStretchRight": 0.10699887573719025,
    "MouthLowerDownLeft": 0.41916927695274353,
    "MouthLowerDownRight": 0.4178852140903473,
    "MouthUpperUpLeft": 0.1437900960445404,
    "MouthUpperUpRight": 0.1458851844072342,
    "BrowInnerUp": 0.47361308336257935,
    "BrowOuterUpLeft": 0.4293738901615143,
    "BrowOuterUpRight": 0.42947036027908325,
    "CheekSquintLeft": 0.05723131448030472,
    "CheekSquintRight": 0.05809628963470459,
    "NoseSneerRight": 0.013135643675923347
  },
  "packet_size": 314,
  "packet_hex_preview": "060000002464646431326362302d333463612d313166302d383166662d3734353633633437336235330000000847616c6146616365003b923efb3d07c8000000"
}