{
  "frame_id": 546,
  "timestamp": "2025-05-19T18:04:33.158405",
  "input_values": [
    0.0,
    0.0,
    0.0,
    0.0,
    0.0,
    0.0,
    0.0,
    0.0,
    0.0,
    0.0,
    0.0,
    0.0,
    0.0,
    0.0,
    0.006987902335822582,
    0.0001877191971288994,
    0.0274113267660141,
    0.03172268718481064,
    0.018711404874920845,
    0.04536052048206329,
    0.007467437535524368,
    0.0020349465776234865,
    0.0029758578166365623,
    0.05121747404336929,
    0.05887077376246452,
    -6.987703090999275e-05,
    7.67063393141143e-05,
    0.012753043323755264,
    0.013276982121169567,
    0.022726647555828094,
    0.031633052974939346,
    0.0001352769322693348,
    0.0029265834018588066,
    -6.131056579761207e-05,
    0.00037390869692899287,
    0.0014930174220353365,
    0.0016379357548430562,
    0.07316436618566513,
    0.07794857025146484,
    0.02782745659351349,
    0.02897855080664158,
    0.1010885015130043,
    0.10095834732055664,
    0.05273484066128731,
    0.042910102754831314,
    0.04290177673101425,
    0.00013063948426861316,
    0.034914884716272354,
    0.04112131521105766,
    0.018479015678167343,
    0.019237961620092392,
    0.0
  ],
  "active_shapes": {
    "JawRight": 0.0274113267660141,
    "JawOpen": 0.03172268718481064,
    "MouthClose": 0.018711404874920845,
    "MouthFunnel": 0.04536052048206329,
    "MouthSmileLeft": 0.05121747404336929,
    "MouthSmileRight": 0.05887077376246452,
    "MouthDimpleLeft": 0.012753043323755264,
    "MouthDimpleRight": 0.013276982121169567,
    "MouthStretchLeft": 0.022726647555828094,
    "MouthStretchRight": 0.031633052974939346,
    "MouthLowerDownLeft": 0.07316436618566513,
    "MouthLowerDownRight": 0.07794857025146484,
    "MouthUpperUpLeft": 0.02782745659351349,
    "MouthUpperUpRight": 0.02897855080664158,
    "BrowDownLeft": 0.1010885015130043,
    "BrowDownRight": 0.10095834732055664,
    "BrowInnerUp": 0.05273484066128731,
    "BrowOuterUpLeft": 0.042910102754831314,
    "BrowOuterUpRight": 0.04290177673101425,
    "CheekSquintLeft": 0.034914884716272354,
    "CheekSquintRight": 0.04112131521105766,
    "NoseSneerLeft": 0.018479015678167343,
    "NoseSneerRight": 0.019237961620092392
  },
  "packet_size": 314,
  "packet_hex_preview": "060000002464646431326362302d333463612d313166302d383166662d3734353633633437336235330000000847616c6146616365003b9385fb3d07c8000000"
}