{
  "frame_id": 486,
  "timestamp": "2025-05-19T18:04:30.840562",
  "input_values": [
    0.0,
    0.0,
    0.0,
    0.0,
    0.0,
    0.0,
    0.0,
    0.0,
    0.0,
    0.0,
    0.0,
    0.0,
    0.0,
    0.0,
    0.03450324386358261,
    0.00018301293312106282,
    0.028174960985779762,
    0.13533444702625275,
    8.199144940590486e-05,
    0.31439918279647827,
    0.005926822312176228,
    0.009874152950942516,
    -7.095230830600485e-05,
    0.04396427795290947,
    0.03820052742958069,
    2.1474537788890302e-05,
    0.00010429762187413871,
    0.013235810212790966,
    0.009989921003580093,
    0.06580116599798203,
    0.06234980747103691,
    5.9578287618933246e-05,
    0.006352972239255905,
    0.0001659226109040901,
    0.007273456081748009,
    0.001999796135351062,
    0.002965770661830902,
    0.35682743787765503,
    0.35603129863739014,
    0.16967357695102692,
    0.17280912399291992,
    -1.0210424989054445e-05,
    -6.11540672252886e-05,
    0.46694615483283997,
    0.4164699912071228,
    0.4166567325592041,
    0.0012974573764950037,
    0.0570884607732296,
    0.06000048294663429,
    0.0013343138853088021,
    0.01361080538481474,
    0.0
  ],
  "active_shapes": {
    "JawForward": 0.03450324386358261,
    "JawRight": 0.028174960985779762,
    "JawOpen": 0.13533444702625275,
    "MouthFunnel": 0.31439918279647827,
    "MouthSmileLeft": 0.04396427795290947,
    "MouthSmileRight": 0.03820052742958069,
    "MouthDimpleLeft": 0.013235810212790966,
    "MouthStretchLeft": 0.06580116599798203,
    "MouthStretchRight": 0.06234980747103691,
    "MouthLowerDownLeft": 0.35682743787765503,
    "MouthLowerDownRight": 0.35603129863739014,
    "MouthUpperUpLeft": 0.16967357695102692,
    "MouthUpperUpRight": 0.17280912399291992,
    "BrowInnerUp": 0.46694615483283997,
    "BrowOuterUpLeft": 0.4164699912071228,
    "BrowOuterUpRight": 0.4166567325592041,
    "CheekSquintLeft": 0.0570884607732296,
    "CheekSquintRight": 0.06000048294663429,
    "NoseSneerRight": 0.01361080538481474
  },
  "packet_size": 314,
  "packet_hex_preview": "060000002464646431326362302d333463612d313166302d383166662d3734353633633437336235330000000847616c6146616365003b92fafb3d07c8000000"
}