{
  "frame_id": 199,
  "timestamp": "2025-05-19T18:04:21.708489",
  "input_values": [
    0.0,
    0.0,
    0.0,
    0.0,
    0.0,
    0.0,
    0.0,
    0.0,
    0.0,
    0.0,
    0.0,
    0.0,
    0.0,
    0.0,
    0.0025051082484424114,
    3.6863704735878855e-05,
    0.005998173262923956,
    0.013000709004700184,
    -7.32459084247239e-05,
    0.03184746578335762,
    0.004735661670565605,
    0.0005634622648358345,
    1.6382429748773575e-05,
    0.02488851733505726,
    0.023220142349600792,
    1.7289792594965547e-05,
    2.5444969651289284e-05,
    0.00046013970859348774,
    0.00016833623521961272,
    0.0020584198646247387,
    0.0015333285555243492,
    -3.536951408023015e-05,
    0.0001930202852236107,
    6.128095265012234e-05,
    0.003630535677075386,
    0.00016298398259095848,
    0.00028726711752824485,
    0.05553422123193741,
    0.05616793781518936,
    0.032196201384067535,
    0.0324229821562767,
    9.839236554398667e-07,
    1.5200674170046113e-05,
    0.056342482566833496,
    0.035153843462467194,
    0.03518205136060715,
    -3.668583303806372e-05,
    0.007274860981851816,
    0.008115328848361969,
    0.0033153605181723833,
    0.0053617218509316444,
    0.0
  ],
  "active_shapes": {
    "JawOpen": 0.013000709004700184,
    "MouthFunnel": 0.03184746578335762,
    "MouthSmileLeft": 0.02488851733505726,
    "MouthSmileRight": 0.023220142349600792,
    "MouthLowerDownLeft": 0.05553422123193741,
    "MouthLowerDownRight": 0.05616793781518936,
    "MouthUpperUpLeft": 0.032196201384067535,
    "MouthUpperUpRight": 0.0324229821562767,
    "BrowInnerUp": 0.056342482566833496,
    "BrowOuterUpLeft": 0.035153843462467194,
    "BrowOuterUpRight": 0.03518205136060715
  },
  "packet_size": 314,
  "packet_hex_preview": "060000002464646431326362302d333463612d313166302d383166662d3734353633633437336235330000000847616c6146616365003b90d6fb3d07c8000000"
}