{
  "frame_id": 258,
  "timestamp": "2025-05-19T18:04:23.674532",
  "input_values": [
    0.0,
    0.0,
    0.0,
    0.0,
    0.0,
    0.0,
    0.0,
    0.0,
    0.0,
    0.0,
    0.0,
    0.0,
    0.0,
    0.0,
    0.0026982813142240047,
    3.705046765389852e-05,
    0.00010036618914455175,
    0.01588508114218712,
    0.009588118642568588,
    0.014408275485038757,
    0.0007711591315455735,
    0.005856790579855442,
    -3.576173912733793e-05,
    0.004986136220395565,
    0.0020549811888486147,
    0.002313328441232443,
    0.004162594210356474,
    0.005102128721773624,
    0.0044970521703362465,
    0.015648575499653816,
    0.013254985213279724,
    0.002719248877838254,
    0.0037522558122873306,
    3.2854430173756555e-05,
    -2.1004476366215385e-05,
    -2.5504829181954847e-07,
    0.00013528004637919366,
    0.030297759920358658,
    0.026478514075279236,
    0.0007010124390944839,
    0.00027223568758927286,
    5.290076296660118e-05,
    -6.62528836983256e-05,
    0.03903034329414368,
    0.049310352653265,
    0.04939422756433487,
    0.00019633180636446923,
    0.004172616172581911,
    0.004069902002811432,
    4.762204844155349e-05,
    -3.652547093224712e-05,
    0.0
  ],
  "active_shapes": {
    "JawOpen": 0.01588508114218712,
    "MouthFunnel": 0.014408275485038757,
    "MouthStretchLeft": 0.015648575499653816,
    "MouthStretchRight": 0.013254985213279724,
    "MouthLowerDownLeft": 0.030297759920358658,
    "MouthLowerDownRight": 0.026478514075279236,
    "BrowInnerUp": 0.03903034329414368,
    "BrowOuterUpLeft": 0.049310352653265,
    "BrowOuterUpRight": 0.04939422756433487
  },
  "packet_size": 314,
  "packet_hex_preview": "060000002464646431326362302d333463612d313166302d383166662d3734353633633437336235330000000847616c6146616365003b914cfb3d07c8000000"
}