{
  "frame_id": 210,
  "timestamp": "2025-05-19T18:04:21.803004",
  "input_values": [
    0.0,
    0.0,
    0.0,
    0.0,
    0.0,
    0.0,
    0.0,
    0.0,
    0.0,
    0.0,
    0.0,
    0.0,
    0.0,
    0.0,
    0.018992243334650993,
    0.00027154514100402594,
    0.018072547391057014,
    0.13405494391918182,
    0.01889554224908352,
    0.13862770795822144,
    0.03323112800717354,
    0.00019266019808128476,
    0.010397490113973618,
    0.009006406180560589,
    0.01670255698263645,
    0.00039149957592599094,
    -0.00043293365160934627,
    0.009873747825622559,
    0.010717367753386497,
    0.020383169874548912,
    0.019841784611344337,
    -0.0002102833823300898,
    0.0027313402388244867,
    0.00011432376049924642,
    0.0011234031990170479,
    0.0005946704186499119,
    0.0007798194419592619,
    0.13378077745437622,
    0.1731979250907898,
    0.0475543774664402,
    0.07011768966913223,
    0.12004616111516953,
    0.11999514698982239,
    0.05763736739754677,
    0.02663612551987171,
    0.026425166055560112,
    0.0011740389745682478,
    0.028071369975805283,
    0.04523199051618576,
    0.038167040795087814,
    0.04659159481525421,
    0.0
  ],
  "active_shapes": {
    "JawForward": 0.018992243334650993,
    "JawRight": 0.018072547391057014,
    "JawOpen": 0.13405494391918182,
    "MouthClose": 0.01889554224908352,
    "MouthFunnel": 0.13862770795822144,
    "MouthPucker": 0.03323112800717354,
    "MouthRight": 0.010397490113973618,
    "MouthSmileRight": 0.01670255698263645,
    "MouthDimpleRight": 0.010717367753386497,
    "MouthStretchLeft": 0.020383169874548912,
    "MouthStretchRight": 0.019841784611344337,
    "MouthLowerDownLeft": 0.13378077745437622,
    "MouthLowerDownRight": 0.1731979250907898,
    "MouthUpperUpLeft": 0.0475543774664402,
    "MouthUpperUpRight": 0.07011768966913223,
    "BrowDownLeft": 0.12004616111516953,
    "BrowDownRight": 0.11999514698982239,
    "BrowInnerUp": 0.05763736739754677,
    "BrowOuterUpLeft": 0.02663612551987171,
    "BrowOuterUpRight": 0.026425166055560112,
    "CheekSquintLeft": 0.028071369975805283,
    "CheekSquintRight": 0.04523199051618576,
    "NoseSneerLeft": 0.038167040795087814,
    "NoseSneerRight": 0.04659159481525421
  },
  "packet_size": 314,
  "packet_hex_preview": "060000002464646431326362302d333463612d313166302d383166662d3734353633633437336235330000000847616c6146616365003b90dcfb3d07c8000000"
}