{
  "frame_id": 405,
  "timestamp": "2025-05-19T18:04:28.132431",
  "input_values": [
    0.0,
    0.0,
    0.0,
    0.0,
    0.0,
    0.0,
    0.0,
    0.0,
    0.0,
    0.0,
    0.0,
    0.0,
    0.0,
    0.0,
    0.005467765498906374,
    0.00019723341392818838,
    0.026936478912830353,
    0.11548805981874466,
    -0.00015858006372582167,
    0.04548000916838646,
    0.0004997192299924791,
    0.0007994449115358293,
    0.003359607420861721,
    0.14043989777565002,
    0.11711571365594864,
    -0.00011021238606190309,
    -4.8819252697285265e-05,
    0.04151454567909241,
    0.040402546525001526,
    0.03960583731532097,
    0.03635862469673157,
    0.00023077995865605772,
    0.005144453141838312,
    -9.793642675504088e-05,
    0.0012003241572529078,
    0.005916844587773085,
    0.007755645550787449,
    0.26830416917800903,
    0.2873651385307312,
    0.06306201964616776,
    0.0734482854604721,
    0.8003952503204346,
    0.800212025642395,
    0.2739435136318207,
    -2.440679782012012e-05,
    -0.00011707678640959784,
    0.0036380975507199764,
    0.05255499482154846,
    0.06778500229120255,
    0.007578586228191853,
    0.028550531715154648,
    0.0
  ],
  "active_shapes": {
    "JawRight": 0.026936478912830353,
    "JawOpen": 0.11548805981874466,
    "MouthFunnel": 0.04548000916838646,
    "MouthSmileLeft": 0.14043989777565002,
    "MouthSmileRight": 0.11711571365594864,
    "MouthDimpleLeft": 0.04151454567909241,
    "MouthDimpleRight": 0.040402546525001526,
    "MouthStretchLeft": 0.03960583731532097,
    "MouthStretchRight": 0.03635862469673157,
    "MouthLowerDownLeft": 0.26830416917800903,
    "MouthLowerDownRight": 0.2873651385307312,
    "MouthUpperUpLeft": 0.06306201964616776,
    "MouthUpperUpRight": 0.0734482854604721,
    "BrowDownLeft": 0.8003952503204346,
    "BrowDownRight": 0.800212025642395,
    "BrowInnerUp": 0.2739435136318207,
    "CheekSquintLeft": 0.05255499482154846,
    "CheekSquintRight": 0.06778500229120255,
    "NoseSneerRight": 0.028550531715154648
  },
  "packet_size": 314,
  "packet_hex_preview": "060000002464646431326362302d333463612d313166302d383166662d3734353633633437336235330000000847616c6146616365003b9257fb3d07c8000000"
}