{
  "frame_id": 558,
  "timestamp": "2025-05-19T18:04:33.864218",
  "input_values": [
    0.0,
    0.0,
    0.0,
    0.0,
    0.0,
    0.0,
    0.0,
    0.0,
    0.0,
    0.0,
    0.0,
    0.0,
    0.0,
    0.0,
    0.0014230445958673954,
    0.00011326902313157916,
    0.012027110904455185,
    0.026192866265773773,
    -1.4450552043854259e-05,
    0.021169079467654228,
    0.0006243308889679611,
    0.0001814278948586434,
    0.002464561490342021,
    0.0801561251282692,
    0.06836573779582977,
    -1.37721435748972e-05,
    3.669007492135279e-05,
    0.01968083344399929,
    0.01962614618241787,
    0.014516297727823257,
    0.014568058773875237,
    0.0003173974109813571,
    0.0025020651519298553,
    0.00012705229164566845,
    0.0026504406705498695,
    0.004055142868310213,
    0.0050437916070222855,
    0.11539150029420853,
    0.12312813103199005,
    0.04212115705013275,
    0.04743676632642746,
    0.47115713357925415,
    0.4710443913936615,
    0.12817923724651337,
    2.2142954549053684e-05,
    -2.3697316464676987e-06,
    0.001529016299173236,
    0.03294404596090317,
    0.041721411049366,
    0.025937451049685478,
    0.03577509894967079,
    0.0
  ],
  "active_shapes": {
    "JawRight": 0.012027110904455185,
    "JawOpen": 0.026192866265773773,
    "MouthFunnel": 0.021169079467654228,
    "MouthSmileLeft": 0.0801561251282692,
    "MouthSmileRight": 0.06836573779582977,
    "MouthDimpleLeft": 0.01968083344399929,
    "MouthDimpleRight": 0.01962614618241787,
    "MouthStretchLeft": 0.014516297727823257,
    "MouthStretchRight": 0.014568058773875237,
    "MouthLowerDownLeft": 0.11539150029420853,
    "MouthLowerDownRight": 0.12312813103199005,
    "MouthUpperUpLeft": 0.04212115705013275,
    "MouthUpperUpRight": 0.04743676632642746,
    "BrowDownLeft": 0.47115713357925415,
    "BrowDownRight": 0.4710443913936615,
    "BrowInnerUp": 0.12817923724651337,
    "CheekSquintLeft": 0.03294404596090317,
    "CheekSquintRight": 0.041721411049366,
    "NoseSneerLeft": 0.025937451049685478,
    "NoseSneerRight": 0.03577509894967079
  },
  "packet_size": 314,
  "packet_hex_preview": "060000002464646431326362302d333463612d313166302d383166662d3734353633633437336235330000000847616c6146616365003b93affb3d07c8000000"
}