{
  "frame_id": 105,
  "timestamp": "2025-05-19T18:04:18.757781",
  "input_values": [
    0.0,
    0.0,
    0.0,
    0.0,
    0.0,
    0.0,
    0.0,
    0.0,
    0.0,
    0.0,
    0.0,
    0.0,
    0.0,
    0.0,
    0.0013060523197054863,
    0.00011263367196079344,
    0.017313549295067787,
    0.05184496194124222,
    -0.0001412155106663704,
    0.07604016363620758,
    0.024196550250053406,
    0.00011145148891955614,
    0.0037117344327270985,
    0.06588613241910934,
    0.05432692915201187,
    -2.9188049666117877e-05,
    4.536755659501068e-05,
    0.012791392393410206,
    0.01224619522690773,
    0.00039555574767291546,
    0.0004318943538237363,
    4.664022708311677e-05,
    0.0018701095832511783,
    0.0003891656524501741,
    0.01340312510728836,
    0.005013138987123966,
    0.005998794920742512,
    0.13937854766845703,
    0.14733058214187622,
    0.08533751964569092,
    0.0955437645316124,
    0.49115753173828125,
    0.4911067485809326,
    0.12578190863132477,
    -4.319362233218271e-06,
    -1.3461916751111858e-05,
    0.0018126331269741058,
    0.03958408161997795,
    0.046854276210069656,
    0.0553009994328022,
    0.07135419547557831,
    0.0
  ],
  "active_shapes": {
    "JawRight": 0.017313549295067787,
    "JawOpen": 0.05184496194124222,
    "MouthFunnel": 0.07604016363620758,
    "MouthPucker": 0.024196550250053406,
    "MouthSmileLeft": 0.06588613241910934,
    "MouthSmileRight": 0.05432692915201187,
    "MouthDimpleLeft": 0.012791392393410206,
    "MouthDimpleRight": 0.01224619522690773,
    "MouthShrugUpper": 0.01340312510728836,
    "MouthLowerDownLeft": 0.13937854766845703,
    "MouthLowerDownRight": 0.14733058214187622,
    "MouthUpperUpLeft": 0.08533751964569092,
    "MouthUpperUpRight": 0.0955437645316124,
    "BrowDownLeft": 0.49115753173828125,
    "BrowDownRight": 0.4911067485809326,
    "BrowInnerUp": 0.12578190863132477,
    "CheekSquintLeft": 0.03958408161997795,
    "CheekSquintRight": 0.046854276210069656,
    "NoseSneerLeft": 0.0553009994328022,
    "NoseSneerRight": 0.07135419547557831
  },
  "packet_size": 314,
  "packet_hex_preview": "060000002464646431326362302d333463612d313166302d383166662d3734353633633437336235330000000847616c6146616365003b9025fb3d07c8000000"
}