{
  "frame_id": 581,
  "timestamp": "2025-05-19T18:04:34.999575",
  "input_values": [
    0.0,
    0.0,
    0.0,
    0.0,
    0.0,
    0.0,
    0.0,
    0.0,
    0.0,
    0.0,
    0.0,
    0.0,
    0.0,
    0.0,
    0.006566257681697607,
    0.00018872384680435061,
    0.03150313347578049,
    0.0885094627737999,
    -0.0002784533426165581,
    0.06870046257972717,
    0.0010670720366761088,
    -0.00027102488093078136,
    0.004076248034834862,
    0.129762664437294,
    0.10709617286920547,
    -7.804316555848345e-05,
    3.139488762826659e-05,
    0.02776947431266308,
    0.027998019009828568,
    0.006977043114602566,
    0.012433085590600967,
    0.00014243336045183241,
    0.003282892983406782,
    -7.236365490825847e-05,
    0.00486281793564558,
    0.006485424004495144,
    0.0075960238464176655,
    0.2691703736782074,
    0.28444674611091614,
    0.10655472427606583,
    0.11635101586580276,
    0.7826873064041138,
    0.7825740575790405,
    0.21002468466758728,
    -1.5627219909220003e-06,
    -2.3477226932300255e-05,
    0.0015477276174351573,
    0.06276261806488037,
    0.0730128213763237,
    0.05561591684818268,
    0.065251424908638,
    0.0
  ],
  "active_shapes": {
    "JawRight": 0.03150313347578049,
    "JawOpen": 0.0885094627737999,
    "MouthFunnel": 0.06870046257972717,
    "MouthSmileLeft": 0.129762664437294,
    "MouthSmileRight": 0.10709617286920547,
    "MouthDimpleLeft": 0.02776947431266308,
    "MouthDimpleRight": 0.027998019009828568,
    "MouthStretchRight": 0.012433085590600967,
    "MouthLowerDownLeft": 0.2691703736782074,
    "MouthLowerDownRight": 0.28444674611091614,
    "MouthUpperUpLeft": 0.10655472427606583,
    "MouthUpperUpRight": 0.11635101586580276,
    "BrowDownLeft": 0.7826873064041138,
    "BrowDownRight": 0.7825740575790405,
    "BrowInnerUp": 0.21002468466758728,
    "CheekSquintLeft": 0.06276261806488037,
    "CheekSquintRight": 0.0730128213763237,
    "NoseSneerLeft": 0.05561591684818268,
    "NoseSneerRight": 0.065251424908638
  },
  "packet_size": 314,
  "packet_hex_preview": "060000002464646431326362302d333463612d313166302d383166662d3734353633633437336235330000000847616c6146616365003b93f3fb3d07c8000000"
}