{
  "frame_id": 413,
  "timestamp": "2025-05-19T18:04:28.632255",
  "input_values": [
    0.0,
    0.0,
    0.0,
    0.0,
    0.0,
    0.0,
    0.0,
    0.0,
    0.0,
    0.0,
    0.0,
    0.0,
    0.0,
    0.0,
    0.0012231521541252732,
    0.00011257172445766628,
    0.011741642840206623,
    0.03336036577820778,
    7.164710405049846e-05,
    0.029722336679697037,
    0.00028616300551220775,
    0.0011877241777256131,
    0.003600175492465496,
    0.07631824165582657,
    0.05933545529842377,
    1.607941339898389e-05,
    -2.269439210067503e-05,
    0.011050865054130554,
    0.010757805779576302,
    0.0007321436423808336,
    0.0040394626557827,
    0.00017047174333129078,
    0.002456032671034336,
    1.1180944966326933e-05,
    0.0012787376763299108,
    0.0043008942157030106,
    0.004744560457766056,
    0.10696494579315186,
    0.11142740398645401,
    0.035701628774404526,
    0.03983306512236595,
    0.23713599145412445,
    0.23694074153900146,
    0.001550224144011736,
    -6.550734542543069e-05,
    -0.0001250182103831321,
    0.0004618268576450646,
    0.033966582268476486,
    0.03950832784175873,
    0.029607774689793587,
    0.03288399800658226,
    0.0
  ],
  "active_shapes": {
    "JawRight": 0.011741642840206623,
    "JawOpen": 0.03336036577820778,
    "MouthFunnel": 0.029722336679697037,
    "MouthSmileLeft": 0.07631824165582657,
    "MouthSmileRight": 0.05933545529842377,
    "MouthDimpleLeft": 0.011050865054130554,
    "MouthDimpleRight": 0.010757805779576302,
    "MouthLowerDownLeft": 0.10696494579315186,
    "MouthLowerDownRight": 0.11142740398645401,
    "MouthUpperUpLeft": 0.035701628774404526,
    "MouthUpperUpRight": 0.03983306512236595,
    "BrowDownLeft": 0.23713599145412445,
    "BrowDownRight": 0.23694074153900146,
    "CheekSquintLeft": 0.033966582268476486,
    "CheekSquintRight": 0.03950832784175873,
    "NoseSneerLeft": 0.029607774689793587,
    "NoseSneerRight": 0.03288399800658226
  },
  "packet_size": 314,
  "packet_hex_preview": "060000002464646431326362302d333463612d313166302d383166662d3734353633633437336235330000000847616c6146616365003b9275fb3d07c8000000"
}