{
  "frame_id": 155,
  "timestamp": "2025-05-19T18:04:20.125869",
  "input_values": [
    0.0,
    0.0,
    0.0,
    0.0,
    0.0,
    0.0,
    0.0,
    0.0,
    0.0,
    0.0,
    0.0,
    0.0,
    0.0,
    0.0,
    0.037359271198511124,
    0.00018524244660511613,
    0.017139997333288193,
    0.21828912198543549,
    0.039071206003427505,
    0.16969265043735504,
    0.0033555615227669477,
    0.00518062012270093,
    2.328181653865613e-05,
    0.05124136433005333,
    0.0620756521821022,
    0.00017133314395323396,
    0.00016527451225556433,
    0.032584190368652344,
    0.031913504004478455,
    0.10838866233825684,
    0.10941148549318314,
    0.0012533519184216857,
    0.023919854313135147,
    4.1185579902958125e-05,
    -0.00041560071986168623,
    0.00019510768470354378,
    0.0005617045680992305,
    0.2996481955051422,
    0.2970465123653412,
    0.016907239332795143,
    0.02024502493441105,
    0.0007691453211009502,
    0.000784825359005481,
    0.40202921628952026,
    0.29189732670783997,
    0.29202109575271606,
    0.0006461601005867124,
    0.06096670776605606,
    0.06546162068843842,
    0.0002097166725434363,
    0.0006693295435979962,
    0.0
  ],
  "active_shapes": {
    "JawForward": 0.037359271198511124,
    "JawRight": 0.017139997333288193,
    "JawOpen": 0.21828912198543549,
    "MouthClose": 0.039071206003427505,
    "MouthFunnel": 0.16969265043735504,
    "MouthSmileLeft": 0.05124136433005333,
    "MouthSmileRight": 0.0620756521821022,
    "MouthDimpleLeft": 0.032584190368652344,
    "MouthDimpleRight": 0.031913504004478455,
    "MouthStretchLeft": 0.10838866233825684,
    "MouthStretchRight": 0.10941148549318314,
    "MouthRollUpper": 0.023919854313135147,
    "MouthLowerDownLeft": 0.2996481955051422,
    "MouthLowerDownRight": 0.2970465123653412,
    "MouthUpperUpLeft": 0.016907239332795143,
    "MouthUpperUpRight": 0.02024502493441105,
    "BrowInnerUp": 0.40202921628952026,
    "BrowOuterUpLeft": 0.29189732670783997,
    "BrowOuterUpRight": 0.29202109575271606,
    "CheekSquintLeft": 0.06096670776605606,
    "CheekSquintRight": 0.06546162068843842
  },
  "packet_size": 314,
  "packet_hex_preview": "060000002464646431326362302d333463612d313166302d383166662d3734353633633437336235330000000847616c6146616365003b9077fb3d07c8000000"
}