{
  "frame_id": 339,
  "timestamp": "2025-05-19T18:04:26.370590",
  "input_values": [
    0.0,
    0.0,
    0.0,
    0.0,
    0.0,
    0.0,
    0.0,
    0.0,
    0.0,
    0.0,
    0.0,
    0.0,
    0.0,
    0.0,
    0.0003649973659776151,
    3.763355198316276e-05,
    0.004083513282239437,
    0.0023759459145367146,
    -5.681862967321649e-05,
    0.0009004009189084172,
    0.00019872197299264371,
    0.00011253233242314309,
    0.0005771888536401093,
    0.028283163905143738,
    0.021431531757116318,
    -2.8598551580216736e-06,
    1.9552513549569994e-05,
    0.005725293420255184,
    0.0056516253389418125,
    0.0020540831610560417,
    0.001444879686459899,
    0.00012271702871657908,
    0.000628567417152226,
    7.502924563596025e-05,
    0.0012031516525894403,
    0.0014007922727614641,
    0.0016844902420416474,
    0.02981490269303322,
    0.03192226216197014,
    0.012057913467288017,
    0.01280953735113144,
    0.16041293740272522,
    0.16038481891155243,
    0.05788817256689072,
    -6.507612852146849e-06,
    -3.735810651050997e-06,
    0.0005492891068570316,
    0.011930715292692184,
    0.013815616257488728,
    0.011912276968359947,
    0.01357356645166874,
    0.0
  ],
  "active_shapes": {
    "MouthSmileLeft": 0.028283163905143738,
    "MouthSmileRight": 0.021431531757116318,
    "MouthLowerDownLeft": 0.02981490269303322,
    "MouthLowerDownRight": 0.03192226216197014,
    "MouthUpperUpLeft": 0.012057913467288017,
    "MouthUpperUpRight": 0.01280953735113144,
    "BrowDownLeft": 0.16041293740272522,
    "BrowDownRight": 0.16038481891155243,
    "BrowInnerUp": 0.05788817256689072,
    "CheekSquintLeft": 0.011930715292692184,
    "CheekSquintRight": 0.013815616257488728,
    "NoseSneerLeft": 0.011912276968359947,
    "NoseSneerRight": 0.01357356645166874
  },
  "packet_size": 314,
  "packet_hex_preview": "060000002464646431326362302d333463612d313166302d383166662d3734353633633437336235330000000847616c6146616365003b91eefb3d07c8000000"
}