{
  "frame_id": 195,
  "timestamp": "2025-05-19T18:04:21.367555",
  "input_values": [
    0.0,
    0.0,
    0.0,
    0.0,
    0.0,
    0.0,
    0.0,
    0.0,
    0.0,
    0.0,
    0.0,
    0.0,
    0.0,
    0.0,
    0.022454719990491867,
    0.0001838412572396919,
    0.025415701791644096,
    0.04173600673675537,
    0.0005735860904678702,
    0.09049299359321594,
    0.0007791040698066354,
    0.00592064717784524,
    0.00040102042839862406,
    0.11234907805919647,
    0.10615260154008865,
    4.635113145923242e-05,
    7.516853656852618e-05,
    0.014896076172590256,
    0.013585226610302925,
    0.07019883394241333,
    0.07777655869722366,
    0.0020818240009248257,
    0.0040690903551876545,
    0.00043556716991588473,
    0.0006772654014639556,
    0.00024100832524709404,
    0.0008200947777368128,
    0.16348408162593842,
    0.16097572445869446,
    0.07030937820672989,
    0.06718680262565613,
    0.007016684859991074,
    0.00698579428717494,
    0.41548478603363037,
    0.29195550084114075,
    0.29223376512527466,
    0.0002798629575408995,
    0.06328162550926208,
    0.07335694879293442,
    0.0002706499071791768,
    0.0038581136614084244,
    0.0
  ],
  "active_shapes": {
    "JawForward": 0.022454719990491867,
    "JawRight": 0.025415701791644096,
    "JawOpen": 0.04173600673675537,
    "MouthFunnel": 0.09049299359321594,
    "MouthSmileLeft": 0.11234907805919647,
    "MouthSmileRight": 0.10615260154008865,
    "MouthDimpleLeft": 0.014896076172590256,
    "MouthDimpleRight": 0.013585226610302925,
    "MouthStretchLeft": 0.07019883394241333,
    "MouthStretchRight": 0.07777655869722366,
    "MouthLowerDownLeft": 0.16348408162593842,
    "MouthLowerDownRight": 0.16097572445869446,
    "MouthUpperUpLeft": 0.07030937820672989,
    "MouthUpperUpRight": 0.06718680262565613,
    "BrowInnerUp": 0.41548478603363037,
    "BrowOuterUpLeft": 0.29195550084114075,
    "BrowOuterUpRight": 0.29223376512527466,
    "CheekSquintLeft": 0.06328162550926208,
    "CheekSquintRight": 0.07335694879293442
  },
  "packet_size": 314,
  "packet_hex_preview": "060000002464646431326362302d333463612d313166302d383166662d3734353633633437336235330000000847616c6146616365003b90c2fb3d07c8000000"
}