{
  "frame_id": 236,
  "timestamp": "2025-05-19T18:04:22.767163",
  "input_values": [
    0.0,
    0.0,
    0.0,
    0.0,
    0.0,
    0.0,
    0.0,
    0.0,
    0.0,
    0.0,
    0.0,
    0.0,
    0.0,
    0.0,
    0.012670759111642838,
    0.00021533187828026712,
    0.021817587316036224,
    0.06552435457706451,
    4.322220411268063e-05,
    0.060186658054590225,
    0.0010614137863740325,
    0.0010493044974282384,
    0.0008077233796939254,
    0.08649685233831406,
    0.07540079951286316,
    7.227498281281441e-05,
    -6.494886474683881e-05,
    0.02361367642879486,
    0.0239642933011055,
    0.024997755885124207,
    0.02061552368104458,
    -0.00028983858646824956,
    0.003647079225629568,
    -0.00016376916028093547,
    0.0008597568958066404,
    0.0016485544620081782,
    0.0020595684181898832,
    0.18453119695186615,
    0.19873981177806854,
    0.06283309310674667,
    0.06963812559843063,
    0.18466134369373322,
    0.18446029722690582,
    0.05463888496160507,
    0.04763578251004219,
    0.04755242168903351,
    -0.0002494193322490901,
    0.02364344894886017,
    0.030042046681046486,
    0.01946479082107544,
    0.018697524443268776,
    0.0
  ],
  "active_shapes": {
    "JawForward": 0.012670759111642838,
    "JawRight": 0.021817587316036224,
    "JawOpen": 0.06552435457706451,
    "MouthFunnel": 0.060186658054590225,
    "MouthSmileLeft": 0.08649685233831406,
    "MouthSmileRight": 0.07540079951286316,
    "MouthDimpleLeft": 0.02361367642879486,
    "MouthDimpleRight": 0.0239642933011055,
    "MouthStretchLeft": 0.024997755885124207,
    "MouthStretchRight": 0.02061552368104458,
    "MouthLowerDownLeft": 0.18453119695186615,
    "MouthLowerDownRight": 0.19873981177806854,
    "MouthUpperUpLeft": 0.06283309310674667,
    "MouthUpperUpRight": 0.06963812559843063,
    "BrowDownLeft": 0.18466134369373322,
    "BrowDownRight": 0.18446029722690582,
    "BrowInnerUp": 0.05463888496160507,
    "BrowOuterUpLeft": 0.04763578251004219,
    "BrowOuterUpRight": 0.04755242168903351,
    "CheekSquintLeft": 0.02364344894886017,
    "CheekSquintRight": 0.030042046681046486,
    "NoseSneerLeft": 0.01946479082107544,
    "NoseSneerRight": 0.018697524443268776
  },
  "packet_size": 314,
  "packet_hex_preview": "060000002464646431326362302d333463612d313166302d383166662d3734353633633437336235330000000847616c6146616365003b9116fb3d07c8000000"
}