{
  "frame_id": 239,
  "timestamp": "2025-05-19T18:04:22.828602",
  "input_values": [
    0.0,
    0.0,
    0.0,
    0.0,
    0.0,
    0.0,
    0.0,
    0.0,
    0.0,
    0.0,
    0.0,
    0.0,
    0.0,
    0.0,
    0.006713733077049255,
    0.00021876733808312565,
    0.007794891018420458,
    0.0711347758769989,
    0.011363954283297062,
    0.10866928100585938,
    0.04722543805837631,
    -5.834180774400011e-05,
    0.0036083003506064415,
    0.02804725430905819,
    0.04816487804055214,
    -0.0002926398301497102,
    -0.00020449169096536934,
    0.013050433248281479,
    0.013896729797124863,
    0.00946654099971056,
    0.009049274027347565,
    -0.00019493965373840183,
    0.0042965831235051155,
    0.0004147326690144837,
    0.000663326820358634,
    0.005038260016590357,
    0.005627800710499287,
    0.0947013646364212,
    0.10331350564956665,
    0.02164001204073429,
    0.030060674995183945,
    0.18869200348854065,
    0.18847474455833435,
    0.024708176031708717,
    -0.00021632421703543514,
    -0.0004148556326981634,
    0.002889104885980487,
    0.035155076533555984,
    0.05021996796131134,
    0.0061773802153766155,
    0.010208847932517529,
    0.0
  ],
  "active_shapes": {
    "JawOpen": 0.0711347758769989,
    "MouthClose": 0.011363954283297062,
    "MouthFunnel": 0.10866928100585938,
    "MouthPucker": 0.04722543805837631,
    "MouthSmileLeft": 0.02804725430905819,
    "MouthSmileRight": 0.04816487804055214,
    "MouthDimpleLeft": 0.013050433248281479,
    "MouthDimpleRight": 0.013896729797124863,
    "MouthLowerDownLeft": 0.0947013646364212,
    "MouthLowerDownRight": 0.10331350564956665,
    "MouthUpperUpLeft": 0.02164001204073429,
    "MouthUpperUpRight": 0.030060674995183945,
    "BrowDownLeft": 0.18869200348854065,
    "BrowDownRight": 0.18847474455833435,
    "BrowInnerUp": 0.024708176031708717,
    "CheekSquintLeft": 0.035155076533555984,
    "CheekSquintRight": 0.05021996796131134,
    "NoseSneerRight": 0.010208847932517529
  },
  "packet_size": 314,
  "packet_hex_preview": "060000002464646431326362302d333463612d313166302d383166662d3734353633633437336235330000000847616c6146616365003b9119fb3d07c8000000"
}