{
  "frame_id": 601,
  "timestamp": "2025-05-19T18:04:36.235041",
  "input_values": [
    0.0,
    0.0,
    0.0,
    0.0,
    0.0,
    0.0,
    0.0,
    0.0,
    0.0,
    0.0,
    0.0,
    0.0,
    0.0,
    0.0,
    0.00029617134714499116,
    0.00015201707719825208,
    0.009802037850022316,
    0.011052096262574196,
    5.508366666617803e-05,
    0.007264999207109213,
    0.00150209607090801,
    -2.659192614373751e-05,
    0.00275597395375371,
    0.11340203136205673,
    0.09721271693706512,
    3.4846293601731304e-06,
    5.384177347877994e-05,
    0.019935840740799904,
    0.02068524993956089,
    0.0005165395559743047,
    0.00018677051411941648,
    0.0006065666675567627,
    0.0029642232693731785,
    0.00042421481339260936,
    0.0035341817419975996,
    0.006318291183561087,
    0.00708665419369936,
    0.11294827610254288,
    0.12049917131662369,
    0.04392470046877861,
    0.049839600920677185,
    0.6026226282119751,
    0.6025270819664001,
    0.1655314415693283,
    -7.262793224072084e-05,
    -7.21541655366309e-05,
    0.0019622347317636013,
    0.04656766727566719,
    0.05662282556295395,
    0.04782317951321602,
    0.048108022660017014,
    0.0
  ],
  "active_shapes": {
    "JawOpen": 0.011052096262574196,
    "MouthSmileLeft": 0.11340203136205673,
    "MouthSmileRight": 0.09721271693706512,
    "MouthDimpleLeft": 0.019935840740799904,
    "MouthDimpleRight": 0.02068524993956089,
    "MouthLowerDownLeft": 0.11294827610254288,
    "MouthLowerDownRight": 0.12049917131662369,
    "MouthUpperUpLeft": 0.04392470046877861,
    "MouthUpperUpRight": 0.049839600920677185,
    "BrowDownLeft": 0.6026226282119751,
    "BrowDownRight": 0.6025270819664001,
    "BrowInnerUp": 0.1655314415693283,
    "CheekSquintLeft": 0.04656766727566719,
    "CheekSquintRight": 0.05662282556295395,
    "NoseSneerLeft": 0.04782317951321602,
    "NoseSneerRight": 0.048108022660017014
  },
  "packet_size": 314,
  "packet_hex_preview": "060000002464646431326362302d333463612d313166302d383166662d3734353633633437336235330000000847616c6146616365003b943efb3d07c8000000"
}