{
  "frame_id": 327,
  "timestamp": "2025-05-19T18:04:26.008233",
  "input_values": [
    0.0,
    0.0,
    0.0,
    0.0,
    0.0,
    0.0,
    0.0,
    0.0,
    0.0,
    0.0,
    0.0,
    0.0,
    0.0,
    0.0,
    0.0013389707310125232,
    7.609832391608506e-05,
    0.007068508304655552,
    0.03255998343229294,
    0.0001136433711508289,
    0.025423312559723854,
    0.0050829024985432625,
    0.00010412911797175184,
    0.0024546377826482058,
    0.038276754319667816,
    0.03269488736987114,
    6.205629233591026e-06,
    -9.834793672780506e-06,
    0.010883605107665062,
    0.010811956599354744,
    0.007816145196557045,
    0.004897693637758493,
    0.00012708747817669064,
    0.0014217369025573134,
    9.158610191661865e-05,
    0.0007611712790094316,
    0.0030922710429877043,
    0.003725618589669466,
    0.08799408376216888,
    0.09457637369632721,
    0.026491979137063026,
    0.03142125904560089,
    0.31864863634109497,
    0.31858211755752563,
    0.08746670186519623,
    1.8693968740990385e-05,
    7.667005775147118e-06,
    0.0011281315237283707,
    0.018658243119716644,
    0.02450655773282051,
    0.025659123435616493,
    0.032379038631916046,
    0.0
  ],
  "active_shapes": {
    "JawOpen": 0.03255998343229294,
    "MouthFunnel": 0.025423312559723854,
    "MouthSmileLeft": 0.038276754319667816,
    "MouthSmileRight": 0.03269488736987114,
    "MouthDimpleLeft": 0.010883605107665062,
    "MouthDimpleRight": 0.010811956599354744,
    "MouthLowerDownLeft": 0.08799408376216888,
    "MouthLowerDownRight": 0.09457637369632721,
    "MouthUpperUpLeft": 0.026491979137063026,
    "MouthUpperUpRight": 0.03142125904560089,
    "BrowDownLeft": 0.31864863634109497,
    "BrowDownRight": 0.31858211755752563,
    "BrowInnerUp": 0.08746670186519623,
    "CheekSquintLeft": 0.018658243119716644,
    "CheekSquintRight": 0.02450655773282051,
    "NoseSneerLeft": 0.025659123435616493,
    "NoseSneerRight": 0.032379038631916046
  },
  "packet_size": 314,
  "packet_hex_preview": "060000002464646431326362302d333463612d313166302d383166662d3734353633633437336235330000000847616c6146616365003b91d8fb3d07c8000000"
}