{
  "frame_id": 661,
  "timestamp": "2025-05-19T18:04:39.511464",
  "input_values": [
    0.0,
    0.0,
    0.0,
    0.0,
    0.0,
    0.0,
    0.0,
    0.0,
    0.0,
    0.0,
    0.0,
    0.0,
    0.0,
    0.0,
    0.004376976750791073,
    6.307139847194776e-05,
    0.004614001139998436,
    0.014258557930588722,
    0.008929646573960781,
    0.012762363068759441,
    0.009998312219977379,
    6.290453166002408e-05,
    0.0035488251596689224,
    -0.0002568573399912566,
    0.00021282272064127028,
    0.00014498605742119253,
    -0.00010796215065056458,
    -3.771347110159695e-05,
    0.00020888136350549757,
    -0.0003026137419510633,
    0.0003053949330933392,
    3.689438381115906e-05,
    0.0003827616455964744,
    0.00022530023125000298,
    0.00038892903830856085,
    0.00017264438793063164,
    0.00012920894369017333,
    -0.0001088557401089929,
    0.005663712974637747,
    0.002087527420371771,
    0.005606944672763348,
    0.0013518290361389518,
    0.0013737204717472196,
    1.4034405467100441e-05,
    0.0009213366429321468,
    0.000852443918120116,
    0.000874952704180032,
    0.002263086847960949,
    0.006567082367837429,
    0.00915346760302782,
    0.011573835276067257,
    0.0
  ],
  "active_shapes": {
    "JawOpen": 0.014258557930588722,
    "MouthFunnel": 0.012762363068759441,
    "NoseSneerRight": 0.011573835276067257
  },
  "packet_size": 314,
  "packet_hex_preview": "060000002464646431326362302d333463612d313166302d383166662d3734353633633437336235330000000847616c6146616365003b9502fb3d07c8000000"
}