{
  "frame_id": 23,
  "timestamp": "2025-05-19T18:04:16.019280",
  "input_values": [
    0.0,
    0.0,
    0.0,
    0.0,
    0.0,
    0.0,
    0.0,
    0.0,
    0.0,
    0.0,
    0.0,
    0.0,
    0.0,
    0.0,
    0.011476606130599976,
    0.0002174188120989129,
    0.006694494280964136,
    0.018053390085697174,
    0.023735564202070236,
    7.144275878090411e-05,
    0.003839268581941724,
    0.0022641546092927456,
    0.0043189325369894505,
    0.03602764755487442,
    0.029629383236169815,
    0.0001655165251577273,
    -0.00034170824801549315,
    0.006563062779605389,
    0.0061518242582678795,
    0.0024191883858293295,
    0.00041189961484633386,
    0.004922964610159397,
    0.003668085904791951,
    0.00031231995671987534,
    0.0004306751361582428,
    0.0005031741457059979,
    0.0007795627461746335,
    0.003374384716153145,
    0.0015971288084983826,
    -0.0016189839225262403,
    0.0002412178582744673,
    0.07097364962100983,
    0.07098536193370819,
    0.0009594975272193551,
    -0.0002986597246490419,
    -0.00041350378887727857,
    0.001957483123987913,
    0.020151780918240547,
    0.031716201454401016,
    0.00339631293900311,
    0.006627401802688837,
    0.0
  ],
  "active_shapes": {
    "JawForward": 0.011476606130599976,
    "JawOpen": 0.018053390085697174,
    "MouthClose": 0.023735564202070236,
    "MouthSmileLeft": 0.03602764755487442,
    "MouthSmileRight": 0.029629383236169815,
    "BrowDownLeft": 0.07097364962100983,
    "BrowDownRight": 0.07098536193370819,
    "CheekSquintLeft": 0.020151780918240547,
    "CheekSquintRight": 0.031716201454401016
  },
  "packet_size": 314,
  "packet_hex_preview": "060000002464646431326362302d333463612d313166302d383166662d3734353633633437336235330000000847616c6146616365003b8f81fb3d07c8000000"
}