{
  "frame_id": 423,
  "timestamp": "2025-05-19T18:04:29.050824",
  "input_values": [
    0.0,
    0.0,
    0.0,
    0.0,
    0.0,
    0.0,
    0.0,
    0.0,
    0.0,
    0.0,
    0.0,
    0.0,
    0.0,
    0.0,
    0.00883653573691845,
    3.638564521679655e-05,
    0.006025801412761211,
    0.01836146041750908,
    3.8696321098541375e-06,
    0.03326449543237686,
    0.0001065153774106875,
    0.004029673989862204,
    0.0001327407080680132,
    0.01623423956334591,
    0.015530352480709553,
    -1.3054255987299257e-06,
    5.97393955104053e-05,
    0.004524922464042902,
    0.003755290759727359,
    0.01881939359009266,
    0.019097477197647095,
    0.0007553083123639226,
    0.0021330085583031178,
    -9.179360858979635e-06,
    0.00022119571804068983,
    -9.139261965174228e-05,
    0.00017130663036368787,
    0.05522041767835617,
    0.05370169132947922,
    0.023082297295331955,
    0.02393179014325142,
    5.558140765060671e-05,
    4.174192145001143e-05,
    0.11077281087636948,
    0.06759411096572876,
    0.06768521666526794,
    0.000120383090688847,
    0.013492880389094353,
    0.014913955703377724,
    -0.0001906113320728764,
    0.00014314039435703307,
    0.0
  ],
  "active_shapes": {
    "JawOpen": 0.01836146041750908,
    "MouthFunnel": 0.03326449543237686,
    "MouthSmileLeft": 0.01623423956334591,
    "MouthSmileRight": 0.015530352480709553,
    "MouthStretchLeft": 0.01881939359009266,
    "MouthStretchRight": 0.019097477197647095,
    "MouthLowerDownLeft": 0.05522041767835617,
    "MouthLowerDownRight": 0.05370169132947922,
    "MouthUpperUpLeft": 0.023082297295331955,
    "MouthUpperUpRight": 0.02393179014325142,
    "BrowInnerUp": 0.11077281087636948,
    "BrowOuterUpLeft": 0.06759411096572876,
    "BrowOuterUpRight": 0.06768521666526794,
    "CheekSquintLeft": 0.013492880389094353,
    "CheekSquintRight": 0.014913955703377724
  },
  "packet_size": 314,
  "packet_hex_preview": "060000002464646431326362302d333463612d313166302d383166662d3734353633633437336235330000000847616c6146616365003b928ffb3d07c8000000"
}