{
  "frame_id": 120,
  "timestamp": "2025-05-19T18:04:19.260430",
  "input_values": [
    0.0,
    0.0,
    0.0,
    0.0,
    0.0,
    0.0,
    0.0,
    0.0,
    0.0,
    0.0,
    0.0,
    0.0,
    0.0,
    0.0,
    0.0067757368087768555,
    7.488684786949307e-05,
    0.01070229709148407,
    0.06883719563484192,
    -4.337828613643069e-06,
    0.026902440935373306,
    0.00016484469233546406,
    0.0011853985488414764,
    0.0002595487458165735,
    0.0888068899512291,
    0.07623066753149033,
    -3.2427597034256905e-05,
    -2.7696636607288383e-05,
    0.014670836739242077,
    0.014624794013798237,
    0.001490598195232451,
    0.003250701352953911,
    -3.838174052361865e-06,
    0.0034840002190321684,
    -5.773855809820816e-05,
    0.0008266381919384003,
    0.003657024819403887,
    0.003981090150773525,
    0.1340429186820984,
    0.13509097695350647,
    0.04225753992795944,
    0.043681539595127106,
    0.12186087667942047,
    0.12172190845012665,
    0.0033835910726338625,
    -0.0001546868879813701,
    -0.00015615134907420725,
    0.0003076935245189816,
    0.04111715406179428,
    0.043256115168333054,
    0.033045101910829544,
    0.0345977246761322,
    0.0
  ],
  "active_shapes": {
    "JawRight": 0.01070229709148407,
    "JawOpen": 0.06883719563484192,
    "MouthFunnel": 0.026902440935373306,
    "MouthSmileLeft": 0.0888068899512291,
    "MouthSmileRight": 0.07623066753149033,
    "MouthDimpleLeft": 0.014670836739242077,
    "MouthDimpleRight": 0.014624794013798237,
    "MouthLowerDownLeft": 0.1340429186820984,
    "MouthLowerDownRight": 0.13509097695350647,
    "MouthUpperUpLeft": 0.04225753992795944,
    "MouthUpperUpRight": 0.043681539595127106,
    "BrowDownLeft": 0.12186087667942047,
    "BrowDownRight": 0.12172190845012665,
    "CheekSquintLeft": 0.04111715406179428,
    "CheekSquintRight": 0.043256115168333054,
    "NoseSneerLeft": 0.033045101910829544,
    "NoseSneerRight": 0.0345977246761322
  },
  "packet_size": 314,
  "packet_hex_preview": "060000002464646431326362302d333463612d313166302d383166662d3734353633633437336235330000000847616c6146616365003b9043fb3d07c8000000"
}