{
  "frame_id": 567,
  "timestamp": "2025-05-19T18:04:34.263792",
  "input_values": [
    0.0,
    0.0,
    0.0,
    0.0,
    0.0,
    0.0,
    0.0,
    0.0,
    0.0,
    0.0,
    0.0,
    0.0,
    0.0,
    0.0,
    0.00857208389788866,
    0.00018859808915294707,
    0.027400843799114227,
    0.08153633773326874,
    0.00022539783094543964,
    0.05650298297405243,
    0.0005866156425327063,
    0.0007035699672996998,
    0.0026070955209434032,
    0.13907255232334137,
    0.1225816085934639,
    -8.474913192912936e-05,
    -7.509062925237231e-06,
    0.024456562474370003,
    0.025122029706835747,
    0.005817615892738104,
    0.018389001488685608,
    5.747469185735099e-05,
    0.0035028669517487288,
    2.9703342079301365e-05,
    0.003505537286400795,
    0.006308274809271097,
    0.006916025187820196,
    0.22517579793930054,
    0.23615550994873047,
    0.07907415926456451,
    0.08260884135961533,
    0.33391696214675903,
    0.3335622549057007,
    0.010419921018183231,
    -0.0001305471669184044,
    -0.00018284693942405283,
    0.00034044691710732877,
    0.056488510221242905,
    0.06664697080850601,
    0.04634387418627739,
    0.05044904351234436,
    0.0
  ],
  "active_shapes": {
    "JawRight": 0.027400843799114227,
    "JawOpen": 0.08153633773326874,
    "MouthFunnel": 0.05650298297405243,
    "MouthSmileLeft": 0.13907255232334137,
    "MouthSmileRight": 0.1225816085934639,
    "MouthDimpleLeft": 0.024456562474370003,
    "MouthDimpleRight": 0.025122029706835747,
    "MouthStretchRight": 0.018389001488685608,
    "MouthLowerDownLeft": 0.22517579793930054,
    "MouthLowerDownRight": 0.23615550994873047,
    "MouthUpperUpLeft": 0.07907415926456451,
    "MouthUpperUpRight": 0.08260884135961533,
    "BrowDownLeft": 0.33391696214675903,
    "BrowDownRight": 0.3335622549057007,
    "BrowInnerUp": 0.010419921018183231,
    "CheekSquintLeft": 0.056488510221242905,
    "CheekSquintRight": 0.06664697080850601,
    "NoseSneerLeft": 0.04634387418627739,
    "NoseSneerRight": 0.05044904351234436
  },
  "packet_size": 314,
  "packet_hex_preview": "060000002464646431326362302d333463612d313166302d383166662d3734353633633437336235330000000847616c6146616365003b93c7fb3d07c8000000"
}