{
  "frame_id": 320,
  "timestamp": "2025-05-19T18:04:25.628014",
  "input_values": [
    0.0,
    0.0,
    0.0,
    0.0,
    0.0,
    0.0,
    0.0,
    0.0,
    0.0,
    0.0,
    0.0,
    0.0,
    0.0,
    0.0,
    0.05830823630094528,
    0.00014526414452120662,
    0.025152508169412613,
    0.15448537468910217,
    0.0002256139850942418,
    0.1933218389749527,
    0.00015636338503099978,
    0.006616325583308935,
    -7.395278225885704e-05,
    0.0889609158039093,
    0.0853189080953598,
    0.0001341287133982405,
    0.00014770215784665197,
    0.013436533510684967,
    0.010741513222455978,
    0.09368530660867691,
    0.09078759700059891,
    3.833070422842866e-06,
    0.004945501685142517,
    -0.0003006010374519974,
    0.0010639189276844263,
    -1.7614900571061298e-05,
    0.0007690354832448065,
    0.41274911165237427,
    0.41018471121788025,
    0.17086359858512878,
    0.17181916534900665,
    4.003703725175001e-05,
    0.00010125088738277555,
    0.46228545904159546,
    0.42808064818382263,
    0.4282419681549072,
    -2.7612060875981115e-05,
    0.0631517618894577,
    0.06302857398986816,
    0.017902139574289322,
    0.025856252759695053,
    0.0
  ],
  "active_shapes": {
    "JawForward": 0.05830823630094528,
    "JawRight": 0.025152508169412613,
    "JawOpen": 0.15448537468910217,
    "MouthFunnel": 0.1933218389749527,
    "MouthSmileLeft": 0.0889609158039093,
    "MouthSmileRight": 0.0853189080953598,
    "MouthDimpleLeft": 0.013436533510684967,
    "MouthDimpleRight": 0.010741513222455978,
    "MouthStretchLeft": 0.09368530660867691,
    "MouthStretchRight": 0.09078759700059891,
    "MouthLowerDownLeft": 0.41274911165237427,
    "MouthLowerDownRight": 0.41018471121788025,
    "MouthUpperUpLeft": 0.17086359858512878,
    "MouthUpperUpRight": 0.17181916534900665,
    "BrowInnerUp": 0.46228545904159546,
    "BrowOuterUpLeft": 0.42808064818382263,
    "BrowOuterUpRight": 0.4282419681549072,
    "CheekSquintLeft": 0.0631517618894577,
    "CheekSquintRight": 0.06302857398986816,
    "NoseSneerLeft": 0.017902139574289322,
    "NoseSneerRight": 0.025856252759695053
  },
  "packet_size": 314,
  "packet_hex_preview": "060000002464646431326362302d333463612d313166302d383166662d3734353633633437336235330000000847616c6146616365003b91c1fb3d07c8000000"
}