{
  "frame_id": 162,
  "timestamp": "2025-05-19T18:04:20.495696",
  "input_values": [
    0.0,
    0.0,
    0.0,
    0.0,
    0.0,
    0.0,
    0.0,
    0.0,
    0.0,
    0.0,
    0.0,
    0.0,
    0.0,
    0.0,
    0.005401317961513996,
    7.457115862052888e-05,
    0.004138832911849022,
    0.019251646474003792,
    0.027640506625175476,
    0.00027060657157562673,
    0.0002699364849831909,
    0.003045732853934169,
    9.982184565160424e-05,
    0.03063904121518135,
    0.03347760811448097,
    -3.0399012757698074e-05,
    4.30162253906019e-05,
    0.010484544560313225,
    0.010366901755332947,
    0.02867932617664337,
    0.027717089280486107,
    0.014426833018660545,
    0.006478855852037668,
    7.908914994914085e-05,
    -0.00010734661191236228,
    0.00013357579882722348,
    0.000283423054497689,
    0.03187944367527962,
    0.03052452579140663,
    3.7614496250171214e-05,
    0.00017031800234690309,
    0.00022986740805208683,
    0.00019401514146011323,
    0.09975273162126541,
    0.10016565024852753,
    0.10021480172872543,
    0.00011820984218502417,
    0.01193076092749834,
    0.012958943843841553,
    -8.106274617603049e-05,
    0.0001358696463285014,
    0.0
  ],
  "active_shapes": {
    "JawOpen": 0.019251646474003792,
    "MouthClose": 0.027640506625175476,
    "MouthSmileLeft": 0.03063904121518135,
    "MouthSmileRight": 0.03347760811448097,
    "MouthDimpleLeft": 0.010484544560313225,
    "MouthDimpleRight": 0.010366901755332947,
    "MouthStretchLeft": 0.02867932617664337,
    "MouthStretchRight": 0.027717089280486107,
    "MouthRollLower": 0.014426833018660545,
    "MouthLowerDownLeft": 0.03187944367527962,
    "MouthLowerDownRight": 0.03052452579140663,
    "BrowInnerUp": 0.09975273162126541,
    "BrowOuterUpLeft": 0.10016565024852753,
    "BrowOuterUpRight": 0.10021480172872543,
    "CheekSquintLeft": 0.01193076092749834,
    "CheekSquintRight": 0.012958943843841553
  },
  "packet_size": 314,
  "packet_hex_preview": "060000002464646431326362302d333463612d313166302d383166662d3734353633633437336235330000000847616c6146616365003b908dfb3d07c8000000"
}