{
  "frame_id": 73,
  "timestamp": "2025-05-19T18:04:17.881935",
  "input_values": [
    0.0,
    0.0,
    0.0,
    0.0,
    0.0,
    0.0,
    0.0,
    0.0,
    0.0,
    0.0,
    0.0,
    0.0,
    0.0,
    0.0,
    0.0010982353705912828,
    3.7609541323035955e-05,
    0.005433999001979828,
    0.007144375238567591,
    -7.856323645683005e-05,
    0.007588575594127178,
    0.0001253207738045603,
    0.00011098891263827682,
    0.0002641109749674797,
    0.025469055399298668,
    0.0192160215228796,
    -1.5275205441867e-05,
    5.356059318728512e-06,
    0.0034517101012170315,
    0.003239638404920697,
    0.0002644465130288154,
    0.0002835869963746518,
    9.972040061256848e-06,
    0.0006823716685175896,
    1.0981313607771881e-05,
    0.0009115085122175515,
    0.0016557835042476654,
    0.0017503974959254265,
    0.02900048717856407,
    0.0298718623816967,
    0.015837734565138817,
    0.01574733667075634,
    0.10728766769170761,
    0.10722362995147705,
    0.01871299371123314,
    -1.4616467524319887e-05,
    -2.7591973775997758e-05,
    0.00023678925936110318,
    0.010982518084347248,
    0.011373781599104404,
    0.013263734057545662,
    0.012643523514270782,
    0.0
  ],
  "active_shapes": {
    "MouthSmileLeft": 0.025469055399298668,
    "MouthSmileRight": 0.0192160215228796,
    "MouthLowerDownLeft": 0.02900048717856407,
    "MouthLowerDownRight": 0.0298718623816967,
    "MouthUpperUpLeft": 0.015837734565138817,
    "MouthUpperUpRight": 0.01574733667075634,
    "BrowDownLeft": 0.10728766769170761,
    "BrowDownRight": 0.10722362995147705,
    "BrowInnerUp": 0.01871299371123314,
    "CheekSquintLeft": 0.010982518084347248,
    "CheekSquintRight": 0.011373781599104404,
    "NoseSneerLeft": 0.013263734057545662,
    "NoseSneerRight": 0.012643523514270782
  },
  "packet_size": 314,
  "packet_hex_preview": "060000002464646431326362302d333463612d313166302d383166662d3734353633633437336235330000000847616c6146616365003b8ff0fb3d07c8000000"
}