{
  "frame_id": 80,
  "timestamp": "2025-05-19T18:04:17.942809",
  "input_values": [
    0.0,
    0.0,
    0.0,
    0.0,
    0.0,
    0.0,
    0.0,
    0.0,
    0.0,
    0.0,
    0.0,
    0.0,
    0.0,
    0.0,
    0.010310349985957146,
    0.00011062648991355672,
    0.018253469839692116,
    0.02730960212647915,
    -0.00011044234997825697,
    0.0765552818775177,
    0.00023815574240870774,
    0.006776384077966213,
    -7.061647193040699e-05,
    0.04712982848286629,
    0.04222988709807396,
    8.437489304924384e-05,
    0.00012120576138840988,
    0.008366084657609463,
    0.006775578949600458,
    0.02589237317442894,
    0.02319205366075039,
    0.0001286537735722959,
    0.0018201953498646617,
    -4.11983928643167e-05,
    0.0022131723817437887,
    9.507465438218787e-05,
    0.0006483371835201979,
    0.12024275958538055,
    0.11846021562814713,
    0.06913144886493683,
    0.06944655627012253,
    7.468977855751291e-05,
    3.350991028128192e-05,
    0.1652853786945343,
    0.11913010478019714,
    0.11925750225782394,
    -0.00016261283599305898,
    0.01845579594373703,
    0.02105330489575863,
    -0.00035150806070305407,
    0.0006048398208804429,
    0.0
  ],
  "active_shapes": {
    "JawForward": 0.010310349985957146,
    "JawRight": 0.018253469839692116,
    "JawOpen": 0.02730960212647915,
    "MouthFunnel": 0.0765552818775177,
    "MouthSmileLeft": 0.04712982848286629,
    "MouthSmileRight": 0.04222988709807396,
    "MouthStretchLeft": 0.02589237317442894,
    "MouthStretchRight": 0.02319205366075039,
    "MouthLowerDownLeft": 0.12024275958538055,
    "MouthLowerDownRight": 0.11846021562814713,
    "MouthUpperUpLeft": 0.06913144886493683,
    "MouthUpperUpRight": 0.06944655627012253,
    "BrowInnerUp": 0.1652853786945343,
    "BrowOuterUpLeft": 0.11913010478019714,
    "BrowOuterUpRight": 0.11925750225782394,
    "CheekSquintLeft": 0.01845579594373703,
    "CheekSquintRight": 0.02105330489575863
  },
  "packet_size": 314,
  "packet_hex_preview": "060000002464646431326362302d333463612d313166302d383166662d3734353633633437336235330000000847616c6146616365003b8ff4fb3d07c8000000"
}