{
  "frame_id": 28,
  "timestamp": "2025-05-19T18:04:16.066157",
  "input_values": [
    0.0,
    0.0,
    0.0,
    0.0,
    0.0,
    0.0,
    0.0,
    0.0,
    0.0,
    0.0,
    0.0,
    0.0,
    0.0,
    0.0,
    0.006417844910174608,
    0.000188807665836066,
    0.03115708753466606,
    0.08801518380641937,
    0.00011054446076741442,
    0.04172046110033989,
    0.0008992271032184362,
    0.00031873059924691916,
    0.0035358816385269165,
    0.13477106392383575,
    0.10749644041061401,
    -2.7306499760015868e-05,
    -5.685458745574579e-06,
    0.02435295097529888,
    0.024424629285931587,
    0.0015823733992874622,
    0.002179925562813878,
    0.00014309378457255661,
    0.0028689696919173002,
    0.00011450913007138297,
    0.006864266004413366,
    0.007309707347303629,
    0.007836466655135155,
    0.22504767775535583,
    0.23479025065898895,
    0.07880104333162308,
    0.08282865583896637,
    0.5435604453086853,
    0.5432543158531189,
    0.06093735992908478,
    -0.0003697561041917652,
    -0.0004251076315995306,
    -0.00010786436178022996,
    0.05540258437395096,
    0.06192905455827713,
    0.04396210238337517,
    0.04472816362977028,
    0.0
  ],
  "active_shapes": {
    "JawRight": 0.03115708753466606,
    "JawOpen": 0.08801518380641937,
    "MouthFunnel": 0.04172046110033989,
    "MouthSmileLeft": 0.13477106392383575,
    "MouthSmileRight": 0.10749644041061401,
    "MouthDimpleLeft": 0.02435295097529888,
    "MouthDimpleRight": 0.024424629285931587,
    "MouthLowerDownLeft": 0.22504767775535583,
    "MouthLowerDownRight": 0.23479025065898895,
    "MouthUpperUpLeft": 0.07880104333162308,
    "MouthUpperUpRight": 0.08282865583896637,
    "BrowDownLeft": 0.5435604453086853,
    "BrowDownRight": 0.5432543158531189,
    "BrowInnerUp": 0.06093735992908478,
    "CheekSquintLeft": 0.05540258437395096,
    "CheekSquintRight": 0.06192905455827713,
    "NoseSneerLeft": 0.04396210238337517,
    "NoseSneerRight": 0.04472816362977028
  },
  "packet_size": 314,
  "packet_hex_preview": "060000002464646431326362302d333463612d313166302d383166662d3734353633633437336235330000000847616c6146616365003b8f83fb3d07c8000000"
}