{
  "frame_id": 693,
  "timestamp": "2025-05-19T18:04:41.177540",
  "input_values": [
    0.0,
    0.0,
    0.0,
    0.0,
    0.0,
    0.0,
    0.0,
    0.0,
    0.0,
    0.0,
    0.0,
    0.0,
    0.0,
    0.0,
    0.0027134630363434553,
    0.00018870990606956184,
    0.01545887254178524,
    0.02814992517232895,
    0.0004765890771523118,
    0.012163149192929268,
    0.02532481960952282,
    0.0008377027697861195,
    0.0031546461395919323,
    0.03457728400826454,
    0.018606044352054596,
    -7.393779014819302e-06,
    0.0003043901233468205,
    0.01758718676865101,
    0.016655920073390007,
    0.028003180399537086,
    0.028688888996839523,
    0.00046603113878518343,
    0.0038789522368460894,
    0.0006234979373402894,
    0.0009482108289375901,
    0.006287168245762587,
    0.007315987721085548,
    0.09619733691215515,
    0.103830486536026,
    -0.0004688283079303801,
    0.000533641257788986,
    0.7485923767089844,
    0.7483687400817871,
    0.3020917773246765,
    7.950555300340056e-05,
    5.345210593077354e-05,
    0.005587817635387182,
    0.03398819640278816,
    0.040622759610414505,
    4.474650995689444e-05,
    0.0028169038705527782,
    0.0
  ],
  "active_shapes": {
    "JawRight": 0.01545887254178524,
    "JawOpen": 0.02814992517232895,
    "MouthFunnel": 0.012163149192929268,
    "MouthPucker": 0.02532481960952282,
    "MouthSmileLeft": 0.03457728400826454,
    "MouthSmileRight": 0.018606044352054596,
    "MouthDimpleLeft": 0.01758718676865101,
    "MouthDimpleRight": 0.016655920073390007,
    "MouthStretchLeft": 0.028003180399537086,
    "MouthStretchRight": 0.028688888996839523,
    "MouthLowerDownLeft": 0.09619733691215515,
    "MouthLowerDownRight": 0.103830486536026,
    "BrowDownLeft": 0.7485923767089844,
    "BrowDownRight": 0.7483687400817871,
    "BrowInnerUp": 0.3020917773246765,
    "CheekSquintLeft": 0.03398819640278816,
    "CheekSquintRight": 0.040622759610414505
  },
  "packet_size": 314,
  "packet_hex_preview": "060000002464646431326362302d333463612d313166302d383166662d3734353633633437336235330000000847616c6146616365003b9566fb3d07c8000000"
}