{
  "frame_id": 11,
  "timestamp": "2025-05-19T18:04:15.614732",
  "input_values": [
    0.0,
    0.0,
    0.0,
    0.0,
    0.0,
    0.0,
    0.0,
    0.0,
    0.0,
    0.0,
    0.0,
    0.0,
    0.0,
    0.0,
    0.027143392711877823,
    0.0001853234862210229,
    0.029402708634734154,
    0.10287559777498245,
    0.00014329006080515683,
    0.10056598484516144,
    0.0008291827398352325,
    0.0020462358370423317,
    0.000727485865354538,
    0.22620141506195068,
    0.22734108567237854,
    -0.00011305970110697672,
    3.499083686619997e-05,
    0.026050344109535217,
    0.027576057240366936,
    0.03750977665185928,
    0.033806268125772476,
    0.00045201272587291896,
    0.0027311197482049465,
    0.00039139148429967463,
    0.0014066945295780897,
    0.004349427297711372,
    0.005158226937055588,
    0.3637816309928894,
    0.3715366721153259,
    0.18138889968395233,
    0.19184309244155884,
    0.15383271872997284,
    0.15353423357009888,
    0.03918134793639183,
    0.001321811811067164,
    0.001409824937582016,
    -0.0002709784603212029,
    0.08649495244026184,
    0.09117592126131058,
    0.0911751464009285,
    0.09824099391698837,
    0.0
  ],
  "active_shapes": {
    "JawForward": 0.027143392711877823,
    "JawRight": 0.029402708634734154,
    "JawOpen": 0.10287559777498245,
    "MouthFunnel": 0.10056598484516144,
    "MouthSmileLeft": 0.22620141506195068,
    "MouthSmileRight": 0.22734108567237854,
    "MouthDimpleLeft": 0.026050344109535217,
    "MouthDimpleRight": 0.027576057240366936,
    "MouthStretchLeft": 0.03750977665185928,
    "MouthStretchRight": 0.033806268125772476,
    "MouthLowerDownLeft": 0.3637816309928894,
    "MouthLowerDownRight": 0.3715366721153259,
    "MouthUpperUpLeft": 0.18138889968395233,
    "MouthUpperUpRight": 0.19184309244155884,
    "BrowDownLeft": 0.15383271872997284,
    "BrowDownRight": 0.15353423357009888,
    "BrowInnerUp": 0.03918134793639183,
    "CheekSquintLeft": 0.08649495244026184,
    "CheekSquintRight": 0.09117592126131058,
    "NoseSneerLeft": 0.0911751464009285,
    "NoseSneerRight": 0.09824099391698837
  },
  "packet_size": 314,
  "packet_hex_preview": "060000002464646431326362302d333463612d313166302d383166662d3734353633633437336235330000000847616c6146616365003b8f68fb3d07c8000000"
}