{
  "frame_id": 103,
  "timestamp": "2025-05-19T18:04:18.740674",
  "input_values": [
    0.0,
    0.0,
    0.0,
    0.0,
    0.0,
    0.0,
    0.0,
    0.0,
    0.0,
    0.0,
    0.0,
    0.0,
    0.0,
    0.0,
    0.00045358165516518056,
    7.516844925703481e-05,
    0.009592474438250065,
    0.027105260640382767,
    -7.083492528181523e-05,
    0.038923587650060654,
    0.016497857868671417,
    0.00011599193385336548,
    0.002003955887630582,
    0.041618384420871735,
    0.032115910202264786,
    -9.303022125095595e-06,
    3.8245889300014824e-05,
    0.008495006710290909,
    0.008053620345890522,
    0.00041160249384120107,
    0.000928131106775254,
    7.761777669657022e-05,
    0.0015162092167884111,
    0.00016914031584747136,
    0.004789665807038546,
    0.0033377278596162796,
    0.003942722920328379,
    0.07820898294448853,
    0.08309554308652878,
    0.04291991889476776,
    0.04781373590230942,
    0.3261367976665497,
    0.3260890245437622,
    0.08759928494691849,
    2.565830925504997e-07,
    -1.1785089554905426e-05,
    0.0014843754470348358,
    0.026139583438634872,
    0.03017481043934822,
    0.03400469571352005,
    0.041430748999118805,
    0.0
  ],
  "active_shapes": {
    "JawOpen": 0.027105260640382767,
    "MouthFunnel": 0.038923587650060654,
    "MouthPucker": 0.016497857868671417,
    "MouthSmileLeft": 0.041618384420871735,
    "MouthSmileRight": 0.032115910202264786,
    "MouthLowerDownLeft": 0.07820898294448853,
    "MouthLowerDownRight": 0.08309554308652878,
    "MouthUpperUpLeft": 0.04291991889476776,
    "MouthUpperUpRight": 0.04781373590230942,
    "BrowDownLeft": 0.3261367976665497,
    "BrowDownRight": 0.3260890245437622,
    "BrowInnerUp": 0.08759928494691849,
    "CheekSquintLeft": 0.026139583438634872,
    "CheekSquintRight": 0.03017481043934822,
    "NoseSneerLeft": 0.03400469571352005,
    "NoseSneerRight": 0.041430748999118805
  },
  "packet_size": 314,
  "packet_hex_preview": "060000002464646431326362302d333463612d313166302d383166662d3734353633633437336235330000000847616c6146616365003b9024fb3d07c8000000"
}