{
  "frame_id": 728,
  "timestamp": "2025-05-19T18:04:43.043172",
  "input_values": [
    0.0,
    0.0,
    0.0,
    0.0,
    0.0,
    0.0,
    0.0,
    0.0,
    0.0,
    0.0,
    0.0,
    0.0,
    0.0,
    0.0,
    0.0032231220975518227,
    0.00018786295549944043,
    0.022604797035455704,
    0.0598892942070961,
    -0.0003411657817196101,
    0.02394106425344944,
    0.0006742940749973059,
    0.0012186522362753749,
    0.0029949741438031197,
    0.12004256248474121,
    0.09501325339078903,
    6.401119662768906e-06,
    5.768172923126258e-05,
    0.027906151488423347,
    0.02709363028407097,
    0.004344071261584759,
    0.004214101005345583,
    0.00026966186123900115,
    0.004051553085446358,
    -4.818741217604838e-05,
    0.0022282013669610023,
    0.007500380743294954,
    0.008845558390021324,
    0.1765689253807068,
    0.1833210438489914,
    0.05190196633338928,
    0.05744747817516327,
    0.6762641072273254,
    0.6759487986564636,
    0.13080111145973206,
    -3.754366116481833e-05,
    -0.00010868206300074235,
    0.002759812865406275,
    0.055230554193258286,
    0.06511637568473816,
    0.017345651984214783,
    0.022158009931445122,
    0.0
  ],
  "active_shapes": {
    "JawRight": 0.022604797035455704,
    "JawOpen": 0.0598892942070961,
    "MouthFunnel": 0.02394106425344944,
    "MouthSmileLeft": 0.12004256248474121,
    "MouthSmileRight": 0.09501325339078903,
    "MouthDimpleLeft": 0.027906151488423347,
    "MouthDimpleRight": 0.02709363028407097,
    "MouthLowerDownLeft": 0.1765689253807068,
    "MouthLowerDownRight": 0.1833210438489914,
    "MouthUpperUpLeft": 0.05190196633338928,
    "MouthUpperUpRight": 0.05744747817516327,
    "BrowDownLeft": 0.6762641072273254,
    "BrowDownRight": 0.6759487986564636,
    "BrowInnerUp": 0.13080111145973206,
    "CheekSquintLeft": 0.055230554193258286,
    "CheekSquintRight": 0.06511637568473816,
    "NoseSneerLeft": 0.017345651984214783,
    "NoseSneerRight": 0.022158009931445122
  },
  "packet_size": 314,
  "packet_hex_preview": "060000002464646431326362302d333463612d313166302d383166662d3734353633633437336235330000000847616c6146616365003b95d6fb3d07c8000000"
}