{
  "frame_id": 409,
  "timestamp": "2025-05-19T18:04:28.598745",
  "input_values": [
    0.0,
    0.0,
    0.0,
    0.0,
    0.0,
    0.0,
    0.0,
    0.0,
    0.0,
    0.0,
    0.0,
    0.0,
    0.0,
    0.0,
    0.000377816817490384,
    3.747623122762889e-05,
    0.0018140003085136414,
    0.0002830024459399283,
    2.6659885406843387e-05,
    -7.210084004327655e-05,
    0.00012674948084168136,
    0.0006188479601405561,
    0.0010388381779193878,
    0.026264330372214317,
    0.020284241065382957,
    2.4465000024065375e-05,
    -3.4597057947394205e-06,
    0.0035709452349692583,
    0.00343805318698287,
    2.7219062758376822e-05,
    0.0001384368079015985,
    9.592428978066891e-05,
    0.0008537996327504516,
    8.527796308044344e-05,
    0.00022694465587846935,
    0.0015120416646823287,
    0.0016615443164482713,
    0.011493080295622349,
    0.011257903650403023,
    0.0005780161009170115,
    0.0007885006489232183,
    0.06885509192943573,
    0.06877406686544418,
    0.0002788039273582399,
    -7.1580188887310214e-06,
    -2.434161251585465e-05,
    0.00016270973719656467,
    0.011406299658119678,
    0.013039196841418743,
    0.007935276255011559,
    0.007759264670312405,
    0.0
  ],
  "active_shapes": {
    "MouthSmileLeft": 0.026264330372214317,
    "MouthSmileRight": 0.020284241065382957,
    "MouthLowerDownLeft": 0.011493080295622349,
    "MouthLowerDownRight": 0.011257903650403023,
    "BrowDownLeft": 0.06885509192943573,
    "BrowDownRight": 0.06877406686544418,
    "CheekSquintLeft": 0.011406299658119678,
    "CheekSquintRight": 0.013039196841418743
  },
  "packet_size": 314,
  "packet_hex_preview": "060000002464646431326362302d333463612d313166302d383166662d3734353633633437336235330000000847616c6146616365003b9273fb3d07c8000000"
}