{
  "frame_id": 671,
  "timestamp": "2025-05-19T18:04:39.925336",
  "input_values": [
    0.0,
    0.0,
    0.0,
    0.0,
    0.0,
    0.0,
    0.0,
    0.0,
    0.0,
    0.0,
    0.0,
    0.0,
    0.0,
    0.0,
    0.0016134148463606834,
    0.00015078495198395103,
    0.022231455892324448,
    0.06465031951665878,
    -0.0002542129368521273,
    0.046236105263233185,
    0.0005442870897240937,
    0.0003098839079029858,
    0.002412237226963043,
    0.11121183633804321,
    0.08563850075006485,
    -2.4136163119692355e-05,
    2.0307008526287973e-05,
    0.02404128387570381,
    0.023548360913991928,
    0.00725087895989418,
    0.009300225414335728,
    0.00025507426471449435,
    0.0025144927203655243,
    0.00013909526751376688,
    0.009149125777184963,
    0.0061311786994338036,
    0.007301663514226675,
    0.19429698586463928,
    0.20584595203399658,
    0.0840039923787117,
    0.09252013266086578,
    0.6373063921928406,
    0.6371920108795166,
    0.1418822705745697,
    -3.79962039005477e-05,
    -7.297813863260671e-05,
    0.002082738559693098,
    0.03765309974551201,
    0.045972563326358795,
    0.03956412523984909,
    0.053559135645627975,
    0.0
  ],
  "active_shapes": {
    "JawRight": 0.022231455892324448,
    "JawOpen": 0.06465031951665878,
    "MouthFunnel": 0.046236105263233185,
    "MouthSmileLeft": 0.11121183633804321,
    "MouthSmileRight": 0.08563850075006485,
    "MouthDimpleLeft": 0.02404128387570381,
    "MouthDimpleRight": 0.023548360913991928,
    "MouthLowerDownLeft": 0.19429698586463928,
    "MouthLowerDownRight": 0.20584595203399658,
    "MouthUpperUpLeft": 0.0840039923787117,
    "MouthUpperUpRight": 0.09252013266086578,
    "BrowDownLeft": 0.6373063921928406,
    "BrowDownRight": 0.6371920108795166,
    "BrowInnerUp": 0.1418822705745697,
    "CheekSquintLeft": 0.03765309974551201,
    "CheekSquintRight": 0.045972563326358795,
    "NoseSneerLeft": 0.03956412523984909,
    "NoseSneerRight": 0.053559135645627975
  },
  "packet_size": 314,
  "packet_hex_preview": "060000002464646431326362302d333463612d313166302d383166662d3734353633633437336235330000000847616c6146616365003b951bfb3d07c8000000"
}