{
  "frame_id": 110,
  "timestamp": "2025-05-19T18:04:18.800115",
  "input_values": [
    0.0,
    0.0,
    0.0,
    0.0,
    0.0,
    0.0,
    0.0,
    0.0,
    0.0,
    0.0,
    0.0,
    0.0,
    0.0,
    0.0,
    0.012921062298119068,
    0.00016282164142467082,
    0.003327884478494525,
    0.06574175506830215,
    0.03523427993059158,
    0.04512866213917732,
    0.01400909386575222,
    0.008417543955147266,
    0.006406074855476618,
    0.014198027551174164,
    0.012740598991513252,
    -0.00016757211415097117,
    -0.00014582043513655663,
    0.012540651485323906,
    0.011951295658946037,
    0.04037471115589142,
    0.04398953169584274,
    0.00013292671064846218,
    0.007703992538154125,
    -0.00014475635543931276,
    5.301508281263523e-05,
    0.00012055873958161101,
    0.0005194793920964003,
    0.08007918298244476,
    0.08320274949073792,
    -3.295821079518646e-05,
    0.0008511693449690938,
    -3.763234781217761e-05,
    2.3222684831125662e-05,
    0.10810267925262451,
    0.08033569157123566,
    0.08038374036550522,
    0.0005822280654683709,
    0.01998942904174328,
    0.027509499341249466,
    0.0009632435394451022,
    0.00446130707859993,
    0.0
  ],
  "active_shapes": {
    "JawForward": 0.012921062298119068,
    "JawOpen": 0.06574175506830215,
    "MouthClose": 0.03523427993059158,
    "MouthFunnel": 0.04512866213917732,
    "MouthPucker": 0.01400909386575222,
    "MouthSmileLeft": 0.014198027551174164,
    "MouthSmileRight": 0.012740598991513252,
    "MouthDimpleLeft": 0.012540651485323906,
    "MouthDimpleRight": 0.011951295658946037,
    "MouthStretchLeft": 0.04037471115589142,
    "MouthStretchRight": 0.04398953169584274,
    "MouthLowerDownLeft": 0.08007918298244476,
    "MouthLowerDownRight": 0.08320274949073792,
    "BrowInnerUp": 0.10810267925262451,
    "BrowOuterUpLeft": 0.08033569157123566,
    "BrowOuterUpRight": 0.08038374036550522,
    "CheekSquintLeft": 0.01998942904174328,
    "CheekSquintRight": 0.027509499341249466
  },
  "packet_size": 314,
  "packet_hex_preview": "060000002464646431326362302d333463612d313166302d383166662d3734353633633437336235330000000847616c6146616365003b9027fb3d07c8000000"
}