{
  "frame_id": 134,
  "timestamp": "2025-05-19T18:04:19.648979",
  "input_values": [
    0.0,
    0.0,
    0.0,
    0.0,
    0.0,
    0.0,
    0.0,
    0.0,
    0.0,
    0.0,
    0.0,
    0.0,
    0.0,
    0.0,
    0.001288043917156756,
    7.936781184980646e-05,
    0.005702158901840448,
    0.03159797191619873,
    6.051416858099401e-05,
    0.03410535305738449,
    0.01293237041682005,
    -8.100958075374365e-05,
    0.002624361077323556,
    0.03814040869474411,
    0.03654486685991287,
    -1.4534640286001377e-05,
    -9.80141521722544e-06,
    0.00869724154472351,
    0.00903257168829441,
    0.00025738286785781384,
    -1.4656029634352308e-05,
    1.806200270948466e-05,
    0.0015145773068070412,
    0.0004575471975840628,
    0.004065292421728373,
    0.0038172707427293062,
    0.004272806458175182,
    0.08806046098470688,
    0.09570110589265823,
    0.0391627661883831,
    0.0453932099044323,
    0.30564260482788086,
    0.3055974543094635,
    0.052955854684114456,
    2.057986057479866e-05,
    7.309317311410268e-07,
    0.0009636517497710884,
    0.01838427409529686,
    0.024009155109524727,
    0.0380239300429821,
    0.04207117110490799,
    0.0
  ],
  "active_shapes": {
    "JawOpen": 0.03159797191619873,
    "MouthFunnel": 0.03410535305738449,
    "MouthPucker": 0.01293237041682005,
    "MouthSmileLeft": 0.03814040869474411,
    "MouthSmileRight": 0.03654486685991287,
    "MouthLowerDownLeft": 0.08806046098470688,
    "MouthLowerDownRight": 0.09570110589265823,
    "MouthUpperUpLeft": 0.0391627661883831,
    "MouthUpperUpRight": 0.0453932099044323,
    "BrowDownLeft": 0.30564260482788086,
    "BrowDownRight": 0.3055974543094635,
    "BrowInnerUp": 0.052955854684114456,
    "CheekSquintLeft": 0.01838427409529686,
    "CheekSquintRight": 0.024009155109524727,
    "NoseSneerLeft": 0.0380239300429821,
    "NoseSneerRight": 0.04207117110490799
  },
  "packet_size": 314,
  "packet_hex_preview": "060000002464646431326362302d333463612d313166302d383166662d3734353633633437336235330000000847616c6146616365003b905afb3d07c8000000"
}