{
  "frame_id": 319,
  "timestamp": "2025-05-19T18:04:25.617723",
  "input_values": [
    0.0,
    0.0,
    0.0,
    0.0,
    0.0,
    0.0,
    0.0,
    0.0,
    0.0,
    0.0,
    0.0,
    0.0,
    0.0,
    0.0,
    0.002169124549254775,
    0.0001887824764708057,
    0.02773388847708702,
    0.05157080292701721,
    -0.0002682746562641114,
    0.05876171961426735,
    0.0007177533116191626,
    0.00011416923371143639,
    0.004204055294394493,
    0.12848713994026184,
    0.10889973491430283,
    -4.639607868739404e-05,
    2.1570851458818652e-05,
    0.02070006914436817,
    0.020926808938384056,
    0.005642446223646402,
    0.009018254466354847,
    0.0001552376343170181,
    0.0016789552755653858,
    0.00030180212343111634,
    0.012355349026620388,
    0.008407472632825375,
    0.009689923375844955,
    0.2389051467180252,
    0.2503776252269745,
    0.09935643523931503,
    0.10943577438592911,
    0.7326465845108032,
    0.7324971556663513,
    0.17578701674938202,
    2.671610491233878e-05,
    -8.969455848273356e-06,
    0.0021852641366422176,
    0.05247986689209938,
    0.06518255919218063,
    0.04516921937465668,
    0.061672233045101166,
    0.0
  ],
  "active_shapes": {
    "JawRight": 0.02773388847708702,
    "JawOpen": 0.05157080292701721,
    "MouthFunnel": 0.05876171961426735,
    "MouthSmileLeft": 0.12848713994026184,
    "MouthSmileRight": 0.10889973491430283,
    "MouthDimpleLeft": 0.02070006914436817,
    "MouthDimpleRight": 0.020926808938384056,
    "MouthShrugUpper": 0.012355349026620388,
    "MouthLowerDownLeft": 0.2389051467180252,
    "MouthLowerDownRight": 0.2503776252269745,
    "MouthUpperUpLeft": 0.09935643523931503,
    "MouthUpperUpRight": 0.10943577438592911,
    "BrowDownLeft": 0.7326465845108032,
    "BrowDownRight": 0.7324971556663513,
    "BrowInnerUp": 0.17578701674938202,
    "CheekSquintLeft": 0.05247986689209938,
    "CheekSquintRight": 0.06518255919218063,
    "NoseSneerLeft": 0.04516921937465668,
    "NoseSneerRight": 0.061672233045101166
  },
  "packet_size": 314,
  "packet_hex_preview": "060000002464646431326362302d333463612d313166302d383166662d3734353633633437336235330000000847616c6146616365003b91c1fb3d07c8000000"
}