{
  "frame_id": 135,
  "timestamp": "2025-05-19T18:04:19.657393",
  "input_values": [
    0.0,
    0.0,
    0.0,
    0.0,
    0.0,
    0.0,
    0.0,
    0.0,
    0.0,
    0.0,
    0.0,
    0.0,
    0.0,
    0.0,
    0.012413246557116508,
    0.0001491493749199435,
    0.02049134112894535,
    0.03826561197638512,
    0.00420089066028595,
    0.09731071442365646,
    0.00032986150472424924,
    0.0002019141538767144,
    0.005288588814437389,
    0.16782912611961365,
    0.17076103389263153,
    -3.084674972342327e-05,
    -0.000184018790605478,
    0.020429829135537148,
    0.0219129491597414,
    0.02889479324221611,
    0.03134938329458237,
    0.00025284886942245066,
    0.0020776153542101383,
    0.011059293523430824,
    0.03242785856127739,
    0.0033696736209094524,
    0.004222001880407333,
    0.11337131261825562,
    0.11742838472127914,
    0.08026054501533508,
    0.08354304730892181,
    0.05113185569643974,
    0.05096843093633652,
    0.052505433559417725,
    -0.00014039197412785143,
    -0.00011009371519321576,
    -0.0007737866835668683,
    0.13853546977043152,
    0.1601765900850296,
    0.12522009015083313,
    0.13976521790027618,
    0.0
  ],
  "active_shapes": {
    "JawForward": 0.012413246557116508,
    "JawRight": 0.02049134112894535,
    "JawOpen": 0.03826561197638512,
    "MouthFunnel": 0.09731071442365646,
    "MouthSmileLeft": 0.16782912611961365,
    "MouthSmileRight": 0.17076103389263153,
    "MouthDimpleLeft": 0.020429829135537148,
    "MouthDimpleRight": 0.0219129491597414,
    "MouthStretchLeft": 0.02889479324221611,
    "MouthStretchRight": 0.03134938329458237,
    "MouthShrugLower": 0.011059293523430824,
    "MouthShrugUpper": 0.03242785856127739,
    "MouthLowerDownLeft": 0.11337131261825562,
    "MouthLowerDownRight": 0.11742838472127914,
    "MouthUpperUpLeft": 0.08026054501533508,
    "MouthUpperUpRight": 0.08354304730892181,
    "BrowDownLeft": 0.05113185569643974,
    "BrowDownRight": 0.05096843093633652,
    "BrowInnerUp": 0.052505433559417725,
    "CheekSquintLeft": 0.13853546977043152,
    "CheekSquintRight": 0.1601765900850296,
    "NoseSneerLeft": 0.12522009015083313,
    "NoseSneerRight": 0.13976521790027618
  },
  "packet_size": 314,
  "packet_hex_preview": "060000002464646431326362302d333463612d313166302d383166662d3734353633633437336235330000000847616c6146616365003b905bfb3d07c8000000"
}