{
  "frame_id": 549,
  "timestamp": "2025-05-19T18:04:33.454044",
  "input_values": [
    0.0,
    0.0,
    0.0,
    0.0,
    0.0,
    0.0,
    0.0,
    0.0,
    0.0,
    0.0,
    0.0,
    0.0,
    0.0,
    0.0,
    -0.0002507938479539007,
    3.772606942220591e-05,
    0.0024378453381359577,
    0.0003597592585720122,
    1.7797927284846082e-05,
    9.639934432925656e-05,
    0.0002768097328953445,
    0.0002157075796276331,
    0.0009003719314932823,
    0.028636494651436806,
    0.022239942103624344,
    8.191650522348937e-06,
    6.110653885116335e-06,
    0.005205787718296051,
    0.005052438471466303,
    0.0016574121546000242,
    0.0011254544369876385,
    0.00018177473975811154,
    0.0008360400679521263,
    0.00028975916211493313,
    0.0017474989872425795,
    0.0018397609237581491,
    0.0021695117466151714,
    0.0220390185713768,
    0.022760888561606407,
    0.005271877162158489,
    0.006149011664092541,
    0.160562202334404,
    0.1605183184146881,
    0.02960277535021305,
    -6.823041076131631e-06,
    -1.5841513231862336e-05,
    0.0005496814846992493,
    0.01330154575407505,
    0.016343824565410614,
    0.018783334642648697,
    0.02112676575779915,
    0.0
  ],
  "active_shapes": {
    "MouthSmileLeft": 0.028636494651436806,
    "MouthSmileRight": 0.022239942103624344,
    "MouthLowerDownLeft": 0.0220390185713768,
    "MouthLowerDownRight": 0.022760888561606407,
    "BrowDownLeft": 0.160562202334404,
    "BrowDownRight": 0.1605183184146881,
    "BrowInnerUp": 0.02960277535021305,
    "CheekSquintLeft": 0.01330154575407505,
    "CheekSquintRight": 0.016343824565410614,
    "NoseSneerLeft": 0.018783334642648697,
    "NoseSneerRight": 0.02112676575779915
  },
  "packet_size": 314,
  "packet_hex_preview": "060000002464646431326362302d333463612d313166302d383166662d3734353633633437336235330000000847616c6146616365003b9397fb3d07c8000000"
}