{
  "frame_id": 98,
  "timestamp": "2025-05-19T18:04:18.401366",
  "input_values": [
    0.0,
    0.0,
    0.0,
    0.0,
    0.0,
    0.0,
    0.0,
    0.0,
    0.0,
    0.0,
    0.0,
    0.0,
    0.0,
    0.0,
    0.009695139713585377,
    0.00021712688612751663,
    0.032018642872571945,
    0.09328719973564148,
    0.0007100557559169829,
    0.08504687994718552,
    0.028307095170021057,
    -0.00043661613017320633,
    0.013754088431596756,
    0.04385348781943321,
    0.035894524306058884,
    4.609208588135516e-07,
    -0.00020955211948603392,
    0.025667699053883553,
    0.02513718046247959,
    0.015536509454250336,
    0.01802210882306099,
    3.2491105230292305e-05,
    0.00407452741637826,
    5.139824133948423e-05,
    0.004741359036415815,
    0.004795076325535774,
    0.006304299924522638,
    0.1412879079580307,
    0.17408834397792816,
    0.0629115179181099,
    0.08193084597587585,
    0.7631974816322327,
    0.763058602809906,
    0.21447889506816864,
    -0.00032108533196151257,
    -0.0004624356224667281,
    0.0029099113307893276,
    0.04539020359516144,
    0.06556791812181473,
    0.05629988759756088,
    0.0747474655508995,
    0.0
  ],
  "active_shapes": {
    "JawRight": 0.032018642872571945,
    "JawOpen": 0.09328719973564148,
    "MouthFunnel": 0.08504687994718552,
    "MouthPucker": 0.028307095170021057,
    "MouthRight": 0.013754088431596756,
    "MouthSmileLeft": 0.04385348781943321,
    "MouthSmileRight": 0.035894524306058884,
    "MouthDimpleLeft": 0.025667699053883553,
    "MouthDimpleRight": 0.02513718046247959,
    "MouthStretchLeft": 0.015536509454250336,
    "MouthStretchRight": 0.01802210882306099,
    "MouthLowerDownLeft": 0.1412879079580307,
    "MouthLowerDownRight": 0.17408834397792816,
    "MouthUpperUpLeft": 0.0629115179181099,
    "MouthUpperUpRight": 0.08193084597587585,
    "BrowDownLeft": 0.7631974816322327,
    "BrowDownRight": 0.763058602809906,
    "BrowInnerUp": 0.21447889506816864,
    "CheekSquintLeft": 0.04539020359516144,
    "CheekSquintRight": 0.06556791812181473,
    "NoseSneerLeft": 0.05629988759756088,
    "NoseSneerRight": 0.0747474655508995
  },
  "packet_size": 314,
  "packet_hex_preview": "060000002464646431326362302d333463612d313166302d383166662d3734353633633437336235330000000847616c6146616365003b9010fb3d07c8000000"
}