{
  "frame_id": 456,
  "timestamp": "2025-05-19T18:04:29.924931",
  "input_values": [
    0.0,
    0.0,
    0.0,
    0.0,
    0.0,
    0.0,
    0.0,
    0.0,
    0.0,
    0.0,
    0.0,
    0.0,
    0.0,
    0.0,
    0.003621316747739911,
    7.478609768440947e-05,
    0.007842626422643661,
    0.03235974162817001,
    0.002064779633656144,
    0.024260036647319794,
    0.00013964313257019967,
    0.0035044695250689983,
    -4.1630213672760874e-05,
    0.06466039270162582,
    0.05865280702710152,
    -1.593594606674742e-05,
    -2.7263668016530573e-05,
    0.009681901894509792,
    0.00947746355086565,
    0.019081858918070793,
    0.02114327810704708,
    0.00015489196812268347,
    0.0027506621554493904,
    -1.5847936083446257e-05,
    1.4233753972803243e-05,
    0.0002596059057395905,
    0.00038432824658229947,
    0.08287729322910309,
    0.08111970871686935,
    0.01854991912841797,
    0.017666365951299667,
    0.0010146398562937975,
    0.0009580398909747601,
    0.027993828058242798,
    0.02427791990339756,
    0.02433415688574314,
    -8.674298442201689e-05,
    0.013011546805500984,
    0.015337076969444752,
    0.00037799315759912133,
    0.0016253528883680701,
    0.0
  ],
  "active_shapes": {
    "JawOpen": 0.03235974162817001,
    "MouthFunnel": 0.024260036647319794,
    "MouthSmileLeft": 0.06466039270162582,
    "MouthSmileRight": 0.05865280702710152,
    "MouthStretchLeft": 0.019081858918070793,
    "MouthStretchRight": 0.02114327810704708,
    "MouthLowerDownLeft": 0.08287729322910309,
    "MouthLowerDownRight": 0.08111970871686935,
    "MouthUpperUpLeft": 0.01854991912841797,
    "MouthUpperUpRight": 0.017666365951299667,
    "BrowInnerUp": 0.027993828058242798,
    "BrowOuterUpLeft": 0.02427791990339756,
    "BrowOuterUpRight": 0.02433415688574314,
    "CheekSquintLeft": 0.013011546805500984,
    "CheekSquintRight": 0.015337076969444752
  },
  "packet_size": 314,
  "packet_hex_preview": "060000002464646431326362302d333463612d313166302d383166662d3734353633633437336235330000000847616c6146616365003b92c3fb3d07c8000000"
}