{
  "frame_id": 76,
  "timestamp": "2025-05-19T18:04:17.909164",
  "input_values": [
    0.0,
    0.0,
    0.0,
    0.0,
    0.0,
    0.0,
    0.0,
    0.0,
    0.0,
    0.0,
    0.0,
    0.0,
    0.0,
    0.0,
    0.004712477792054415,
    3.683616523630917e-05,
    0.006297912448644638,
    0.017807653173804283,
    -5.083169526187703e-05,
    0.024855908006429672,
    2.2617434296989813e-05,
    0.002439334290102124,
    -3.305351492599584e-05,
    0.01891179010272026,
    0.01692986860871315,
    2.3869788492447697e-05,
    3.910712985089049e-05,
    0.0039229365065693855,
    0.003389450954273343,
    0.014935282990336418,
    0.0138972457498312,
    2.9979768441990018e-05,
    0.0005811126320622861,
    -2.1199710317887366e-05,
    0.00021328291040845215,
    2.905742803704925e-05,
    0.0002171592350350693,
    0.06765710562467575,
    0.06659456342458725,
    0.02944089099764824,
    0.02958345040678978,
    1.492318551754579e-05,
    2.4552346076234244e-06,
    0.054979484528303146,
    0.04117685183882713,
    0.041213490068912506,
    -3.8940688682487234e-05,
    0.0068771191872656345,
    0.007679936941713095,
    -9.185192902805284e-05,
    0.00020182831212878227,
    0.0
  ],
  "active_shapes": {
    "JawOpen": 0.017807653173804283,
    "MouthFunnel": 0.024855908006429672,
    "MouthSmileLeft": 0.01891179010272026,
    "MouthSmileRight": 0.01692986860871315,
    "MouthStretchLeft": 0.014935282990336418,
    "MouthStretchRight": 0.0138972457498312,
    "MouthLowerDownLeft": 0.06765710562467575,
    "MouthLowerDownRight": 0.06659456342458725,
    "MouthUpperUpLeft": 0.02944089099764824,
    "MouthUpperUpRight": 0.02958345040678978,
    "BrowInnerUp": 0.054979484528303146,
    "BrowOuterUpLeft": 0.04117685183882713,
    "BrowOuterUpRight": 0.041213490068912506
  },
  "packet_size": 314,
  "packet_hex_preview": "060000002464646431326362302d333463612d313166302d383166662d3734353633633437336235330000000847616c6146616365003b8ff2fb3d07c8000000"
}