{
  "frame_id": 734,
  "timestamp": "2025-05-19T18:04:43.391284",
  "input_values": [
    0.0,
    0.0,
    0.0,
    0.0,
    0.0,
    0.0,
    0.0,
    0.0,
    0.0,
    0.0,
    0.0,
    0.0,
    0.0,
    0.0,
    0.001653405255638063,
    0.00015141235780902207,
    0.011923640966415405,
    0.001787511631846428,
    -0.00013359221338760108,
    0.00037622370291501284,
    0.0007995323394425213,
    0.0001742897875374183,
    0.0016752544324845076,
    0.1462278813123703,
    0.12281079590320587,
    -5.037404662289191e-06,
    6.0856760683236644e-05,
    0.023088563233613968,
    0.02373000606894493,
    0.0026507959701120853,
    0.00040249162702821195,
    0.0005588824860751629,
    0.0022399751469492912,
    0.0023136958479881287,
    0.00741692166775465,
    0.007443991955369711,
    0.008581512607634068,
    0.13308793306350708,
    0.13863885402679443,
    0.0461508147418499,
    0.04950716346502304,
    0.6201484203338623,
    0.6200500130653381,
    0.1822255253791809,
    -1.8853097571991384e-05,
    1.9224883089918876e-06,
    0.0018661875510588288,
    0.04917146638035774,
    0.060545943677425385,
    0.07628936320543289,
    0.08283363282680511,
    0.0
  ],
  "active_shapes": {
    "JawRight": 0.011923640966415405,
    "MouthSmileLeft": 0.1462278813123703,
    "MouthSmileRight": 0.12281079590320587,
    "MouthDimpleLeft": 0.023088563233613968,
    "MouthDimpleRight": 0.02373000606894493,
    "MouthLowerDownLeft": 0.13308793306350708,
    "MouthLowerDownRight": 0.13863885402679443,
    "MouthUpperUpLeft": 0.0461508147418499,
    "MouthUpperUpRight": 0.04950716346502304,
    "BrowDownLeft": 0.6201484203338623,
    "BrowDownRight": 0.6200500130653381,
    "BrowInnerUp": 0.1822255253791809,
    "CheekSquintLeft": 0.04917146638035774,
    "CheekSquintRight": 0.060545943677425385,
    "NoseSneerLeft": 0.07628936320543289,
    "NoseSneerRight": 0.08283363282680511
  },
  "packet_size": 314,
  "packet_hex_preview": "060000002464646431326362302d333463612d313166302d383166662d3734353633633437336235330000000847616c6146616365003b95ebfb3d07c8000000"
}