{
  "frame_id": 603,
  "timestamp": "2025-05-19T18:04:36.273061",
  "input_values": [
    0.0,
    0.0,
    0.0,
    0.0,
    0.0,
    0.0,
    0.0,
    0.0,
    0.0,
    0.0,
    0.0,
    0.0,
    0.0,
    0.0,
    0.0014026660937815905,
    0.00018965371418744326,
    0.014997311867773533,
    0.017080172896385193,
    8.092095231404528e-05,
    0.01111197005957365,
    0.003114650258794427,
    7.273126539075747e-05,
    0.0036085688043385744,
    0.15097731351852417,
    0.12986958026885986,
    -2.767266778391786e-06,
    8.651785901747644e-05,
    0.025252528488636017,
    0.02610570378601551,
    0.0006832528160884976,
    0.00036674030707217753,
    0.000694151793140918,
    0.0037591769360005856,
    0.0007177555817179382,
    0.0059866514056921005,
    0.008149093016982079,
    0.00915627833455801,
    0.14025934040546417,
    0.14884482324123383,
    0.059146251529455185,
    0.0660334974527359,
    0.7550552487373352,
    0.7548734545707703,
    0.21542704105377197,
    -4.4624692236538976e-05,
    -3.887072307406925e-05,
    0.0024527059867978096,
    0.06267362833023071,
    0.07617650181055069,
    0.05831408128142357,
    0.06133513152599335,
    0.0
  ],
  "active_shapes": {
    "JawRight": 0.014997311867773533,
    "JawOpen": 0.017080172896385193,
    "MouthFunnel": 0.01111197005957365,
    "MouthSmileLeft": 0.15097731351852417,
    "MouthSmileRight": 0.12986958026885986,
    "MouthDimpleLeft": 0.025252528488636017,
    "MouthDimpleRight": 0.02610570378601551,
    "MouthLowerDownLeft": 0.14025934040546417,
    "MouthLowerDownRight": 0.14884482324123383,
    "MouthUpperUpLeft": 0.059146251529455185,
    "MouthUpperUpRight": 0.0660334974527359,
    "BrowDownLeft": 0.7550552487373352,
    "BrowDownRight": 0.7548734545707703,
    "BrowInnerUp": 0.21542704105377197,
    "CheekSquintLeft": 0.06267362833023071,
    "CheekSquintRight": 0.07617650181055069,
    "NoseSneerLeft": 0.05831408128142357,
    "NoseSneerRight": 0.06133513152599335
  },
  "packet_size": 314,
  "packet_hex_preview": "060000002464646431326362302d333463612d313166302d383166662d3734353633633437336235330000000847616c6146616365003b9440fb3d07c8000000"
}