{
  "frame_id": 677,
  "timestamp": "2025-05-19T18:04:40.285721",
  "input_values": [
    0.0,
    0.0,
    0.0,
    0.0,
    0.0,
    0.0,
    0.0,
    0.0,
    0.0,
    0.0,
    0.0,
    0.0,
    0.0,
    0.0,
    0.0008631377713754773,
    0.00011350862041581422,
    0.00985979475080967,
    0.01178442407399416,
    9.414940723218024e-05,
    0.0030304647516459227,
    0.0006443962338380516,
    0.00015609952970407903,
    0.0025427734944969416,
    0.08881105482578278,
    0.07482653856277466,
    -6.325973117782269e-06,
    4.36126756540034e-05,
    0.01636587828397751,
    0.01683671399950981,
    0.007288726978003979,
    0.009663974866271019,
    0.00041926634730771184,
    0.002535292413085699,
    0.00021735760674346238,
    0.0013425335055217147,
    0.003528992645442486,
    0.00428055040538311,
    0.08340667933225632,
    0.0884370431303978,
    0.02379772812128067,
    0.02775396779179573,
    0.46579301357269287,
    0.46573737263679504,
    0.1507459282875061,
    1.6404457710450515e-05,
    1.5461593648069538e-05,
    0.0018737715436145663,
    0.03447866439819336,
    0.04363904893398285,
    0.03115275129675865,
    0.03712194785475731,
    0.0
  ],
  "active_shapes": {
    "JawOpen": 0.01178442407399416,
    "MouthSmileLeft": 0.08881105482578278,
    "MouthSmileRight": 0.07482653856277466,
    "MouthDimpleLeft": 0.01636587828397751,
    "MouthDimpleRight": 0.01683671399950981,
    "MouthLowerDownLeft": 0.08340667933225632,
    "MouthLowerDownRight": 0.0884370431303978,
    "MouthUpperUpLeft": 0.02379772812128067,
    "MouthUpperUpRight": 0.02775396779179573,
    "BrowDownLeft": 0.46579301357269287,
    "BrowDownRight": 0.46573737263679504,
    "BrowInnerUp": 0.1507459282875061,
    "CheekSquintLeft": 0.03447866439819336,
    "CheekSquintRight": 0.04363904893398285,
    "NoseSneerLeft": 0.03115275129675865,
    "NoseSneerRight": 0.03712194785475731
  },
  "packet_size": 314,
  "packet_hex_preview": "060000002464646431326362302d333463612d313166302d383166662d3734353633633437336235330000000847616c6146616365003b9531fb3d07c8000000"
}