{
  "frame_id": 397,
  "timestamp": "2025-05-19T18:04:28.065055",
  "input_values": [
    0.0,
    0.0,
    0.0,
    0.0,
    0.0,
    0.0,
    0.0,
    0.0,
    0.0,
    0.0,
    0.0,
    0.0,
    0.0,
    0.0,
    0.0022484553046524525,
    8.1807047536131e-05,
    0.010453639551997185,
    0.02726583741605282,
    0.0006821691640652716,
    0.006733336485922337,
    0.00037520736805163324,
    0.00024813340860418975,
    0.0015117970760911703,
    0.05604018643498421,
    0.04559701681137085,
    -5.936186789767817e-05,
    -2.9120948966010474e-05,
    0.01562720164656639,
    0.015238235704600811,
    0.013711636886000633,
    0.012184908613562584,
    5.612743552774191e-05,
    0.002008553594350815,
    -7.602573896292597e-05,
    0.0005215219571255147,
    0.002050564158707857,
    0.002777594141662121,
    0.06602419167757034,
    0.07312760502099991,
    0.01596125029027462,
    0.018645649775862694,
    0.3190160393714905,
    0.3189164996147156,
    0.1122332364320755,
    -2.5988532797782682e-05,
    -6.512885738629848e-05,
    0.0013915172312408686,
    0.0226794071495533,
    0.029294922947883606,
    0.004879348911345005,
    0.013104131445288658,
    0.0
  ],
  "active_shapes": {
    "JawRight": 0.010453639551997185,
    "JawOpen": 0.02726583741605282,
    "MouthSmileLeft": 0.05604018643498421,
    "MouthSmileRight": 0.04559701681137085,
    "MouthDimpleLeft": 0.01562720164656639,
    "MouthDimpleRight": 0.015238235704600811,
    "MouthStretchLeft": 0.013711636886000633,
    "MouthStretchRight": 0.012184908613562584,
    "MouthLowerDownLeft": 0.06602419167757034,
    "MouthLowerDownRight": 0.07312760502099991,
    "MouthUpperUpLeft": 0.01596125029027462,
    "MouthUpperUpRight": 0.018645649775862694,
    "BrowDownLeft": 0.3190160393714905,
    "BrowDownRight": 0.3189164996147156,
    "BrowInnerUp": 0.1122332364320755,
    "CheekSquintLeft": 0.0226794071495533,
    "CheekSquintRight": 0.029294922947883606,
    "NoseSneerRight": 0.013104131445288658
  },
  "packet_size": 314,
  "packet_hex_preview": "060000002464646431326362302d333463612d313166302d383166662d3734353633633437336235330000000847616c6146616365003b9253fb3d07c8000000"
}