{
  "frame_id": 45,
  "timestamp": "2025-05-19T18:04:16.971912",
  "input_values": [
    0.0,
    0.0,
    0.0,
    0.0,
    0.0,
    0.0,
    0.0,
    0.0,
    0.0,
    0.0,
    0.0,
    0.0,
    0.0,
    0.0,
    0.007021996192634106,
    6.384722655639052e-05,
    0.0028419874142855406,
    0.016494903713464737,
    0.003071961458772421,
    0.023944921791553497,
    0.005051332525908947,
    0.0001664110750425607,
    0.0017548849573358893,
    -0.00030873744981363416,
    0.0004114086623303592,
    0.0001391740224789828,
    -9.777810191735625e-05,
    0.0006307131261564791,
    0.0008135359967127442,
    -4.3772692151833326e-05,
    0.00019638992671389133,
    0.0007000976474955678,
    0.00047748684301041067,
    0.0001332047686446458,
    0.0007668795878998935,
    -4.104758772882633e-05,
    3.915854904334992e-05,
    0.015269394032657146,
    0.02199816145002842,
    0.007240357808768749,
    0.01149650290608406,
    0.0013610530877485871,
    0.0013476419262588024,
    0.003959431312978268,
    0.000977014540694654,
    0.0008949160692282021,
    0.0006555566214956343,
    0.0068220398388803005,
    0.01204077247530222,
    0.01139209233224392,
    0.01286295335739851,
    0.0
  ],
  "active_shapes": {
    "JawOpen": 0.016494903713464737,
    "MouthFunnel": 0.023944921791553497,
    "MouthLowerDownLeft": 0.015269394032657146,
    "MouthLowerDownRight": 0.02199816145002842,
    "MouthUpperUpRight": 0.01149650290608406,
    "CheekSquintRight": 0.01204077247530222,
    "NoseSneerLeft": 0.01139209233224392,
    "NoseSneerRight": 0.01286295335739851
  },
  "packet_size": 314,
  "packet_hex_preview": "060000002464646431326362302d333463612d313166302d383166662d3734353633633437336235330000000847616c6146616365003b8fbafb3d07c8000000"
}