{
  "frame_id": 606,
  "timestamp": "2025-05-19T18:04:36.583656",
  "input_values": [
    0.0,
    0.0,
    0.0,
    0.0,
    0.0,
    0.0,
    0.0,
    0.0,
    0.0,
    0.0,
    0.0,
    0.0,
    0.0,
    0.0,
    0.0028912238776683807,
    7.561327947769314e-05,
    0.005605189595371485,
    0.01589095965027809,
    0.002476759720593691,
    0.004173326771706343,
    0.00017875427147373557,
    0.0009048274951055646,
    7.110230217222124e-05,
    0.06717149913311005,
    0.061730705201625824,
    -2.4409699108218774e-05,
    -1.1170772268087603e-05,
    0.011562145315110683,
    0.012112164869904518,
    0.008353247307240963,
    0.01013747975230217,
    0.00014502965495921671,
    0.0023621402215212584,
    1.1648879080894403e-05,
    0.0004147377912886441,
    0.0013484436785802245,
    0.001532837632112205,
    0.05511841922998428,
    0.05413494631648064,
    0.010158313438296318,
    0.010282101109623909,
    0.08708681166172028,
    0.08697670698165894,
    0.01452029962092638,
    0.002692990470677614,
    0.002674133749678731,
    0.00035358351306058466,
    0.018932614475488663,
    0.023227687925100327,
    0.0039015482179820538,
    0.003768519964069128,
    0.0
  ],
  "active_shapes": {
    "JawOpen": 0.01589095965027809,
    "MouthSmileLeft": 0.06717149913311005,
    "MouthSmileRight": 0.061730705201625824,
    "MouthDimpleLeft": 0.011562145315110683,
    "MouthDimpleRight": 0.012112164869904518,
    "MouthStretchRight": 0.01013747975230217,
    "MouthLowerDownLeft": 0.05511841922998428,
    "MouthLowerDownRight": 0.05413494631648064,
    "MouthUpperUpLeft": 0.010158313438296318,
    "MouthUpperUpRight": 0.010282101109623909,
    "BrowDownLeft": 0.08708681166172028,
    "BrowDownRight": 0.08697670698165894,
    "BrowInnerUp": 0.01452029962092638,
    "CheekSquintLeft": 0.018932614475488663,
    "CheekSquintRight": 0.023227687925100327
  },
  "packet_size": 314,
  "packet_hex_preview": "060000002464646431326362302d333463612d313166302d383166662d3734353633633437336235330000000847616c6146616365003b9453fb3d07c8000000"
}