{
  "frame_id": 630,
  "timestamp": "2025-05-19T18:04:37.747741",
  "input_values": [
    0.0,
    0.0,
    0.0,
    0.0,
    0.0,
    0.0,
    0.0,
    0.0,
    0.0,
    0.0,
    0.0,
    0.0,
    0.0,
    0.0,
    0.014172260649502277,
    0.00024816422956064343,
    0.02047484926879406,
    0.0917833223938942,
    0.0013740579597651958,
    0.07194724678993225,
    0.0020338473841547966,
    0.0016280333511531353,
    0.0033266819082200527,
    0.07010167837142944,
    0.05991046875715256,
    0.00011059361713705584,
    -0.00021320529049262404,
    0.016086814925074577,
    0.016062503680586815,
    0.005513367708772421,
    0.014651439152657986,
    6.037445564288646e-05,
    0.005289030726999044,
    -0.00012031856749672443,
    0.00027051192591898143,
    0.0013480240013450384,
    0.001405492308549583,
    0.13955819606781006,
    0.15471002459526062,
    0.03048519603908062,
    0.03633090853691101,
    0.1514611393213272,
    0.15129691362380981,
    0.017744433134794235,
    -0.00044075955520384014,
    -0.0005440367967821658,
    0.0021549491211771965,
    0.03316942974925041,
    0.0424005463719368,
    0.00021871100761927664,
    0.0010647759772837162,
    0.0
  ],
  "active_shapes": {
    "JawForward": 0.014172260649502277,
    "JawRight": 0.02047484926879406,
    "JawOpen": 0.0917833223938942,
    "MouthFunnel": 0.07194724678993225,
    "MouthSmileLeft": 0.07010167837142944,
    "MouthSmileRight": 0.05991046875715256,
    "MouthDimpleLeft": 0.016086814925074577,
    "MouthDimpleRight": 0.016062503680586815,
    "MouthStretchRight": 0.014651439152657986,
    "MouthLowerDownLeft": 0.13955819606781006,
    "MouthLowerDownRight": 0.15471002459526062,
    "MouthUpperUpLeft": 0.03048519603908062,
    "MouthUpperUpRight": 0.03633090853691101,
    "BrowDownLeft": 0.1514611393213272,
    "BrowDownRight": 0.15129691362380981,
    "BrowInnerUp": 0.017744433134794235,
    "CheekSquintLeft": 0.03316942974925041,
    "CheekSquintRight": 0.0424005463719368
  },
  "packet_size": 314,
  "packet_hex_preview": "060000002464646431326362302d333463612d313166302d383166662d3734353633633437336235330000000847616c6146616365003b9498fb3d07c8000000"
}