{
  "frame_id": 334,
  "timestamp": "2025-05-19T18:04:26.061427",
  "input_values": [
    0.0,
    0.0,
    0.0,
    0.0,
    0.0,
    0.0,
    0.0,
    0.0,
    0.0,
    0.0,
    0.0,
    0.0,
    0.0,
    0.0,
    0.01927645318210125,
    0.0001469296112190932,
    0.02997438982129097,
    0.04911210387945175,
    -6.360777479130775e-05,
    0.10618165880441666,
    0.005745983216911554,
    0.005243876948952675,
    0.00026930260355584323,
    0.05894998461008072,
    0.04706983640789986,
    9.47267035371624e-05,
    0.00011548751353984699,
    0.010423639789223671,
    0.008415764197707176,
    0.041698917746543884,
    0.04693188890814781,
    -1.7022355677909218e-05,
    0.0016362045425921679,
    -0.00021899084094911814,
    0.0027310983277857304,
    0.0002782170195132494,
    0.0008736740564927459,
    0.19684919714927673,
    0.19658979773521423,
    0.09386244416236877,
    0.09313447773456573,
    4.007732786703855e-05,
    8.848596189636737e-05,
    0.25668865442276,
    0.19971629977226257,
    0.19988398253917694,
    -0.00023149742628447711,
    0.0261162668466568,
    0.02660936675965786,
    -0.0006305259885266423,
    0.001485319109633565,
    0.0
  ],
  "active_shapes": {
    "JawForward": 0.01927645318210125,
    "JawRight": 0.02997438982129097,
    "JawOpen": 0.04911210387945175,
    "MouthFunnel": 0.10618165880441666,
    "MouthSmileLeft": 0.05894998461008072,
    "MouthSmileRight": 0.04706983640789986,
    "MouthDimpleLeft": 0.010423639789223671,
    "MouthStretchLeft": 0.041698917746543884,
    "MouthStretchRight": 0.04693188890814781,
    "MouthLowerDownLeft": 0.19684919714927673,
    "MouthLowerDownRight": 0.19658979773521423,
    "MouthUpperUpLeft": 0.09386244416236877,
    "MouthUpperUpRight": 0.09313447773456573,
    "BrowInnerUp": 0.25668865442276,
    "BrowOuterUpLeft": 0.19971629977226257,
    "BrowOuterUpRight": 0.19988398253917694,
    "CheekSquintLeft": 0.0261162668466568,
    "CheekSquintRight": 0.02660936675965786
  },
  "packet_size": 314,
  "packet_hex_preview": "060000002464646431326362302d333463612d313166302d383166662d3734353633633437336235330000000847616c6146616365003b91dbfb3d07c8000000"
}