{
  "frame_id": 149,
  "timestamp": "2025-05-19T18:04:20.072131",
  "input_values": [
    0.0,
    0.0,
    0.0,
    0.0,
    0.0,
    0.0,
    0.0,
    0.0,
    0.0,
    0.0,
    0.0,
    0.0,
    0.0,
    0.0,
    0.0045238989405334,
    0.00015813420759513974,
    0.013181203976273537,
    0.06487461179494858,
    0.00031259478419087827,
    0.046201515942811966,
    0.0005506419111043215,
    0.00047048553824424744,
    0.0022218073718249798,
    0.07911602407693863,
    0.06580965965986252,
    -6.606755050597712e-05,
    -4.8366600822191685e-05,
    0.01933872327208519,
    0.01999133825302124,
    0.013153741136193275,
    0.018085094168782234,
    2.1699921489926055e-05,
    0.004160499665886164,
    4.410478504723869e-05,
    0.0007147077703848481,
    0.004285935312509537,
    0.004549917299300432,
    0.15506014227867126,
    0.1675773710012436,
    0.047829508781433105,
    0.05330812931060791,
    0.3288211226463318,
    0.3286196291446686,
    0.027064049616456032,
    -0.00016287984908558428,
    -0.00015754139167256653,
    0.00036258765612728894,
    0.034492671489715576,
    0.03970831632614136,
    0.027864355593919754,
    0.026622604578733444,
    0.0
  ],
  "active_shapes": {
    "JawRight": 0.013181203976273537,
    "JawOpen": 0.06487461179494858,
    "MouthFunnel": 0.046201515942811966,
    "MouthSmileLeft": 0.07911602407693863,
    "MouthSmileRight": 0.06580965965986252,
    "MouthDimpleLeft": 0.01933872327208519,
    "MouthDimpleRight": 0.01999133825302124,
    "MouthStretchLeft": 0.013153741136193275,
    "MouthStretchRight": 0.018085094168782234,
    "MouthLowerDownLeft": 0.15506014227867126,
    "MouthLowerDownRight": 0.1675773710012436,
    "MouthUpperUpLeft": 0.047829508781433105,
    "MouthUpperUpRight": 0.05330812931060791,
    "BrowDownLeft": 0.3288211226463318,
    "BrowDownRight": 0.3286196291446686,
    "BrowInnerUp": 0.027064049616456032,
    "CheekSquintLeft": 0.034492671489715576,
    "CheekSquintRight": 0.03970831632614136,
    "NoseSneerLeft": 0.027864355593919754,
    "NoseSneerRight": 0.026622604578733444
  },
  "packet_size": 314,
  "packet_hex_preview": "060000002464646431326362302d333463612d313166302d383166662d3734353633633437336235330000000847616c6146616365003b9074fb3d07c8000000"
}