{
  "frame_id": 540,
  "timestamp": "2025-05-19T18:04:32.784702",
  "input_values": [
    0.0,
    0.0,
    0.0,
    0.0,
    0.0,
    0.0,
    0.0,
    0.0,
    0.0,
    0.0,
    0.0,
    0.0,
    0.0,
    0.0,
    0.0024705107789486647,
    0.00018921306764241308,
    0.018809659406542778,
    0.04109742492437363,
    0.0007127159042283893,
    0.06527944654226303,
    0.0019320426508784294,
    0.00015923958562780172,
    0.0018484964966773987,
    0.1243477314710617,
    0.11430563777685165,
    -3.24584252666682e-05,
    -2.9882858143537305e-05,
    0.015843383967876434,
    0.01704028807580471,
    0.0003783858264796436,
    0.003666896838694811,
    0.0003027993661817163,
    0.004505098331719637,
    0.00021109577210154384,
    0.0019387768115848303,
    0.0052334219217300415,
    0.005174523219466209,
    0.1381148397922516,
    0.15027035772800446,
    0.0647982731461525,
    0.06963174045085907,
    0.2885309159755707,
    0.28829246759414673,
    0.021821632981300354,
    0.0016614748165011406,
    0.0016624032286927104,
    -5.0341524911345914e-05,
    0.047841377556324005,
    0.05286505073308945,
    0.04508622735738754,
    0.03794129937887192,
    0.0
  ],
  "active_shapes": {
    "JawRight": 0.018809659406542778,
    "JawOpen": 0.04109742492437363,
    "MouthFunnel": 0.06527944654226303,
    "MouthSmileLeft": 0.1243477314710617,
    "MouthSmileRight": 0.11430563777685165,
    "MouthDimpleLeft": 0.015843383967876434,
    "MouthDimpleRight": 0.01704028807580471,
    "MouthLowerDownLeft": 0.1381148397922516,
    "MouthLowerDownRight": 0.15027035772800446,
    "MouthUpperUpLeft": 0.0647982731461525,
    "MouthUpperUpRight": 0.06963174045085907,
    "BrowDownLeft": 0.2885309159755707,
    "BrowDownRight": 0.28829246759414673,
    "BrowInnerUp": 0.021821632981300354,
    "CheekSquintLeft": 0.047841377556324005,
    "CheekSquintRight": 0.05286505073308945,
    "NoseSneerLeft": 0.04508622735738754,
    "NoseSneerRight": 0.03794129937887192
  },
  "packet_size": 314,
  "packet_hex_preview": "060000002464646431326362302d333463612d313166302d383166662d3734353633633437336235330000000847616c6146616365003b936efb3d07c8000000"
}