{
  "frame_id": 246,
  "timestamp": "2025-05-19T18:04:23.210616",
  "input_values": [
    0.0,
    0.0,
    0.0,
    0.0,
    0.0,
    0.0,
    0.0,
    0.0,
    0.0,
    0.0,
    0.0,
    0.0,
    0.0,
    0.0,
    0.0003707801806740463,
    0.00015107003855518997,
    0.016557347029447556,
    0.011103423312306404,
    -0.00011300524056423455,
    0.017501231282949448,
    0.0014054635539650917,
    0.00020407160627655685,
    0.002903216052800417,
    0.10759282112121582,
    0.0829535722732544,
    8.758210242376663e-06,
    6.990855763433501e-05,
    0.020435549318790436,
    0.02025417797267437,
    0.008961504325270653,
    0.007563083432614803,
    0.0004154265043325722,
    0.0020903749391436577,
    0.000526164541952312,
    0.004733349196612835,
    0.006776018533855677,
    0.007912030443549156,
    0.12262500822544098,
    0.13170543313026428,
    0.04304840788245201,
    0.047351446002721786,
    0.6348149180412292,
    0.6346529722213745,
    0.19043250381946564,
    -6.309309537755325e-05,
    -9.268486610380933e-05,
    0.0026179279666393995,
    0.039918817579746246,
    0.04956240952014923,
    0.04245773330330849,
    0.051386844366788864,
    0.0
  ],
  "active_shapes": {
    "JawRight": 0.016557347029447556,
    "JawOpen": 0.011103423312306404,
    "MouthFunnel": 0.017501231282949448,
    "MouthSmileLeft": 0.10759282112121582,
    "MouthSmileRight": 0.0829535722732544,
    "MouthDimpleLeft": 0.020435549318790436,
    "MouthDimpleRight": 0.02025417797267437,
    "MouthLowerDownLeft": 0.12262500822544098,
    "MouthLowerDownRight": 0.13170543313026428,
    "MouthUpperUpLeft": 0.04304840788245201,
    "MouthUpperUpRight": 0.047351446002721786,
    "BrowDownLeft": 0.6348149180412292,
    "BrowDownRight": 0.6346529722213745,
    "BrowInnerUp": 0.19043250381946564,
    "CheekSquintLeft": 0.039918817579746246,
    "CheekSquintRight": 0.04956240952014923,
    "NoseSneerLeft": 0.04245773330330849,
    "NoseSneerRight": 0.051386844366788864
  },
  "packet_size": 314,
  "packet_hex_preview": "060000002464646431326362302d333463612d313166302d383166662d3734353633633437336235330000000847616c6146616365003b9130fb3d07c8000000"
}