{
  "frame_id": 496,
  "timestamp": "2025-05-19T18:04:31.285785",
  "input_values": [
    0.0,
    0.0,
    0.0,
    0.0,
    0.0,
    0.0,
    0.0,
    0.0,
    0.0,
    0.0,
    0.0,
    0.0,
    0.0,
    0.0,
    0.006471710279583931,
    0.00011491531040519476,
    0.014440998435020447,
    0.055797185748815536,
    -0.000143213925184682,
    0.039709389209747314,
    0.01464022882282734,
    -0.0005441594985313714,
    0.005788384936749935,
    0.06107029318809509,
    0.06476406008005142,
    -0.00013087059778627008,
    3.1636078347219154e-05,
    0.01756633259356022,
    0.018319586291909218,
    0.00025442938203923404,
    0.00200816267170012,
    0.0001749377988744527,
    0.0020281255710870028,
    0.0004224421863909811,
    0.0015654463786631823,
    0.009555420838296413,
    0.010451284237205982,
    0.12050225585699081,
    0.1315346658229828,
    0.04420287162065506,
    0.050040289759635925,
    0.447231650352478,
    0.4470997154712677,
    0.12466154992580414,
    -1.9759587303269655e-05,
    -7.7626078564208e-05,
    0.0031685256399214268,
    0.021817412227392197,
    0.02722886949777603,
    0.018414389342069626,
    0.025793936103582382,
    0.0
  ],
  "active_shapes": {
    "JawRight": 0.014440998435020447,
    "JawOpen": 0.055797185748815536,
    "MouthFunnel": 0.039709389209747314,
    "MouthPucker": 0.01464022882282734,
    "MouthSmileLeft": 0.06107029318809509,
    "MouthSmileRight": 0.06476406008005142,
    "MouthDimpleLeft": 0.01756633259356022,
    "MouthDimpleRight": 0.018319586291909218,
    "MouthPressRight": 0.010451284237205982,
    "MouthLowerDownLeft": 0.12050225585699081,
    "MouthLowerDownRight": 0.1315346658229828,
    "MouthUpperUpLeft": 0.04420287162065506,
    "MouthUpperUpRight": 0.050040289759635925,
    "BrowDownLeft": 0.447231650352478,
    "BrowDownRight": 0.4470997154712677,
    "BrowInnerUp": 0.12466154992580414,
    "CheekSquintLeft": 0.021817412227392197,
    "CheekSquintRight": 0.02722886949777603,
    "NoseSneerLeft": 0.018414389342069626,
    "NoseSneerRight": 0.025793936103582382
  },
  "packet_size": 314,
  "packet_hex_preview": "060000002464646431326362302d333463612d313166302d383166662d3734353633633437336235330000000847616c6146616365003b9315fb3d07c8000000"
}