{
  "frame_id": 17,
  "timestamp": "2025-05-19T18:04:15.969123",
  "input_values": [
    0.0,
    0.0,
    0.0,
    0.0,
    0.0,
    0.0,
    0.0,
    0.0,
    0.0,
    0.0,
    0.0,
    0.0,
    0.0,
    0.0,
    0.002827991498634219,
    5.13499035150744e-05,
    0.002276299986988306,
    0.023218704387545586,
    0.004293786361813545,
    0.017020661383867264,
    0.001408684765920043,
    0.0006210216088220477,
    0.000376553216483444,
    0.009441014379262924,
    0.008539988659322262,
    1.9593393517425284e-05,
    -7.271672802744433e-05,
    0.0025098121259361506,
    0.002356879413127899,
    0.0016902387142181396,
    0.0011042513651773334,
    3.638822090579197e-05,
    0.0010476071620360017,
    8.939366671256721e-05,
    8.135255484376103e-05,
    0.00023430923465639353,
    0.00031282284180633724,
    0.032401155680418015,
    0.03224344551563263,
    0.0010953861055895686,
    0.001907053403556347,
    0.02790687046945095,
    0.027912888675928116,
    3.382541035534814e-05,
    -8.213267574319616e-05,
    -0.00010385349014541134,
    0.0005148010095581412,
    0.006087734363973141,
    0.008759686723351479,
    2.177812893933151e-05,
    0.0002306030655745417,
    0.0
  ],
  "active_shapes": {
    "JawOpen": 0.023218704387545586,
    "MouthFunnel": 0.017020661383867264,
    "MouthLowerDownLeft": 0.032401155680418015,
    "MouthLowerDownRight": 0.03224344551563263,
    "BrowDownLeft": 0.02790687046945095,
    "BrowDownRight": 0.027912888675928116
  },
  "packet_size": 314,
  "packet_hex_preview": "060000002464646431326362302d333463612d313166302d383166662d3734353633633437336235330000000847616c6146616365003b8f7efb3d07c8000000"
}