{
  "frame_id": 63,
  "timestamp": "2025-05-19T18:04:17.467632",
  "input_values": [
    0.0,
    0.0,
    0.0,
    0.0,
    0.0,
    0.0,
    0.0,
    0.0,
    0.0,
    0.0,
    0.0,
    0.0,
    0.0,
    0.0,
    0.009633084759116173,
    0.0001137248327722773,
    0.022409643977880478,
    0.062129322439432144,
    -7.691937935305759e-05,
    0.05098854377865791,
    0.02491062320768833,
    -0.00038038365892134607,
    0.0042647202499210835,
    0.06147060543298721,
    0.056328028440475464,
    -3.8383022911148146e-05,
    7.974739128258079e-05,
    0.011299069039523602,
    0.011349480599164963,
    0.00038003537338227034,
    0.0005479538813233376,
    -7.292049122042954e-05,
    0.0006350911571644247,
    0.00020375095482449979,
    0.005989161320030689,
    0.00540611008182168,
    0.0060594044625759125,
    0.1560782790184021,
    0.16444042325019836,
    0.06634069234132767,
    0.07001565396785736,
    0.4498503804206848,
    0.44980254769325256,
    0.11897699534893036,
    -9.939902520272881e-05,
    -0.00013320503057911992,
    0.00123354431707412,
    0.03584856912493706,
    0.041735175997018814,
    0.04823541268706322,
    0.05245738476514816,
    0.0
  ],
  "active_shapes": {
    "JawRight": 0.022409643977880478,
    "JawOpen": 0.062129322439432144,
    "MouthFunnel": 0.05098854377865791,
    "MouthPucker": 0.02491062320768833,
    "MouthSmileLeft": 0.06147060543298721,
    "MouthSmileRight": 0.056328028440475464,
    "MouthDimpleLeft": 0.011299069039523602,
    "MouthDimpleRight": 0.011349480599164963,
    "MouthLowerDownLeft": 0.1560782790184021,
    "MouthLowerDownRight": 0.16444042325019836,
    "MouthUpperUpLeft": 0.06634069234132767,
    "MouthUpperUpRight": 0.07001565396785736,
    "BrowDownLeft": 0.4498503804206848,
    "BrowDownRight": 0.44980254769325256,
    "BrowInnerUp": 0.11897699534893036,
    "CheekSquintLeft": 0.03584856912493706,
    "CheekSquintRight": 0.041735175997018814,
    "NoseSneerLeft": 0.04823541268706322,
    "NoseSneerRight": 0.05245738476514816
  },
  "packet_size": 314,
  "packet_hex_preview": "060000002464646431326362302d333463612d313166302d383166662d3734353633633437336235330000000847616c6146616365003b8fd8fb3d07c8000000"
}