{
  "frame_id": 428,
  "timestamp": "2025-05-19T18:04:29.101323",
  "input_values": [
    0.0,
    0.0,
    0.0,
    0.0,
    0.0,
    0.0,
    0.0,
    0.0,
    0.0,
    0.0,
    0.0,
    0.0,
    0.0,
    0.0,
    0.0263049453496933,
    0.00014573514636140317,
    0.02095066010951996,
    0.036682236939668655,
    0.00012644423986785114,
    0.09199880063533783,
    0.0027782164979726076,
    0.017236696556210518,
    0.0007196968654170632,
    0.07223647832870483,
    0.06172975152730942,
    -2.3063198568706866e-06,
    0.00025343458401039243,
    0.014970971271395683,
    0.011767118237912655,
    0.06254632771015167,
    0.061694901436567307,
    0.0028590962756425142,
    0.007221694104373455,
    0.0002405032719252631,
    0.0034243110567331314,
    -0.0003441941225901246,
    0.0006223740638233721,
    0.14825031161308289,
    0.1410190612077713,
    0.07093580067157745,
    0.07271625101566315,
    0.0002628496731631458,
    0.00017887425201479346,
    0.4357922077178955,
    0.26695090532302856,
    0.26737746596336365,
    0.0007628570892848074,
    0.051134031265974045,
    0.05468680337071419,
    -0.0004703788144979626,
    0.0009606775129213929,
    0.0
  ],
  "active_shapes": {
    "JawForward": 0.0263049453496933,
    "JawRight": 0.02095066010951996,
    "JawOpen": 0.036682236939668655,
    "MouthFunnel": 0.09199880063533783,
    "MouthLeft": 0.017236696556210518,
    "MouthSmileLeft": 0.07223647832870483,
    "MouthSmileRight": 0.06172975152730942,
    "MouthDimpleLeft": 0.014970971271395683,
    "MouthDimpleRight": 0.011767118237912655,
    "MouthStretchLeft": 0.06254632771015167,
    "MouthStretchRight": 0.061694901436567307,
    "MouthLowerDownLeft": 0.14825031161308289,
    "MouthLowerDownRight": 0.1410190612077713,
    "MouthUpperUpLeft": 0.07093580067157745,
    "MouthUpperUpRight": 0.07271625101566315,
    "BrowInnerUp": 0.4357922077178955,
    "BrowOuterUpLeft": 0.26695090532302856,
    "BrowOuterUpRight": 0.26737746596336365,
    "CheekSquintLeft": 0.051134031265974045,
    "CheekSquintRight": 0.05468680337071419
  },
  "packet_size": 314,
  "packet_hex_preview": "060000002464646431326362302d333463612d313166302d383166662d3734353633633437336235330000000847616c6146616365003b9292fb3d07c8000000"
}