{
  "frame_id": 536,
  "timestamp": "2025-05-19T18:04:32.712384",
  "input_values": [
    0.0,
    0.0,
    0.0,
    0.0,
    0.0,
    0.0,
    0.0,
    0.0,
    0.0,
    0.0,
    0.0,
    0.0,
    0.0,
    0.0,
    0.00036551602534018457,
    7.573531183879822e-05,
    0.004929093178361654,
    0.005674625746905804,
    0.0006586429663002491,
    0.010217240080237389,
    0.0006780427065677941,
    0.00011939386604353786,
    0.0002695211151149124,
    0.04999129846692085,
    0.04552788287401199,
    -1.1098791219410487e-05,
    -2.3466614948119968e-05,
    0.006373152136802673,
    0.0067347376607358456,
    -3.19876526191365e-05,
    0.00023730852990411222,
    0.00015339457604568452,
    0.002041263971477747,
    0.0001793560804799199,
    0.00032291121897287667,
    0.002037538681179285,
    0.0020144907757639885,
    0.03062296472489834,
    0.03344642370939255,
    0.012646950781345367,
    0.01383577287197113,
    0.10670442879199982,
    0.10662548243999481,
    0.004838340450078249,
    -3.2924606784945354e-05,
    -3.406625910429284e-05,
    6.436720468627755e-06,
    0.019352903589606285,
    0.021096350625157356,
    0.0227701123803854,
    0.01715756207704544,
    0.0
  ],
  "active_shapes": {
    "MouthFunnel": 0.010217240080237389,
    "MouthSmileLeft": 0.04999129846692085,
    "MouthSmileRight": 0.04552788287401199,
    "MouthLowerDownLeft": 0.03062296472489834,
    "MouthLowerDownRight": 0.03344642370939255,
    "MouthUpperUpLeft": 0.012646950781345367,
    "MouthUpperUpRight": 0.01383577287197113,
    "BrowDownLeft": 0.10670442879199982,
    "BrowDownRight": 0.10662548243999481,
    "CheekSquintLeft": 0.019352903589606285,
    "CheekSquintRight": 0.021096350625157356,
    "NoseSneerLeft": 0.0227701123803854,
    "NoseSneerRight": 0.01715756207704544
  },
  "packet_size": 314,
  "packet_hex_preview": "060000002464646431326362302d333463612d313166302d383166662d3734353633633437336235330000000847616c6146616365003b936afb3d07c8000000"
}