{
  "frame_id": 316,
  "timestamp": "2025-05-19T18:04:25.594334",
  "input_values": [
    0.0,
    0.0,
    0.0,
    0.0,
    0.0,
    0.0,
    0.0,
    0.0,
    0.0,
    0.0,
    0.0,
    0.0,
    0.0,
    0.0,
    0.017676200717687607,
    7.257449033204466e-05,
    0.011432774364948273,
    0.06166951730847359,
    8.027334843063727e-05,
    0.11410792171955109,
    0.0004066252149641514,
    0.003054616507142782,
    8.446580977761187e-06,
    0.0362236313521862,
    0.0347546711564064,
    2.2644828277407214e-05,
    2.1590920368907973e-05,
    0.004910849034786224,
    0.0037196450866758823,
    0.03618388995528221,
    0.036275714635849,
    1.9708282707142644e-05,
    0.0026250313967466354,
    -7.480384374503046e-05,
    0.0015791242476552725,
    -3.2893032766878605e-05,
    0.00036071627982892096,
    0.1668623834848404,
    0.16596239805221558,
    0.07750137150287628,
    0.07788706570863724,
    -2.4518547434126958e-05,
    1.2251138059582445e-06,
    0.22655776143074036,
    0.20783543586730957,
    0.20793667435646057,
    6.435572868213058e-05,
    0.029362600296735764,
    0.030254196375608444,
    0.010000471957027912,
    0.015574534423649311,
    0.0
  ],
  "active_shapes": {
    "JawForward": 0.017676200717687607,
    "JawRight": 0.011432774364948273,
    "JawOpen": 0.06166951730847359,
    "MouthFunnel": 0.11410792171955109,
    "MouthSmileLeft": 0.0362236313521862,
    "MouthSmileRight": 0.0347546711564064,
    "MouthStretchLeft": 0.03618388995528221,
    "MouthStretchRight": 0.036275714635849,
    "MouthLowerDownLeft": 0.1668623834848404,
    "MouthLowerDownRight": 0.16596239805221558,
    "MouthUpperUpLeft": 0.07750137150287628,
    "MouthUpperUpRight": 0.07788706570863724,
    "BrowInnerUp": 0.22655776143074036,
    "BrowOuterUpLeft": 0.20783543586730957,
    "BrowOuterUpRight": 0.20793667435646057,
    "CheekSquintLeft": 0.029362600296735764,
    "CheekSquintRight": 0.030254196375608444,
    "NoseSneerLeft": 0.010000471957027912,
    "NoseSneerRight": 0.015574534423649311
  },
  "packet_size": 314,
  "packet_hex_preview": "060000002464646431326362302d333463612d313166302d383166662d3734353633633437336235330000000847616c6146616365003b91bffb3d07c8000000"
}