{
  "frame_id": 429,
  "timestamp": "2025-05-19T18:04:29.109850",
  "input_values": [
    0.0,
    0.0,
    0.0,
    0.0,
    0.0,
    0.0,
    0.0,
    0.0,
    0.0,
    0.0,
    0.0,
    0.0,
    0.0,
    0.0,
    0.0013588963774964213,
    7.536188059020787e-05,
    0.008338240906596184,
    0.041336510330438614,
    0.00010893435683101416,
    0.03867515176534653,
    0.01367060374468565,
    2.344815402466338e-05,
    0.0015058444114401937,
    0.029067348688840866,
    0.02433870919048786,
    -1.4360118257172871e-05,
    8.002003596629947e-05,
    0.00846925750374794,
    0.008162030950188637,
    0.009634481742978096,
    0.006105455569922924,
    0.00013325393956620246,
    0.0009855137905105948,
    0.00027417586534284055,
    0.0007493986049667001,
    0.0024582073092460632,
    0.0029786177910864353,
    0.10099729150533676,
    0.10710456222295761,
    0.025643333792686462,
    0.029420483857393265,
    0.31175875663757324,
    0.3117211163043976,
    0.1100260466337204,
    -9.154275176115334e-06,
    -8.813441127131227e-06,
    0.0011224390473216772,
    0.021215589717030525,
    0.026136895641684532,
    0.012794187292456627,
    0.017003782093524933,
    0.0
  ],
  "active_shapes": {
    "JawOpen": 0.041336510330438614,
    "MouthFunnel": 0.03867515176534653,
    "MouthPucker": 0.01367060374468565,
    "MouthSmileLeft": 0.029067348688840866,
    "MouthSmileRight": 0.02433870919048786,
    "MouthLowerDownLeft": 0.10099729150533676,
    "MouthLowerDownRight": 0.10710456222295761,
    "MouthUpperUpLeft": 0.025643333792686462,
    "MouthUpperUpRight": 0.029420483857393265,
    "BrowDownLeft": 0.31175875663757324,
    "BrowDownRight": 0.3117211163043976,
    "BrowInnerUp": 0.1100260466337204,
    "CheekSquintLeft": 0.021215589717030525,
    "CheekSquintRight": 0.026136895641684532,
    "NoseSneerLeft": 0.012794187292456627,
    "NoseSneerRight": 0.017003782093524933
  },
  "packet_size": 314,
  "packet_hex_preview": "060000002464646431326362302d333463612d313166302d383166662d3734353633633437336235330000000847616c6146616365003b9292fb3d07c8000000"
}