{
  "frame_id": 248,
  "timestamp": "2025-05-19T18:04:23.227731",
  "input_values": [
    0.0,
    0.0,
    0.0,
    0.0,
    0.0,
    0.0,
    0.0,
    0.0,
    0.0,
    0.0,
    0.0,
    0.0,
    0.0,
    0.0,
    0.00023848882119636983,
    0.00018887605983763933,
    0.021866369992494583,
    0.019540883600711823,
    -0.00011066000297432765,
    0.02105116844177246,
    0.0008718751487322152,
    0.00038683469756506383,
    0.0035503595136106014,
    0.1394496113061905,
    0.10784153640270233,
    4.716496846413065e-07,
    7.686459139222279e-05,
    0.02700292505323887,
    0.026691028848290443,
    0.017176439985632896,
    0.015151593834161758,
    0.0005570089560933411,
    0.0026144362054765224,
    0.0005189665826037526,
    0.004474721848964691,
    0.007825749926269054,
    0.009260931052267551,
    0.17401179671287537,
    0.18553073704242706,
    0.055908624082803726,
    0.0614297017455101,
    0.7899090051651001,
    0.7897196412086487,
    0.24780218303203583,
    -9.020317520480603e-05,
    -0.00013647689775098115,
    0.0034838321153074503,
    0.047954052686691284,
    0.06058068573474884,
    0.04325373098254204,
    0.05575651675462723,
    0.0
  ],
  "active_shapes": {
    "JawRight": 0.021866369992494583,
    "JawOpen": 0.019540883600711823,
    "MouthFunnel": 0.02105116844177246,
    "MouthSmileLeft": 0.1394496113061905,
    "MouthSmileRight": 0.10784153640270233,
    "MouthDimpleLeft": 0.02700292505323887,
    "MouthDimpleRight": 0.026691028848290443,
    "MouthStretchLeft": 0.017176439985632896,
    "MouthStretchRight": 0.015151593834161758,
    "MouthLowerDownLeft": 0.17401179671287537,
    "MouthLowerDownRight": 0.18553073704242706,
    "MouthUpperUpLeft": 0.055908624082803726,
    "MouthUpperUpRight": 0.0614297017455101,
    "BrowDownLeft": 0.7899090051651001,
    "BrowDownRight": 0.7897196412086487,
    "BrowInnerUp": 0.24780218303203583,
    "CheekSquintLeft": 0.047954052686691284,
    "CheekSquintRight": 0.06058068573474884,
    "NoseSneerLeft": 0.04325373098254204,
    "NoseSneerRight": 0.05575651675462723
  },
  "packet_size": 314,
  "packet_hex_preview": "060000002464646431326362302d333463612d313166302d383166662d3734353633633437336235330000000847616c6146616365003b9131fb3d07c8000000"
}