{
  "frame_id": 235,
  "timestamp": "2025-05-19T18:04:22.758423",
  "input_values": [
    0.0,
    0.0,
    0.0,
    0.0,
    0.0,
    0.0,
    0.0,
    0.0,
    0.0,
    0.0,
    0.0,
    0.0,
    0.0,
    0.0,
    0.003366599790751934,
    0.00013929983833804727,
    0.004339301027357578,
    0.013904883526265621,
    0.0033634724095463753,
    0.017320116981863976,
    0.014603453688323498,
    -0.000245562318013981,
    0.0016559611540287733,
    0.03331555426120758,
    0.04450496286153793,
    -9.888685599435121e-05,
    -0.00011284665379207581,
    0.007026547100394964,
    0.007979033514857292,
    0.0002645709610078484,
    0.00041626315214671195,
    0.00014645452029071748,
    0.001821935991756618,
    0.00033964740578085184,
    0.0006543923518620431,
    0.0031009516678750515,
    0.003364815842360258,
    0.023592505604028702,
    0.029315663501620293,
    0.0021847188472747803,
    0.0062969946302473545,
    0.09811445325613022,
    0.09794136136770248,
    0.011410686187446117,
    -8.991402137326077e-05,
    -0.00020897563081234694,
    0.0017515936633571982,
    0.018855299800634384,
    0.027089541777968407,
    0.008439768105745316,
    0.010386928915977478,
    0.0
  ],
  "active_shapes": {
    "JawOpen": 0.013904883526265621,
    "MouthFunnel": 0.017320116981863976,
    "MouthPucker": 0.014603453688323498,
    "MouthSmileLeft": 0.03331555426120758,
    "MouthSmileRight": 0.04450496286153793,
    "MouthLowerDownLeft": 0.023592505604028702,
    "MouthLowerDownRight": 0.029315663501620293,
    "BrowDownLeft": 0.09811445325613022,
    "BrowDownRight": 0.09794136136770248,
    "BrowInnerUp": 0.011410686187446117,
    "CheekSquintLeft": 0.018855299800634384,
    "CheekSquintRight": 0.027089541777968407,
    "NoseSneerRight": 0.010386928915977478
  },
  "packet_size": 314,
  "packet_hex_preview": "060000002464646431326362302d333463612d313166302d383166662d3734353633633437336235330000000847616c6146616365003b9115fb3d07c8000000"
}