{
  "frame_id": 188,
  "timestamp": "2025-05-19T18:04:21.310029",
  "input_values": [
    0.0,
    0.0,
    0.0,
    0.0,
    0.0,
    0.0,
    0.0,
    0.0,
    0.0,
    0.0,
    0.0,
    0.0,
    0.0,
    0.0,
    0.0004938744241371751,
    3.7597994378302246e-05,
    0.0047520860098302364,
    0.013149363920092583,
    -7.334926340263337e-05,
    0.012569953687489033,
    0.00023846134718041867,
    5.969918493065052e-05,
    0.0007324806647375226,
    0.03446788340806961,
    0.02827616035938263,
    -1.4732921954418998e-05,
    -1.2375011465337593e-05,
    0.005910178646445274,
    0.005712294019758701,
    0.0007199299288913608,
    0.00012108088412787765,
    5.95529745623935e-05,
    0.0006529262755066156,
    0.005546458065509796,
    0.010219959542155266,
    0.002265891060233116,
    0.002697458490729332,
    0.04781033471226692,
    0.049701061099767685,
    0.031890060752630234,
    0.034009091556072235,
    0.16586387157440186,
    0.16582253575325012,
    0.02407175861299038,
    -3.1864143238635734e-05,
    -4.295852704672143e-05,
    0.00033299741335213184,
    0.016350973397493362,
    0.019589193165302277,
    0.0350782535970211,
    0.04125450924038887,
    0.0
  ],
  "active_shapes": {
    "JawOpen": 0.013149363920092583,
    "MouthFunnel": 0.012569953687489033,
    "MouthSmileLeft": 0.03446788340806961,
    "MouthSmileRight": 0.02827616035938263,
    "MouthShrugUpper": 0.010219959542155266,
    "MouthLowerDownLeft": 0.04781033471226692,
    "MouthLowerDownRight": 0.049701061099767685,
    "MouthUpperUpLeft": 0.031890060752630234,
    "MouthUpperUpRight": 0.034009091556072235,
    "BrowDownLeft": 0.16586387157440186,
    "BrowDownRight": 0.16582253575325012,
    "BrowInnerUp": 0.02407175861299038,
    "CheekSquintLeft": 0.016350973397493362,
    "CheekSquintRight": 0.019589193165302277,
    "NoseSneerLeft": 0.0350782535970211,
    "NoseSneerRight": 0.04125450924038887
  },
  "packet_size": 314,
  "packet_hex_preview": "060000002464646431326362302d333463612d313166302d383166662d3734353633633437336235330000000847616c6146616365003b90befb3d07c8000000"
}