{
  "frame_id": 699,
  "timestamp": "2025-05-19T18:04:41.528948",
  "input_values": [
    0.0,
    0.0,
    0.0,
    0.0,
    0.0,
    0.0,
    0.0,
    0.0,
    0.0,
    0.0,
    0.0,
    0.0,
    0.0,
    0.0,
    0.003917158115655184,
    0.00015178840840235353,
    0.02564016357064247,
    0.08335425704717636,
    1.767674802977126e-05,
    0.112531378865242,
    0.030555492267012596,
    -0.00013530757860280573,
    0.00845575425773859,
    0.09369397163391113,
    0.07886920869350433,
    -5.716658961318899e-06,
    1.8466416804585606e-05,
    0.011747428216040134,
    0.010946139693260193,
    0.00159582425840199,
    0.0005949097103439271,
    -8.414686192281806e-08,
    0.0005219800514169037,
    0.018091898411512375,
    0.04544394463300705,
    0.01410279143601656,
    0.01544671505689621,
    0.2266218215227127,
    0.24404290318489075,
    0.1506834179162979,
    0.16539771854877472,
    0.654830813407898,
    0.6546846032142639,
    0.08403442800045013,
    1.694768570814631e-06,
    -4.419815741130151e-05,
    0.0017012041062116623,
    0.061289358884096146,
    0.07234670966863632,
    0.13667432963848114,
    0.1532672494649887,
    0.0
  ],
  "active_shapes": {
    "JawRight": 0.02564016357064247,
    "JawOpen": 0.08335425704717636,
    "MouthFunnel": 0.112531378865242,
    "MouthPucker": 0.030555492267012596,
    "MouthSmileLeft": 0.09369397163391113,
    "MouthSmileRight": 0.07886920869350433,
    "MouthDimpleLeft": 0.011747428216040134,
    "MouthDimpleRight": 0.010946139693260193,
    "MouthShrugLower": 0.018091898411512375,
    "MouthShrugUpper": 0.04544394463300705,
    "MouthPressLeft": 0.01410279143601656,
    "MouthPressRight": 0.01544671505689621,
    "MouthLowerDownLeft": 0.2266218215227127,
    "MouthLowerDownRight": 0.24404290318489075,
    "MouthUpperUpLeft": 0.1506834179162979,
    "MouthUpperUpRight": 0.16539771854877472,
    "BrowDownLeft": 0.654830813407898,
    "BrowDownRight": 0.6546846032142639,
    "BrowInnerUp": 0.08403442800045013,
    "CheekSquintLeft": 0.061289358884096146,
    "CheekSquintRight": 0.07234670966863632,
    "NoseSneerLeft": 0.13667432963848114,
    "NoseSneerRight": 0.1532672494649887
  },
  "packet_size": 314,
  "packet_hex_preview": "060000002464646431326362302d333463612d313166302d383166662d3734353633633437336235330000000847616c6146616365003b957bfb3d07c8000000"
}