{
  "frame_id": 447,
  "timestamp": "2025-05-19T18:04:29.524496",
  "input_values": [
    0.0,
    0.0,
    0.0,
    0.0,
    0.0,
    0.0,
    0.0,
    0.0,
    0.0,
    0.0,
    0.0,
    0.0,
    0.0,
    0.0,
    0.004566812887787819,
    0.00018860618001781404,
    0.02084028720855713,
    0.04036002233624458,
    4.495729808695614e-05,
    0.02851799502968788,
    0.03867066279053688,
    0.00029642778099514544,
    0.00510176969692111,
    0.07950006425380707,
    0.05799485370516777,
    -7.468861440429464e-05,
    0.00010758571443147957,
    0.024491168558597565,
    0.023920008912682533,
    0.006144640501588583,
    0.0073623573407530785,
    0.0004937920020893216,
    0.0032592013012617826,
    0.00552678806707263,
    0.012643779627978802,
    0.00824382808059454,
    0.0096531817689538,
    0.091539666056633,
    0.09740518778562546,
    0.03254351019859314,
    0.03783503547310829,
    0.778360903263092,
    0.7781691551208496,
    0.15040020644664764,
    -0.00014282454503700137,
    -0.00013775244588032365,
    0.002327026566490531,
    0.06088043749332428,
    0.07413395494222641,
    0.053420376032590866,
    0.06360521167516708,
    0.0
  ],
  "active_shapes": {
    "JawRight": 0.02084028720855713,
    "JawOpen": 0.04036002233624458,
    "MouthFunnel": 0.02851799502968788,
    "MouthPucker": 0.03867066279053688,
    "MouthSmileLeft": 0.07950006425380707,
    "MouthSmileRight": 0.05799485370516777,
    "MouthDimpleLeft": 0.024491168558597565,
    "MouthDimpleRight": 0.023920008912682533,
    "MouthShrugUpper": 0.012643779627978802,
    "MouthLowerDownLeft": 0.091539666056633,
    "MouthLowerDownRight": 0.09740518778562546,
    "MouthUpperUpLeft": 0.03254351019859314,
    "MouthUpperUpRight": 0.03783503547310829,
    "BrowDownLeft": 0.778360903263092,
    "BrowDownRight": 0.7781691551208496,
    "BrowInnerUp": 0.15040020644664764,
    "CheekSquintLeft": 0.06088043749332428,
    "CheekSquintRight": 0.07413395494222641,
    "NoseSneerLeft": 0.053420376032590866,
    "NoseSneerRight": 0.06360521167516708
  },
  "packet_size": 314,
  "packet_hex_preview": "060000002464646431326362302d333463612d313166302d383166662d3734353633633437336235330000000847616c6146616365003b92abfb3d07c8000000"
}