{
  "frame_id": 264,
  "timestamp": "2025-05-19T18:04:23.725061",
  "input_values": [
    0.0,
    0.0,
    0.0,
    0.0,
    0.0,
    0.0,
    0.0,
    0.0,
    0.0,
    0.0,
    0.0,
    0.0,
    0.0,
    0.0,
    0.011114643886685371,
    0.00014797193580307066,
    0.0012859981507062912,
    0.06939806044101715,
    0.020401718094944954,
    0.0483563169836998,
    0.0001880797353805974,
    0.020338822156190872,
    -0.0001549073203932494,
    0.06729502230882645,
    0.05028150603175163,
    -4.582152541843243e-05,
    0.00014111751806922257,
    0.022145550698041916,
    0.020046943798661232,
    0.06031946465373039,
    0.05497202277183533,
    0.0052784159779548645,
    0.01354026049375534,
    7.441374327754602e-05,
    -0.0001820298784878105,
    2.5976301003538538e-06,
    0.0004307664348743856,
    0.14805693924427032,
    0.13403861224651337,
    0.00454443134367466,
    0.001349379774183035,
    0.00015248906856868416,
    -0.00018418145191390067,
    0.14936880767345428,
    0.1946801245212555,
    0.19497036933898926,
    0.0005355345783755183,
    0.02182292379438877,
    0.021371403709053993,
    0.00019570716540329158,
    -0.00027794233756139874,
    0.0
  ],
  "active_shapes": {
    "JawForward": 0.011114643886685371,
    "JawOpen": 0.06939806044101715,
    "MouthClose": 0.020401718094944954,
    "MouthFunnel": 0.0483563169836998,
    "MouthLeft": 0.020338822156190872,
    "MouthSmileLeft": 0.06729502230882645,
    "MouthSmileRight": 0.05028150603175163,
    "MouthDimpleLeft": 0.022145550698041916,
    "MouthDimpleRight": 0.020046943798661232,
    "MouthStretchLeft": 0.06031946465373039,
    "MouthStretchRight": 0.05497202277183533,
    "MouthRollUpper": 0.01354026049375534,
    "MouthLowerDownLeft": 0.14805693924427032,
    "MouthLowerDownRight": 0.13403861224651337,
    "BrowInnerUp": 0.14936880767345428,
    "BrowOuterUpLeft": 0.1946801245212555,
    "BrowOuterUpRight": 0.19497036933898926,
    "CheekSquintLeft": 0.02182292379438877,
    "CheekSquintRight": 0.021371403709053993
  },
  "packet_size": 314,
  "packet_hex_preview": "060000002464646431326362302d333463612d313166302d383166662d3734353633633437336235330000000847616c6146616365003b914ffb3d07c8000000"
}