{
  "frame_id": 600,
  "timestamp": "2025-05-19T18:04:36.218264",
  "input_values": [
    0.0,
    0.0,
    0.0,
    0.0,
    0.0,
    0.0,
    0.0,
    0.0,
    0.0,
    0.0,
    0.0,
    0.0,
    0.0,
    0.0,
    -0.00024964037584140897,
    0.00011406208795960993,
    0.005554649978876114,
    0.0029354142025113106,
    6.178122566780075e-05,
    0.00039247056702151895,
    0.0008673497941344976,
    2.834806582541205e-05,
    0.001459363498724997,
    0.08841634541749954,
    0.07594393193721771,
    1.400803193973843e-05,
    6.0022608522558585e-05,
    0.015150157734751701,
    0.015764407813549042,
    0.0003190398565493524,
    0.0001504426618339494,
    0.00058538350276649,
    0.002233714098110795,
    0.0003557288437150419,
    0.0025370344519615173,
    0.00472637265920639,
    0.005309432279318571,
    0.07718784362077713,
    0.08247140049934387,
    0.024118758738040924,
    0.027926847338676453,
    0.4509746730327606,
    0.45089495182037354,
    0.1175464540719986,
    -3.617399124777876e-05,
    -2.984055936394725e-05,
    0.0014774000737816095,
    0.0338481068611145,
    0.04150521010160446,
    0.03675512969493866,
    0.03706915304064751,
    0.0
  ],
  "active_shapes": {
    "MouthSmileLeft": 0.08841634541749954,
    "MouthSmileRight": 0.07594393193721771,
    "MouthDimpleLeft": 0.015150157734751701,
    "MouthDimpleRight": 0.015764407813549042,
    "MouthLowerDownLeft": 0.07718784362077713,
    "MouthLowerDownRight": 0.08247140049934387,
    "MouthUpperUpLeft": 0.024118758738040924,
    "MouthUpperUpRight": 0.027926847338676453,
    "BrowDownLeft": 0.4509746730327606,
    "BrowDownRight": 0.45089495182037354,
    "BrowInnerUp": 0.1175464540719986,
    "CheekSquintLeft": 0.0338481068611145,
    "CheekSquintRight": 0.04150521010160446,
    "NoseSneerLeft": 0.03675512969493866,
    "NoseSneerRight": 0.03706915304064751
  },
  "packet_size": 314,
  "packet_hex_preview": "060000002464646431326362302d333463612d313166302d383166662d3734353633633437336235330000000847616c6146616365003b943dfb3d07c8000000"
}