{
  "frame_id": 586,
  "timestamp": "2025-05-19T18:04:35.332639",
  "input_values": [
    0.0,
    0.0,
    0.0,
    0.0,
    0.0,
    0.0,
    0.0,
    0.0,
    0.0,
    0.0,
    0.0,
    0.0,
    0.0,
    0.0,
    0.004702854435890913,
    0.00011296327284071594,
    0.02149517834186554,
    0.06973398476839066,
    -4.1216313547920436e-05,
    0.047631047666072845,
    0.0011169464560225606,
    -7.848163659218699e-05,
    0.007287497166544199,
    0.07691657543182373,
    0.06395372003316879,
    2.266083720314782e-05,
    8.754331247473601e-06,
    0.013354536145925522,
    0.01286255195736885,
    0.009982608258724213,
    0.011247978545725346,
    -4.8991965741151944e-05,
    0.0010030996054410934,
    0.000460243463749066,
    0.015225374139845371,
    0.006124334409832954,
    0.006992605980485678,
    0.16714832186698914,
    0.18117929995059967,
    0.08614074438810349,
    0.09674634039402008,
    0.5017563104629517,
    0.501685619354248,
    0.10135786980390549,
    1.802022052288521e-05,
    -3.020605436176993e-05,
    0.0006134173600003123,
    0.03724021837115288,
    0.046132154762744904,
    0.07845300436019897,
    0.09369155764579773,
    0.0
  ],
  "active_shapes": {
    "JawRight": 0.02149517834186554,
    "JawOpen": 0.06973398476839066,
    "MouthFunnel": 0.047631047666072845,
    "MouthSmileLeft": 0.07691657543182373,
    "MouthSmileRight": 0.06395372003316879,
    "MouthDimpleLeft": 0.013354536145925522,
    "MouthDimpleRight": 0.01286255195736885,
    "MouthStretchRight": 0.011247978545725346,
    "MouthShrugUpper": 0.015225374139845371,
    "MouthLowerDownLeft": 0.16714832186698914,
    "MouthLowerDownRight": 0.18117929995059967,
    "MouthUpperUpLeft": 0.08614074438810349,
    "MouthUpperUpRight": 0.09674634039402008,
    "BrowDownLeft": 0.5017563104629517,
    "BrowDownRight": 0.501685619354248,
    "BrowInnerUp": 0.10135786980390549,
    "CheekSquintLeft": 0.03724021837115288,
    "CheekSquintRight": 0.046132154762744904,
    "NoseSneerLeft": 0.07845300436019897,
    "NoseSneerRight": 0.09369155764579773
  },
  "packet_size": 314,
  "packet_hex_preview": "060000002464646431326362302d333463612d313166302d383166662d3734353633633437336235330000000847616c6146616365003b9407fb3d07c8000000"
}