{
  "frame_id": 596,
  "timestamp": "2025-05-19T18:04:35.885833",
  "input_values": [
    0.0,
    0.0,
    0.0,
    0.0,
    0.0,
    0.0,
    0.0,
    0.0,
    0.0,
    0.0,
    0.0,
    0.0,
    0.0,
    0.0,
    0.0023431184235960245,
    0.0001886162208393216,
    0.027857130393385887,
    0.09194289147853851,
    -0.00019020985928364098,
    0.08147134631872177,
    0.0007552973693236709,
    0.0003662763047032058,
    0.004288242664188147,
    0.1342429220676422,
    0.10571014136075974,
    -3.290933454991318e-05,
    -1.1112163520010654e-05,
    0.020168136805295944,
    0.019204523414373398,
    0.0002781975781545043,
    0.001797173172235489,
    1.0384042070654687e-05,
    0.0031116881873458624,
    0.0008543574949726462,
    0.01963336579501629,
    0.010423452593386173,
    0.011422058567404747,
    0.24840238690376282,
    0.2657945156097412,
    0.13328082859516144,
    0.14412520825862885,
    0.7207759022712708,
    0.7205243110656738,
    0.05495123937726021,
    -9.002574188343715e-06,
    -6.874695100123063e-05,
    0.0008683730848133564,
    0.055448614060878754,
    0.06159253045916557,
    0.12276684492826462,
    0.1351572573184967,
    0.0
  ],
  "active_shapes": {
    "JawRight": 0.027857130393385887,
    "JawOpen": 0.09194289147853851,
    "MouthFunnel": 0.08147134631872177,
    "MouthSmileLeft": 0.1342429220676422,
    "MouthSmileRight": 0.10571014136075974,
    "MouthDimpleLeft": 0.020168136805295944,
    "MouthDimpleRight": 0.019204523414373398,
    "MouthShrugUpper": 0.01963336579501629,
    "MouthPressLeft": 0.010423452593386173,
    "MouthPressRight": 0.011422058567404747,
    "MouthLowerDownLeft": 0.24840238690376282,
    "MouthLowerDownRight": 0.2657945156097412,
    "MouthUpperUpLeft": 0.13328082859516144,
    "MouthUpperUpRight": 0.14412520825862885,
    "BrowDownLeft": 0.7207759022712708,
    "BrowDownRight": 0.7205243110656738,
    "BrowInnerUp": 0.05495123937726021,
    "CheekSquintLeft": 0.055448614060878754,
    "CheekSquintRight": 0.06159253045916557,
    "NoseSneerLeft": 0.12276684492826462,
    "NoseSneerRight": 0.1351572573184967
  },
  "packet_size": 314,
  "packet_hex_preview": "060000002464646431326362302d333463612d313166302d383166662d3734353633633437336235330000000847616c6146616365003b9429fb3d07c8000000"
}