{
  "frame_id": 598,
  "timestamp": "2025-05-19T18:04:36.184849",
  "input_values": [
    0.0,
    0.0,
    0.0,
    0.0,
    0.0,
    0.0,
    0.0,
    0.0,
    0.0,
    0.0,
    0.0,
    0.0,
    0.0,
    0.0,
    -0.00012712068564724177,
    3.808751353062689e-05,
    0.0011614046525210142,
    0.00023012488964013755,
    -3.771963019971736e-05,
    4.713810994871892e-06,
    0.0003019079740624875,
    -3.82385405828245e-06,
    0.00041919067734852433,
    0.028736334294080734,
    0.02494986541569233,
    1.2732421964756213e-05,
    2.189193583035376e-05,
    0.005007830448448658,
    0.005175644997507334,
    0.0001301477022934705,
    4.4725915358867496e-05,
    0.00048688528477214277,
    0.0008288204553537071,
    0.00016108143609017134,
    0.00032492991886101663,
    0.0016565086552873254,
    0.0018412766512483358,
    0.017770376056432724,
    0.019130542874336243,
    0.003144362475723028,
    0.00394252547994256,
    0.14894239604473114,
    0.14891867339611053,
    0.038434162735939026,
    -2.140662763849832e-05,
    -2.025202047661878e-05,
    0.0005438937223516405,
    0.010269601829349995,
    0.012579518370330334,
    0.013050776906311512,
    0.012317541055381298,
    0.0
  ],
  "active_shapes": {
    "MouthSmileLeft": 0.028736334294080734,
    "MouthSmileRight": 0.02494986541569233,
    "MouthLowerDownLeft": 0.017770376056432724,
    "MouthLowerDownRight": 0.019130542874336243,
    "BrowDownLeft": 0.14894239604473114,
    "BrowDownRight": 0.14891867339611053,
    "BrowInnerUp": 0.038434162735939026,
    "CheekSquintLeft": 0.010269601829349995,
    "CheekSquintRight": 0.012579518370330334,
    "NoseSneerLeft": 0.013050776906311512,
    "NoseSneerRight": 0.012317541055381298
  },
  "packet_size": 314,
  "packet_hex_preview": "060000002464646431326362302d333463612d313166302d383166662d3734353633633437336235330000000847616c6146616365003b943bfb3d07c8000000"
}