{
  "frame_id": 168,
  "timestamp": "2025-05-19T18:04:20.546010",
  "input_values": [
    0.0,
    0.0,
    0.0,
    0.0,
    0.0,
    0.0,
    0.0,
    0.0,
    0.0,
    0.0,
    0.0,
    0.0,
    0.0,
    0.0,
    0.013370671309530735,
    0.000185984987183474,
    0.010656421072781086,
    0.06485536694526672,
    0.08096764236688614,
    0.028661470860242844,
    0.0006762872799299657,
    0.008491200394928455,
    0.0004386093351058662,
    0.06915059685707092,
    0.07834818214178085,
    -8.514684304827824e-05,
    5.773060547653586e-05,
    0.02675645798444748,
    0.026454420760273933,
    0.10006462037563324,
    0.10354146361351013,
    0.01924053020775318,
    0.015722008422017097,
    7.306929910555482e-05,
    0.001129520358517766,
    0.0002322638756595552,
    0.0006756340735591948,
    0.13518808782100677,
    0.13414442539215088,
    -0.00013942919031251222,
    7.183283742051572e-05,
    6.775721703888848e-05,
    -4.345268098404631e-05,
    0.23123127222061157,
    0.24936306476593018,
    0.2494974583387375,
    -0.0003857270930893719,
    0.03361203894019127,
    0.03628869727253914,
    -5.432713805930689e-05,
    0.0003662601811811328,
    0.0
  ],
  "active_shapes": {
    "JawForward": 0.013370671309530735,
    "JawRight": 0.010656421072781086,
    "JawOpen": 0.06485536694526672,
    "MouthClose": 0.08096764236688614,
    "MouthFunnel": 0.028661470860242844,
    "MouthSmileLeft": 0.06915059685707092,
    "MouthSmileRight": 0.07834818214178085,
    "MouthDimpleLeft": 0.02675645798444748,
    "MouthDimpleRight": 0.026454420760273933,
    "MouthStretchLeft": 0.10006462037563324,
    "MouthStretchRight": 0.10354146361351013,
    "MouthRollLower": 0.01924053020775318,
    "MouthRollUpper": 0.015722008422017097,
    "MouthLowerDownLeft": 0.13518808782100677,
    "MouthLowerDownRight": 0.13414442539215088,
    "BrowInnerUp": 0.23123127222061157,
    "BrowOuterUpLeft": 0.24936306476593018,
    "BrowOuterUpRight": 0.2494974583387375,
    "CheekSquintLeft": 0.03361203894019127,
    "CheekSquintRight": 0.03628869727253914
  },
  "packet_size": 314,
  "packet_hex_preview": "060000002464646431326362302d333463612d313166302d383166662d3734353633633437336235330000000847616c6146616365003b9090fb3d07c8000000"
}