{
  "frame_id": 485,
  "timestamp": "2025-05-19T18:04:30.834548",
  "input_values": [
    0.0,
    0.0,
    0.0,
    0.0,
    0.0,
    0.0,
    0.0,
    0.0,
    0.0,
    0.0,
    0.0,
    0.0,
    0.0,
    0.0,
    -6.888546522532124e-06,
    7.547809946117923e-05,
    0.0031407412607222795,
    0.002615130040794611,
    0.0005318362964317203,
    0.00022133978200145066,
    0.007910153828561306,
    0.00031581337680108845,
    0.0006673139287158847,
    0.02948235534131527,
    0.02327980473637581,
    2.7485977625474334e-05,
    4.1963903640862554e-05,
    0.007336471229791641,
    0.007255184464156628,
    0.002068603876978159,
    0.0017224025214090943,
    0.000241312402067706,
    0.0016186557477340102,
    0.00010728655615821481,
    0.00031350128119811416,
    0.0023309248499572277,
    0.0025977264158427715,
    0.029132965952157974,
    0.030944276601076126,
    0.0002145451435353607,
    0.0008316774037666619,
    0.20710203051567078,
    0.2069823443889618,
    0.04957527667284012,
    -3.2920790545176715e-05,
    -4.241138958605006e-05,
    0.0008998570847325027,
    0.015560349449515343,
    0.018252719193696976,
    0.008814807049930096,
    0.007283447775989771,
    0.0
  ],
  "active_shapes": {
    "MouthSmileLeft": 0.02948235534131527,
    "MouthSmileRight": 0.02327980473637581,
    "MouthLowerDownLeft": 0.029132965952157974,
    "MouthLowerDownRight": 0.030944276601076126,
    "BrowDownLeft": 0.20710203051567078,
    "BrowDownRight": 0.2069823443889618,
    "BrowInnerUp": 0.04957527667284012,
    "CheekSquintLeft": 0.015560349449515343,
    "CheekSquintRight": 0.018252719193696976
  },
  "packet_size": 314,
  "packet_hex_preview": "060000002464646431326362302d333463612d313166302d383166662d3734353633633437336235330000000847616c6146616365003b92fafb3d07c8000000"
}