{
  "frame_id": 321,
  "timestamp": "2025-05-19T18:04:25.634574",
  "input_values": [
    0.0,
    0.0,
    0.0,
    0.0,
    0.0,
    0.0,
    0.0,
    0.0,
    0.0,
    0.0,
    0.0,
    0.0,
    0.0,
    0.0,
    0.002823177259415388,
    0.00018888225895352662,
    0.02943032793700695,
    0.062252748757600784,
    -0.0002541984140407294,
    0.05894729495048523,
    0.0006720279343426228,
    7.704012205067556e-06,
    0.003659136826172471,
    0.13080790638923645,
    0.11057373881340027,
    -7.943910895846784e-05,
    -1.0419590807941859e-06,
    0.02384353242814541,
    0.02395167388021946,
    0.014457178302109241,
    0.017988890409469604,
    0.00011874528718180954,
    0.0015965094789862633,
    0.0001797824661480263,
    0.009873899631202221,
    0.008314445614814758,
    0.009636521339416504,
    0.2634117305278778,
    0.27341005206108093,
    0.10373198240995407,
    0.113132044672966,
    0.7245329022407532,
    0.7243329882621765,
    0.17252247035503387,
    3.1708590540802106e-05,
    3.050416808036971e-06,
    0.0020686942152678967,
    0.051957931369543076,
    0.0640154480934143,
    0.038029994815588,
    0.05360424146056175,
    0.0
  ],
  "active_shapes": {
    "JawRight": 0.02943032793700695,
    "JawOpen": 0.062252748757600784,
    "MouthFunnel": 0.05894729495048523,
    "MouthSmileLeft": 0.13080790638923645,
    "MouthSmileRight": 0.11057373881340027,
    "MouthDimpleLeft": 0.02384353242814541,
    "MouthDimpleRight": 0.02395167388021946,
    "MouthStretchLeft": 0.014457178302109241,
    "MouthStretchRight": 0.017988890409469604,
    "MouthLowerDownLeft": 0.2634117305278778,
    "MouthLowerDownRight": 0.27341005206108093,
    "MouthUpperUpLeft": 0.10373198240995407,
    "MouthUpperUpRight": 0.113132044672966,
    "BrowDownLeft": 0.7245329022407532,
    "BrowDownRight": 0.7243329882621765,
    "BrowInnerUp": 0.17252247035503387,
    "CheekSquintLeft": 0.051957931369543076,
    "CheekSquintRight": 0.0640154480934143,
    "NoseSneerLeft": 0.038029994815588,
    "NoseSneerRight": 0.05360424146056175
  },
  "packet_size": 314,
  "packet_hex_preview": "060000002464646431326362302d333463612d313166302d383166662d3734353633633437336235330000000847616c6146616365003b91c2fb3d07c8000000"
}