{
  "frame_id": 22,
  "timestamp": "2025-05-19T18:04:16.015673",
  "input_values": [
    0.0,
    0.0,
    0.0,
    0.0,
    0.0,
    0.0,
    0.0,
    0.0,
    0.0,
    0.0,
    0.0,
    0.0,
    0.0,
    0.0,
    0.0004520617367234081,
    7.579673547297716e-05,
    0.010613778606057167,
    0.017827048897743225,
    3.613634908106178e-05,
    0.02447882667183876,
    0.005413641221821308,
    -9.912486711982638e-05,
    0.0017912627663463354,
    0.051635585725307465,
    0.04432983323931694,
    -1.578872252139263e-05,
    -8.244363925768994e-06,
    0.006040736101567745,
    0.006000139284878969,
    -0.00015168140816967934,
    0.00021108057990204543,
    4.58536233054474e-05,
    0.0008117249235510826,
    0.005672687664628029,
    0.013571989722549915,
    0.004407109227031469,
    0.0046603200025856495,
    0.06583282351493835,
    0.0710768774151802,
    0.04429899528622627,
    0.04741397127509117,
    0.23850908875465393,
    0.23837809264659882,
    0.010333511047065258,
    -9.180732013192028e-05,
    -9.41720645641908e-05,
    -8.685827197041363e-06,
    0.026139527559280396,
    0.029204342514276505,
    0.05397402495145798,
    0.05346641689538956,
    0.0
  ],
  "active_shapes": {
    "JawRight": 0.010613778606057167,
    "JawOpen": 0.017827048897743225,
    "MouthFunnel": 0.02447882667183876,
    "MouthSmileLeft": 0.051635585725307465,
    "MouthSmileRight": 0.04432983323931694,
    "MouthShrugUpper": 0.013571989722549915,
    "MouthLowerDownLeft": 0.06583282351493835,
    "MouthLowerDownRight": 0.0710768774151802,
    "MouthUpperUpLeft": 0.04429899528622627,
    "MouthUpperUpRight": 0.04741397127509117,
    "BrowDownLeft": 0.23850908875465393,
    "BrowDownRight": 0.23837809264659882,
    "BrowInnerUp": 0.010333511047065258,
    "CheekSquintLeft": 0.026139527559280396,
    "CheekSquintRight": 0.029204342514276505,
    "NoseSneerLeft": 0.05397402495145798,
    "NoseSneerRight": 0.05346641689538956
  },
  "packet_size": 314,
  "packet_hex_preview": "060000002464646431326362302d333463612d313166302d383166662d3734353633633437336235330000000847616c6146616365003b8f80fb3d07c8000000"
}