{
  "frame_id": 284,
  "timestamp": "2025-05-19T18:04:24.618334",
  "input_values": [
    0.0,
    0.0,
    0.0,
    0.0,
    0.0,
    0.0,
    0.0,
    0.0,
    0.0,
    0.0,
    0.0,
    0.0,
    0.0,
    0.0,
    0.0036326453555375338,
    7.526943227276206e-05,
    0.008501662872731686,
    0.023434942588210106,
    0.012450771406292915,
    0.02824622020125389,
    0.004992354195564985,
    0.002003926085308194,
    0.0002276904706377536,
    5.76250531594269e-05,
    0.002132788999006152,
    3.3361982787027955e-05,
    6.601330824196339e-05,
    0.005981934256851673,
    0.005569899454712868,
    0.024567976593971252,
    0.026300227269530296,
    -5.339615199773107e-06,
    0.0017829947173595428,
    -2.2402778995456174e-05,
    8.829704893287271e-05,
    0.00030078485724516213,
    0.0005106240278109908,
    0.03783039003610611,
    0.038687948137521744,
    0.007402400486171246,
    0.007727739401161671,
    0.008474084548652172,
    0.008378406055271626,
    0.015550218522548676,
    0.0048021236434578896,
    0.004797962959855795,
    3.789431502809748e-05,
    0.00909692607820034,
    0.010523681528866291,
    -8.69092473294586e-05,
    0.00026280892780050635,
    0.0
  ],
  "active_shapes": {
    "JawOpen": 0.023434942588210106,
    "MouthClose": 0.012450771406292915,
    "MouthFunnel": 0.02824622020125389,
    "MouthStretchLeft": 0.024567976593971252,
    "MouthStretchRight": 0.026300227269530296,
    "MouthLowerDownLeft": 0.03783039003610611,
    "MouthLowerDownRight": 0.038687948137521744,
    "BrowInnerUp": 0.015550218522548676,
    "CheekSquintRight": 0.010523681528866291
  },
  "packet_size": 314,
  "packet_hex_preview": "060000002464646431326362302d333463612d313166302d383166662d3734353633633437336235330000000847616c6146616365003b9185fb3d07c8000000"
}