{
  "frame_id": 729,
  "timestamp": "2025-05-19T18:04:43.062913",
  "input_values": [
    0.0,
    0.0,
    0.0,
    0.0,
    0.0,
    0.0,
    0.0,
    0.0,
    0.0,
    0.0,
    0.0,
    0.0,
    0.0,
    0.0,
    0.004032634198665619,
    0.00018774205818772316,
    0.02341926284134388,
    0.08280480653047562,
    -0.000352200964698568,
    0.0369204580783844,
    0.0007014130242168903,
    0.0013240324333310127,
    0.003360612317919731,
    0.11094401031732559,
    0.08716501295566559,
    -2.2856611394672655e-06,
    4.219048059894703e-05,
    0.029885344207286835,
    0.028871022164821625,
    0.013690236955881119,
    0.015002047643065453,
    0.000267601921223104,
    0.004421936348080635,
    -6.894651596667245e-05,
    0.0012019453570246696,
    0.007414368912577629,
    0.008732247166335583,
    0.1963929384946823,
    0.20288364589214325,
    0.04748108983039856,
    0.05268020182847977,
    0.6726077795028687,
    0.6722890734672546,
    0.13206186890602112,
    -2.6361831260146573e-05,
    -9.994164429372177e-05,
    0.002802848583087325,
    0.052078474313020706,
    0.06091286987066269,
    0.007080544251948595,
    0.010390158742666245,
    0.0
  ],
  "active_shapes": {
    "JawRight": 0.02341926284134388,
    "JawOpen": 0.08280480653047562,
    "MouthFunnel": 0.0369204580783844,
    "MouthSmileLeft": 0.11094401031732559,
    "MouthSmileRight": 0.08716501295566559,
    "MouthDimpleLeft": 0.029885344207286835,
    "MouthDimpleRight": 0.028871022164821625,
    "MouthStretchLeft": 0.013690236955881119,
    "MouthStretchRight": 0.015002047643065453,
    "MouthLowerDownLeft": 0.1963929384946823,
    "MouthLowerDownRight": 0.20288364589214325,
    "MouthUpperUpLeft": 0.04748108983039856,
    "MouthUpperUpRight": 0.05268020182847977,
    "BrowDownLeft": 0.6726077795028687,
    "BrowDownRight": 0.6722890734672546,
    "BrowInnerUp": 0.13206186890602112,
    "CheekSquintLeft": 0.052078474313020706,
    "CheekSquintRight": 0.06091286987066269,
    "NoseSneerRight": 0.010390158742666245
  },
  "packet_size": 314,
  "packet_hex_preview": "060000002464646431326362302d333463612d313166302d383166662d3734353633633437336235330000000847616c6146616365003b95d7fb3d07c8000000"
}