{
  "frame_id": 426,
  "timestamp": "2025-05-19T18:04:29.084522",
  "input_values": [
    0.0,
    0.0,
    0.0,
    0.0,
    0.0,
    0.0,
    0.0,
    0.0,
    0.0,
    0.0,
    0.0,
    0.0,
    0.0,
    0.0,
    0.0211031511425972,
    0.00010922182991635054,
    0.016580574214458466,
    0.031993042677640915,
    8.455353963654488e-05,
    0.07880064845085144,
    0.0012420379789546132,
    0.012714698910713196,
    0.0006197572220116854,
    0.0517006516456604,
    0.04535564035177231,
    4.003034973720787e-06,
    0.00018332732724957168,
    0.01163090206682682,
    0.009365486912429333,
    0.048942990601062775,
    0.04889984801411629,
    0.0014874374028295279,
    0.005568698514252901,
    0.0001159257662948221,
    0.0023381952196359634,
    -0.0002841484092641622,
    0.0004581051762215793,
    0.12422802299261093,
    0.11931716650724411,
    0.06015424057841301,
    0.061970554292201996,
    0.00012800779950339347,
    7.226747402455658e-05,
    0.32863783836364746,
    0.2012714147567749,
    0.20158830285072327,
    0.0005054241046309471,
    0.03903450816869736,
    0.04207412898540497,
    -0.0003995324659626931,
    0.0007572572212666273,
    0.0
  ],
  "active_shapes": {
    "JawForward": 0.0211031511425972,
    "JawRight": 0.016580574214458466,
    "JawOpen": 0.031993042677640915,
    "MouthFunnel": 0.07880064845085144,
    "MouthLeft": 0.012714698910713196,
    "MouthSmileLeft": 0.0517006516456604,
    "MouthSmileRight": 0.04535564035177231,
    "MouthDimpleLeft": 0.01163090206682682,
    "MouthStretchLeft": 0.048942990601062775,
    "MouthStretchRight": 0.04889984801411629,
    "MouthLowerDownLeft": 0.12422802299261093,
    "MouthLowerDownRight": 0.11931716650724411,
    "MouthUpperUpLeft": 0.06015424057841301,
    "MouthUpperUpRight": 0.061970554292201996,
    "BrowInnerUp": 0.32863783836364746,
    "BrowOuterUpLeft": 0.2012714147567749,
    "BrowOuterUpRight": 0.20158830285072327,
    "CheekSquintLeft": 0.03903450816869736,
    "CheekSquintRight": 0.04207412898540497
  },
  "packet_size": 314,
  "packet_hex_preview": "060000002464646431326362302d333463612d313166302d383166662d3734353633633437336235330000000847616c6146616365003b9291fb3d07c8000000"
}