{
  "frame_id": 332,
  "timestamp": "2025-05-19T18:04:26.044649",
  "input_values": [
    0.0,
    0.0,
    0.0,
    0.0,
    0.0,
    0.0,
    0.0,
    0.0,
    0.0,
    0.0,
    0.0,
    0.0,
    0.0,
    0.0,
    0.016687722876667976,
    0.0001102191090467386,
    0.02268298529088497,
    0.040419623255729675,
    -6.04030501563102e-05,
    0.07199219614267349,
    0.000175825523911044,
    0.004072525538504124,
    0.0001454047014703974,
    0.0496794730424881,
    0.04027444124221802,
    6.512879190267995e-05,
    7.455320155713707e-05,
    0.009362789802253246,
    0.007898693904280663,
    0.0353764183819294,
    0.03812003135681152,
    -6.347346698021283e-06,
    0.001211757306009531,
    -9.74046197370626e-05,
    0.001583438366651535,
    0.0002341827203053981,
    0.0006943572661839426,
    0.1588117927312851,
    0.1585942804813385,
    0.07159239053726196,
    0.0712042972445488,
    9.453445272811223e-06,
    4.66098208562471e-05,
    0.19513076543807983,
    0.15447187423706055,
    0.1545892059803009,
    -0.00012293817417230457,
    0.020295916125178337,
    0.020764585584402084,
    -0.0002928116882685572,
    0.0007585595594719052,
    0.0
  ],
  "active_shapes": {
    "JawForward": 0.016687722876667976,
    "JawRight": 0.02268298529088497,
    "JawOpen": 0.040419623255729675,
    "MouthFunnel": 0.07199219614267349,
    "MouthSmileLeft": 0.0496794730424881,
    "MouthSmileRight": 0.04027444124221802,
    "MouthStretchLeft": 0.0353764183819294,
    "MouthStretchRight": 0.03812003135681152,
    "MouthLowerDownLeft": 0.1588117927312851,
    "MouthLowerDownRight": 0.1585942804813385,
    "MouthUpperUpLeft": 0.07159239053726196,
    "MouthUpperUpRight": 0.0712042972445488,
    "BrowInnerUp": 0.19513076543807983,
    "BrowOuterUpLeft": 0.15447187423706055,
    "BrowOuterUpRight": 0.1545892059803009,
    "CheekSquintLeft": 0.020295916125178337,
    "CheekSquintRight": 0.020764585584402084
  },
  "packet_size": 314,
  "packet_hex_preview": "060000002464646431326362302d333463612d313166302d383166662d3734353633633437336235330000000847616c6146616365003b91dafb3d07c8000000"
}