{
  "frame_id": 578,
  "timestamp": "2025-05-19T18:04:34.947250",
  "input_values": [
    0.0,
    0.0,
    0.0,
    0.0,
    0.0,
    0.0,
    0.0,
    0.0,
    0.0,
    0.0,
    0.0,
    0.0,
    0.0,
    0.0,
    0.0017782598733901978,
    7.554008334409446e-05,
    0.012129483744502068,
    0.027419716119766235,
    -6.481747550424188e-05,
    0.022068824619054794,
    0.00038179082912392914,
    -6.0169888456584886e-05,
    0.0014028451405465603,
    0.05817825347185135,
    0.048338621854782104,
    3.859232947434066e-06,
    2.241990114271175e-05,
    0.01003845501691103,
    0.009961019270122051,
    0.00014131309580989182,
    0.0002557096886448562,
    0.00010071838914882392,
    0.0014676552964374423,
    7.325634214794263e-06,
    0.001003430224955082,
    0.0028120086062699556,
    0.003202709136530757,
    0.0992569699883461,
    0.10548549890518188,
    0.04466087371110916,
    0.047851987183094025,
    0.3112153112888336,
    0.31115075945854187,
    0.08580334484577179,
    2.8760954592144117e-05,
    5.181729648029432e-06,
    0.0007142651593312621,
    0.02879861555993557,
    0.03237112984061241,
    0.031660281121730804,
    0.03232979029417038,
    0.0
  ],
  "active_shapes": {
    "JawRight": 0.012129483744502068,
    "JawOpen": 0.027419716119766235,
    "MouthFunnel": 0.022068824619054794,
    "MouthSmileLeft": 0.05817825347185135,
    "MouthSmileRight": 0.048338621854782104,
    "MouthDimpleLeft": 0.01003845501691103,
    "MouthLowerDownLeft": 0.0992569699883461,
    "MouthLowerDownRight": 0.10548549890518188,
    "MouthUpperUpLeft": 0.04466087371110916,
    "MouthUpperUpRight": 0.047851987183094025,
    "BrowDownLeft": 0.3112153112888336,
    "BrowDownRight": 0.31115075945854187,
    "BrowInnerUp": 0.08580334484577179,
    "CheekSquintLeft": 0.02879861555993557,
    "CheekSquintRight": 0.03237112984061241,
    "NoseSneerLeft": 0.031660281121730804,
    "NoseSneerRight": 0.03232979029417038
  },
  "packet_size": 314,
  "packet_hex_preview": "060000002464646431326362302d333463612d313166302d383166662d3734353633633437336235330000000847616c6146616365003b93f0fb3d07c8000000"
}