{
  "frame_id": 233,
  "timestamp": "2025-05-19T18:04:22.741589",
  "input_values": [
    0.0,
    0.0,
    0.0,
    0.0,
    0.0,
    0.0,
    0.0,
    0.0,
    0.0,
    0.0,
    0.0,
    0.0,
    0.0,
    0.0,
    0.001923396484926343,
    8.71434313012287e-05,
    0.0026633129455149174,
    0.006683677434921265,
    0.00039155827835202217,
    0.011632640846073627,
    0.009810592979192734,
    -6.236411718418822e-05,
    0.0006752614863216877,
    0.027909839525818825,
    0.033159077167510986,
    -7.46285222703591e-05,
    -8.465626888209954e-05,
    0.005373205523937941,
    0.005985037423670292,
    0.0004567523137666285,
    0.0005696149310097098,
    8.223725308198482e-05,
    0.0013327401829883456,
    0.0002837421779986471,
    0.0005591458757407963,
    0.002309812931343913,
    0.0024990735109895468,
    0.01904546283185482,
    0.021766770631074905,
    0.002142797689884901,
    0.004204119555652142,
    0.06323116272687912,
    0.06312438100576401,
    0.010159706696867943,
    0.0004786749486811459,
    0.0004109959118068218,
    0.00111412163823843,
    0.014130090363323689,
    0.019260991364717484,
    0.005319172982126474,
    0.006150679662823677,
    0.0
  ],
  "active_shapes": {
    "MouthFunnel": 0.011632640846073627,
    "MouthSmileLeft": 0.027909839525818825,
    "MouthSmileRight": 0.033159077167510986,
    "MouthLowerDownLeft": 0.01904546283185482,
    "MouthLowerDownRight": 0.021766770631074905,
    "BrowDownLeft": 0.06323116272687912,
    "BrowDownRight": 0.06312438100576401,
    "BrowInnerUp": 0.010159706696867943,
    "CheekSquintLeft": 0.014130090363323689,
    "CheekSquintRight": 0.019260991364717484
  },
  "packet_size": 314,
  "packet_hex_preview": "060000002464646431326362302d333463612d313166302d383166662d3734353633633437336235330000000847616c6146616365003b9114fb3d07c8000000"
}