{
  "frame_id": 512,
  "timestamp": "2025-05-19T18:04:31.857161",
  "input_values": [
    0.0,
    0.0,
    0.0,
    0.0,
    0.0,
    0.0,
    0.0,
    0.0,
    0.0,
    0.0,
    0.0,
    0.0,
    0.0,
    0.0,
    0.012090189382433891,
    7.076370093272999e-05,
    0.014861861243844032,
    0.11056284606456757,
    0.006683549378067255,
    0.06476817280054092,
    0.0001046537872753106,
    0.0006419714190997183,
    0.00015049475769046694,
    0.08341442048549652,
    0.0808299332857132,
    -3.468601789791137e-05,
    -3.6860496038571e-05,
    0.0186481811106205,
    0.018370885401964188,
    0.024466628208756447,
    0.02783229388296604,
    -0.00016086352115962654,
    0.0040311324410140514,
    -7.13136323611252e-05,
    5.155913459020667e-05,
    0.0007634780486114323,
    0.0011111869243904948,
    0.19030506908893585,
    0.18558096885681152,
    0.046237312257289886,
    0.0483454167842865,
    0.028010908514261246,
    0.028018513694405556,
    0.010999782010912895,
    0.00938270054757595,
    0.009358796291053295,
    -2.348415546293836e-05,
    0.031690604984760284,
    0.03599195182323456,
    0.016505420207977295,
    0.021249502897262573,
    0.0
  ],
  "active_shapes": {
    "JawForward": 0.012090189382433891,
    "JawRight": 0.014861861243844032,
    "JawOpen": 0.11056284606456757,
    "MouthFunnel": 0.06476817280054092,
    "MouthSmileLeft": 0.08341442048549652,
    "MouthSmileRight": 0.0808299332857132,
    "MouthDimpleLeft": 0.0186481811106205,
    "MouthDimpleRight": 0.018370885401964188,
    "MouthStretchLeft": 0.024466628208756447,
    "MouthStretchRight": 0.02783229388296604,
    "MouthLowerDownLeft": 0.19030506908893585,
    "MouthLowerDownRight": 0.18558096885681152,
    "MouthUpperUpLeft": 0.046237312257289886,
    "MouthUpperUpRight": 0.0483454167842865,
    "BrowDownLeft": 0.028010908514261246,
    "BrowDownRight": 0.028018513694405556,
    "BrowInnerUp": 0.010999782010912895,
    "CheekSquintLeft": 0.031690604984760284,
    "CheekSquintRight": 0.03599195182323456,
    "NoseSneerLeft": 0.016505420207977295,
    "NoseSneerRight": 0.021249502897262573
  },
  "packet_size": 314,
  "packet_hex_preview": "060000002464646431326362302d333463612d313166302d383166662d3734353633633437336235330000000847616c6146616365003b9337fb3d07c8000000"
}