{
  "frame_id": 133,
  "timestamp": "2025-05-19T18:04:19.640508",
  "input_values": [
    0.0,
    0.0,
    0.0,
    0.0,
    0.0,
    0.0,
    0.0,
    0.0,
    0.0,
    0.0,
    0.0,
    0.0,
    0.0,
    0.0,
    0.00912968534976244,
    0.00011195481783943251,
    0.016117693856358528,
    0.026204794645309448,
    0.00061163300415501,
    0.07699031382799149,
    0.00019083800725638866,
    0.0001260572753380984,
    0.00374399870634079,
    0.13204124569892883,
    0.13243533670902252,
    -2.824766852427274e-05,
    -0.0001517147320555523,
    0.01561794988811016,
    0.016783708706498146,
    0.02119065821170807,
    0.023490017279982567,
    0.00013709181803278625,
    0.001371284481137991,
    0.011076873168349266,
    0.02853981964290142,
    0.0029363278299570084,
    0.0035932145547121763,
    0.0892975926399231,
    0.09233147650957108,
    0.06823457777500153,
    0.07021825760602951,
    0.04182879626750946,
    0.04169775918126106,
    0.033854953944683075,
    -0.00014034955529496074,
    -0.00011283740604994819,
    -0.0005145504255779088,
    0.10576789826154709,
    0.1226779967546463,
    0.09925520420074463,
    0.11144012212753296,
    0.0
  ],
  "active_shapes": {
    "JawRight": 0.016117693856358528,
    "JawOpen": 0.026204794645309448,
    "MouthFunnel": 0.07699031382799149,
    "MouthSmileLeft": 0.13204124569892883,
    "MouthSmileRight": 0.13243533670902252,
    "MouthDimpleLeft": 0.01561794988811016,
    "MouthDimpleRight": 0.016783708706498146,
    "MouthStretchLeft": 0.02119065821170807,
    "MouthStretchRight": 0.023490017279982567,
    "MouthShrugLower": 0.011076873168349266,
    "MouthShrugUpper": 0.02853981964290142,
    "MouthLowerDownLeft": 0.0892975926399231,
    "MouthLowerDownRight": 0.09233147650957108,
    "MouthUpperUpLeft": 0.06823457777500153,
    "MouthUpperUpRight": 0.07021825760602951,
    "BrowDownLeft": 0.04182879626750946,
    "BrowDownRight": 0.04169775918126106,
    "BrowInnerUp": 0.033854953944683075,
    "CheekSquintLeft": 0.10576789826154709,
    "CheekSquintRight": 0.1226779967546463,
    "NoseSneerLeft": 0.09925520420074463,
    "NoseSneerRight": 0.11144012212753296
  },
  "packet_size": 314,
  "packet_hex_preview": "060000002464646431326362302d333463612d313166302d383166662d3734353633633437336235330000000847616c6146616365003b905afb3d07c8000000"
}