{
  "frame_id": 318,
  "timestamp": "2025-05-19T18:04:25.611135",
  "input_values": [
    0.0,
    0.0,
    0.0,
    0.0,
    0.0,
    0.0,
    0.0,
    0.0,
    0.0,
    0.0,
    0.0,
    0.0,
    0.0,
    0.0,
    0.033457864075899124,
    0.0001088823628379032,
    0.017646877095103264,
    0.10714701563119888,
    0.0001503989042248577,
    0.16131316125392914,
    7.812086550984532e-05,
    0.004926544148474932,
    -1.6589452570769936e-05,
    0.05458080396056175,
    0.05167771503329277,
    7.225631270557642e-05,
    6.91169043420814e-05,
    0.00830058567225933,
    0.006365636363625526,
    0.06356333196163177,
    0.06225133687257767,
    1.4415096302400343e-05,
    0.0040067811496555805,
    -0.00018768812878988683,
    0.0013997307978570461,
    -1.7734275388647802e-05,
    0.0005478491657413542,
    0.2816246747970581,
    0.27986055612564087,
    0.11865627765655518,
    0.11880834400653839,
    -3.873548121191561e-05,
    2.108037506332039e-06,
    0.34547561407089233,
    0.3179450035095215,
    0.31807518005371094,
    3.80258570658043e-05,
    0.04478629678487778,
    0.04547569155693054,
    0.013757897540926933,
    0.02079313062131405,
    0.0
  ],
  "active_shapes": {
    "JawForward": 0.033457864075899124,
    "JawRight": 0.017646877095103264,
    "JawOpen": 0.10714701563119888,
    "MouthFunnel": 0.16131316125392914,
    "MouthSmileLeft": 0.05458080396056175,
    "MouthSmileRight": 0.05167771503329277,
    "MouthStretchLeft": 0.06356333196163177,
    "MouthStretchRight": 0.06225133687257767,
    "MouthLowerDownLeft": 0.2816246747970581,
    "MouthLowerDownRight": 0.27986055612564087,
    "MouthUpperUpLeft": 0.11865627765655518,
    "MouthUpperUpRight": 0.11880834400653839,
    "BrowInnerUp": 0.34547561407089233,
    "BrowOuterUpLeft": 0.3179450035095215,
    "BrowOuterUpRight": 0.31807518005371094,
    "CheekSquintLeft": 0.04478629678487778,
    "CheekSquintRight": 0.04547569155693054,
    "NoseSneerLeft": 0.013757897540926933,
    "NoseSneerRight": 0.02079313062131405
  },
  "packet_size": 314,
  "packet_hex_preview": "060000002464646431326362302d333463612d313166302d383166662d3734353633633437336235330000000847616c6146616365003b91c0fb3d07c8000000"
}