{
  "frame_id": 635,
  "timestamp": "2025-05-19T18:04:38.078640",
  "input_values": [
    0.0,
    0.0,
    0.0,
    0.0,
    0.0,
    0.0,
    0.0,
    0.0,
    0.0,
    0.0,
    0.0,
    0.0,
    0.0,
    0.0,
    0.002021264284849167,
    0.0001131154058384709,
    0.006138316821306944,
    0.0004567285068333149,
    0.00019310002971906215,
    0.0011520632542669773,
    0.0004893907462246716,
    0.0010523356031626463,
    0.0005442025139927864,
    0.054275184869766235,
    0.05009005218744278,
    4.203989010420628e-05,
    3.1189130822895095e-05,
    0.010032829828560352,
    0.010455943644046783,
    0.002643076702952385,
    0.0069992635399103165,
    0.00033074908424168825,
    0.0024433431681245565,
    0.0003680917725432664,
    0.0006006181938573718,
    0.003331876127049327,
    0.0037168303970247507,
    0.02887102961540222,
    0.030705271288752556,
    0.0022616467904299498,
    0.0030786371789872646,
    0.129401296377182,
    0.12920865416526794,
    0.0006190070416778326,
    -2.99333842121996e-05,
    -3.400120112928562e-05,
    0.0005698474124073982,
    0.022799959406256676,
    0.027720674872398376,
    0.0007187247974798083,
    0.0007836272707208991,
    0.0
  ],
  "active_shapes": {
    "MouthSmileLeft": 0.054275184869766235,
    "MouthSmileRight": 0.05009005218744278,
    "MouthDimpleLeft": 0.010032829828560352,
    "MouthDimpleRight": 0.010455943644046783,
    "MouthLowerDownLeft": 0.02887102961540222,
    "MouthLowerDownRight": 0.030705271288752556,
    "BrowDownLeft": 0.129401296377182,
    "BrowDownRight": 0.12920865416526794,
    "CheekSquintLeft": 0.022799959406256676,
    "CheekSquintRight": 0.027720674872398376
  },
  "packet_size": 314,
  "packet_hex_preview": "060000002464646431326362302d333463612d313166302d383166662d3734353633633437336235330000000847616c6146616365003b94acfb3d07c8000000"
}