{
  "frame_id": 480,
  "timestamp": "2025-05-19T18:04:30.790146",
  "input_values": [
    0.0,
    0.0,
    0.0,
    0.0,
    0.0,
    0.0,
    0.0,
    0.0,
    0.0,
    0.0,
    0.0,
    0.0,
    0.0,
    0.0,
    0.009111644700169563,
    7.325359911192209e-05,
    0.0039991820231080055,
    0.006162038538604975,
    0.00489425752311945,
    0.008838245645165443,
    0.008594389073550701,
    0.005033760331571102,
    0.00021876578102819622,
    0.024250000715255737,
    0.02107306383550167,
    3.2332652608602075e-06,
    5.540606071008369e-05,
    0.0061008986085653305,
    0.004966548644006252,
    0.022447973489761353,
    0.017041131854057312,
    0.008096344769001007,
    0.003540556412190199,
    0.009585728868842125,
    0.0040260301902890205,
    0.0007691176142543554,
    0.0012041780864819884,
    0.025875017046928406,
    0.02532361075282097,
    0.005538580473512411,
    0.006191592197865248,
    -4.276949039194733e-05,
    -6.78218639222905e-05,
    0.1730615347623825,
    0.15328915417194366,
    0.1533985286951065,
    0.0010019229957833886,
    0.0237046517431736,
    0.025931965559720993,
    0.0004824858042411506,
    0.0032008602283895016,
    0.0
  ],
  "active_shapes": {
    "MouthSmileLeft": 0.024250000715255737,
    "MouthSmileRight": 0.02107306383550167,
    "MouthStretchLeft": 0.022447973489761353,
    "MouthStretchRight": 0.017041131854057312,
    "MouthLowerDownLeft": 0.025875017046928406,
    "MouthLowerDownRight": 0.02532361075282097,
    "BrowInnerUp": 0.1730615347623825,
    "BrowOuterUpLeft": 0.15328915417194366,
    "BrowOuterUpRight": 0.1533985286951065,
    "CheekSquintLeft": 0.0237046517431736,
    "CheekSquintRight": 0.025931965559720993
  },
  "packet_size": 314,
  "packet_hex_preview": "060000002464646431326362302d333463612d313166302d383166662d3734353633633437336235330000000847616c6146616365003b92f7fb3d07c8000000"
}