{
  "frame_id": 592,
  "timestamp": "2025-05-19T18:04:35.813924",
  "input_values": [
    0.0,
    0.0,
    0.0,
    0.0,
    0.0,
    0.0,
    0.0,
    0.0,
    0.0,
    0.0,
    0.0,
    0.0,
    0.0,
    0.0,
    -9.398380643688142e-05,
    7.551996532129124e-05,
    0.008781908079981804,
    0.01504751481115818,
    -7.652358908671886e-05,
    0.012728449888527393,
    0.0003141372581012547,
    0.00015178202011156827,
    0.0007671100902371109,
    0.055521197617053986,
    0.04344441741704941,
    -1.9512819562805817e-05,
    1.4769526387681253e-05,
    0.00714570889249444,
    0.00687602162361145,
    2.198711172241019e-06,
    0.00023528530437033623,
    6.208349077496678e-05,
    0.0013250201009213924,
    0.000153584944200702,
    0.003461917396634817,
    0.0038320429157465696,
    0.00418300973251462,
    0.07308343797922134,
    0.07799015939235687,
    0.03637770563364029,
    0.038442064076662064,
    0.2747111916542053,
    0.27458858489990234,
    0.016711311414837837,
    -2.5548890334903263e-05,
    -6.244951509870589e-05,
    0.0005376006592996418,
    0.0212608203291893,
    0.02303638868033886,
    0.04671651870012283,
    0.04891396686434746,
    0.0
  ],
  "active_shapes": {
    "JawOpen": 0.01504751481115818,
    "MouthFunnel": 0.012728449888527393,
    "MouthSmileLeft": 0.055521197617053986,
    "MouthSmileRight": 0.04344441741704941,
    "MouthLowerDownLeft": 0.07308343797922134,
    "MouthLowerDownRight": 0.07799015939235687,
    "MouthUpperUpLeft": 0.03637770563364029,
    "MouthUpperUpRight": 0.038442064076662064,
    "BrowDownLeft": 0.2747111916542053,
    "BrowDownRight": 0.27458858489990234,
    "BrowInnerUp": 0.016711311414837837,
    "CheekSquintLeft": 0.0212608203291893,
    "CheekSquintRight": 0.02303638868033886,
    "NoseSneerLeft": 0.04671651870012283,
    "NoseSneerRight": 0.04891396686434746
  },
  "packet_size": 314,
  "packet_hex_preview": "060000002464646431326362302d333463612d313166302d383166662d3734353633633437336235330000000847616c6146616365003b9424fb3d07c8000000"
}