{
  "frame_id": 620,
  "timestamp": "2025-05-19T18:04:37.329114",
  "input_values": [
    0.0,
    0.0,
    0.0,
    0.0,
    0.0,
    0.0,
    0.0,
    0.0,
    0.0,
    0.0,
    0.0,
    0.0,
    0.0,
    0.0,
    0.0029333047568798065,
    7.60625844122842e-05,
    0.007552510593086481,
    0.009969593957066536,
    0.0014238100266084075,
    -0.00039769787690602243,
    0.007305016275495291,
    6.81768506183289e-05,
    0.0024582957848906517,
    0.04516357183456421,
    0.03974834457039833,
    8.255671673396137e-06,
    2.892930126563442e-07,
    0.010299041867256165,
    0.010527481324970722,
    0.00023971463087946177,
    0.00033283571247011423,
    0.0006998680764809251,
    0.0013550411676988006,
    0.002339535392820835,
    0.0027191806584596634,
    0.005059435963630676,
    0.005588889587670565,
    0.026442233473062515,
    0.02745150588452816,
    0.0037511889822781086,
    0.004112530034035444,
    0.26029467582702637,
    0.2602171301841736,
    0.047903671860694885,
    -0.000128577186842449,
    -0.0001380234316457063,
    0.0011075189104303718,
    0.02521284483373165,
    0.030751850455999374,
    0.02739124558866024,
    0.030050402507185936,
    0.0
  ],
  "active_shapes": {
    "MouthSmileLeft": 0.04516357183456421,
    "MouthSmileRight": 0.03974834457039833,
    "MouthDimpleLeft": 0.010299041867256165,
    "MouthDimpleRight": 0.010527481324970722,
    "MouthLowerDownLeft": 0.026442233473062515,
    "MouthLowerDownRight": 0.02745150588452816,
    "BrowDownLeft": 0.26029467582702637,
    "BrowDownRight": 0.2602171301841736,
    "BrowInnerUp": 0.047903671860694885,
    "CheekSquintLeft": 0.02521284483373165,
    "CheekSquintRight": 0.030751850455999374,
    "NoseSneerLeft": 0.02739124558866024,
    "NoseSneerRight": 0.030050402507185936
  },
  "packet_size": 314,
  "packet_hex_preview": "060000002464646431326362302d333463612d313166302d383166662d3734353633633437336235330000000847616c6146616365003b947ffb3d07c8000000"
}