{
  "frame_id": 356,
  "timestamp": "2025-05-19T18:04:26.816915",
  "input_values": [
    0.0,
    0.0,
    0.0,
    0.0,
    0.0,
    0.0,
    0.0,
    0.0,
    0.0,
    0.0,
    0.0,
    0.0,
    0.0,
    0.0,
    0.0002737930044531822,
    3.7830086512258276e-05,
    0.0018385520670562983,
    0.008503919467329979,
    0.0007568600121885538,
    0.004720180295407772,
    0.006914208177477121,
    0.0003975051804445684,
    0.0002494067302905023,
    0.02449783869087696,
    0.019391130656003952,
    -2.2945050659473054e-06,
    1.2649284144572448e-05,
    0.004203784745186567,
    0.004059546627104282,
    -2.2766514575778274e-06,
    8.7165848526638e-05,
    7.331246160902083e-05,
    0.0013025305233895779,
    0.000899621460121125,
    0.0009403115836903453,
    0.0017816221807152033,
    0.0020055491477251053,
    0.029546748846769333,
    0.030590787529945374,
    0.010586642660200596,
    0.011334368959069252,
    0.12472553551197052,
    0.12466366589069366,
    0.0005191277014091611,
    -3.480575105641037e-05,
    -3.89600099879317e-05,
    0.000220909045310691,
    0.012121403589844704,
    0.013658705167472363,
    0.031725428998470306,
    0.03219103440642357,
    0.0
  ],
  "active_shapes": {
    "MouthSmileLeft": 0.02449783869087696,
    "MouthSmileRight": 0.019391130656003952,
    "MouthLowerDownLeft": 0.029546748846769333,
    "MouthLowerDownRight": 0.030590787529945374,
    "MouthUpperUpLeft": 0.010586642660200596,
    "MouthUpperUpRight": 0.011334368959069252,
    "BrowDownLeft": 0.12472553551197052,
    "BrowDownRight": 0.12466366589069366,
    "CheekSquintLeft": 0.012121403589844704,
    "CheekSquintRight": 0.013658705167472363,
    "NoseSneerLeft": 0.031725428998470306,
    "NoseSneerRight": 0.03219103440642357
  },
  "packet_size": 314,
  "packet_hex_preview": "060000002464646431326362302d333463612d313166302d383166662d3734353633633437336235330000000847616c6146616365003b9208fb3d07c8000000"
}