{
  "frame_id": 437,
  "timestamp": "2025-05-19T18:04:29.440345",
  "input_values": [
    0.0,
    0.0,
    0.0,
    0.0,
    0.0,
    0.0,
    0.0,
    0.0,
    0.0,
    0.0,
    0.0,
    0.0,
    0.0,
    0.0,
    0.0007717268890701234,
    3.777989695663564e-05,
    0.005715073551982641,
    0.01369951106607914,
    -1.4534613001160324e-05,
    0.011078428477048874,
    0.0001410692639183253,
    4.837527376366779e-05,
    0.0005102221039123833,
    0.02726876176893711,
    0.022316351532936096,
    4.432713467394933e-06,
    1.3059237744528218e-06,
    0.005954141262918711,
    0.005838087294250727,
    0.0011518481187522411,
    0.0007098345668055117,
    0.00010226362792309374,
    0.0007432307465933263,
    6.501864118035883e-05,
    0.002295518759638071,
    0.0014922867994755507,
    0.0017867584247142076,
    0.05269112437963486,
    0.055100828409194946,
    0.023119797930121422,
    0.02513355389237404,
    0.15935859084129333,
    0.15933941304683685,
    0.02761017344892025,
    -2.6613211957737803e-05,
    -3.685215051518753e-05,
    0.00033298187190666795,
    0.012509988620877266,
    0.015213541686534882,
    0.017270036041736603,
    0.02011026069521904,
    0.0
  ],
  "active_shapes": {
    "JawOpen": 0.01369951106607914,
    "MouthFunnel": 0.011078428477048874,
    "MouthSmileLeft": 0.02726876176893711,
    "MouthSmileRight": 0.022316351532936096,
    "MouthLowerDownLeft": 0.05269112437963486,
    "MouthLowerDownRight": 0.055100828409194946,
    "MouthUpperUpLeft": 0.023119797930121422,
    "MouthUpperUpRight": 0.02513355389237404,
    "BrowDownLeft": 0.15935859084129333,
    "BrowDownRight": 0.15933941304683685,
    "BrowInnerUp": 0.02761017344892025,
    "CheekSquintLeft": 0.012509988620877266,
    "CheekSquintRight": 0.015213541686534882,
    "NoseSneerLeft": 0.017270036041736603,
    "NoseSneerRight": 0.02011026069521904
  },
  "packet_size": 314,
  "packet_hex_preview": "060000002464646431326362302d333463612d313166302d383166662d3734353633633437336235330000000847616c6146616365003b92a6fb3d07c8000000"
}