{
  "frame_id": 453,
  "timestamp": "2025-05-19T18:04:29.898585",
  "input_values": [
    0.0,
    0.0,
    0.0,
    0.0,
    0.0,
    0.0,
    0.0,
    0.0,
    0.0,
    0.0,
    0.0,
    0.0,
    0.0,
    0.0,
    -5.3101575758773834e-05,
    7.802107575116679e-05,
    0.0007711214711889625,
    0.0018510933732613921,
    0.0020559884142130613,
    0.00011006458953488618,
    0.013397706672549248,
    0.0001667418982833624,
    0.002085450803861022,
    0.01842314936220646,
    0.018734760582447052,
    -3.5078694054391235e-05,
    4.779310984304175e-06,
    0.006566296331584454,
    0.00662290770560503,
    0.002330527873709798,
    0.0017515631625428796,
    0.0019728976767510176,
    0.0015791093464940786,
    0.00022135209292173386,
    0.0004340786545071751,
    0.0031492270063608885,
    0.0035660092253237963,
    0.014433413743972778,
    0.01600860245525837,
    -0.0002687653177417815,
    0.00022649038874078542,
    0.24116627871990204,
    0.24105148017406464,
    0.0789296105504036,
    -7.303328311536461e-05,
    -9.00779414223507e-05,
    0.0020877777133136988,
    0.014479542151093483,
    0.0177210234105587,
    0.0038059919606894255,
    0.004874594509601593,
    0.0
  ],
  "active_shapes": {
    "MouthPucker": 0.013397706672549248,
    "MouthSmileLeft": 0.01842314936220646,
    "MouthSmileRight": 0.018734760582447052,
    "MouthLowerDownLeft": 0.014433413743972778,
    "MouthLowerDownRight": 0.01600860245525837,
    "BrowDownLeft": 0.24116627871990204,
    "BrowDownRight": 0.24105148017406464,
    "BrowInnerUp": 0.0789296105504036,
    "CheekSquintLeft": 0.014479542151093483,
    "CheekSquintRight": 0.0177210234105587
  },
  "packet_size": 314,
  "packet_hex_preview": "060000002464646431326362302d333463612d313166302d383166662d3734353633633437336235330000000847616c6146616365003b92c1fb3d07c8000000"
}