{
  "frame_id": 364,
  "timestamp": "2025-05-19T18:04:26.884370",
  "input_values": [
    0.0,
    0.0,
    0.0,
    0.0,
    0.0,
    0.0,
    0.0,
    0.0,
    0.0,
    0.0,
    0.0,
    0.0,
    0.0,
    0.0,
    0.008331376127898693,
    0.00018882722361013293,
    0.02942667528986931,
    0.13054746389389038,
    0.00038004328962415457,
    0.12673461437225342,
    0.016817206516861916,
    0.0023487010039389133,
    0.004165782127529383,
    0.12944574654102325,
    0.10640280693769455,
    7.967370765982196e-05,
    -1.82933308678912e-05,
    0.020124562084674835,
    0.019211545586586,
    0.008178702555596828,
    0.014949469827115536,
    -3.762988490052521e-05,
    0.005323606543242931,
    0.004796712193638086,
    0.02208002097904682,
    0.007931863889098167,
    0.008963651955127716,
    0.2704162001609802,
    0.2844165563583374,
    0.1358201652765274,
    0.14715762436389923,
    0.5652977824211121,
    0.5650479197502136,
    0.0013796001439914107,
    -1.1730082405847497e-05,
    5.875527904208866e-07,
    -0.0005099425907246768,
    0.06659267842769623,
    0.07688027620315552,
    0.13080407679080963,
    0.14318189024925232,
    0.0
  ],
  "active_shapes": {
    "JawRight": 0.02942667528986931,
    "JawOpen": 0.13054746389389038,
    "MouthFunnel": 0.12673461437225342,
    "MouthPucker": 0.016817206516861916,
    "MouthSmileLeft": 0.12944574654102325,
    "MouthSmileRight": 0.10640280693769455,
    "MouthDimpleLeft": 0.020124562084674835,
    "MouthDimpleRight": 0.019211545586586,
    "MouthStretchRight": 0.014949469827115536,
    "MouthShrugUpper": 0.02208002097904682,
    "MouthLowerDownLeft": 0.2704162001609802,
    "MouthLowerDownRight": 0.2844165563583374,
    "MouthUpperUpLeft": 0.1358201652765274,
    "MouthUpperUpRight": 0.14715762436389923,
    "BrowDownLeft": 0.5652977824211121,
    "BrowDownRight": 0.5650479197502136,
    "CheekSquintLeft": 0.06659267842769623,
    "CheekSquintRight": 0.07688027620315552,
    "NoseSneerLeft": 0.13080407679080963,
    "NoseSneerRight": 0.14318189024925232
  },
  "packet_size": 314,
  "packet_hex_preview": "060000002464646431326362302d333463612d313166302d383166662d3734353633633437336235330000000847616c6146616365003b920dfb3d07c8000000"
}