{
  "frame_id": 382,
  "timestamp": "2025-05-19T18:04:27.633840",
  "input_values": [
    0.0,
    0.0,
    0.0,
    0.0,
    0.0,
    0.0,
    0.0,
    0.0,
    0.0,
    0.0,
    0.0,
    0.0,
    0.0,
    0.0,
    0.0012195297749713063,
    8.314104343298823e-05,
    0.005541657097637653,
    0.03290465101599693,
    0.0059837037697434425,
    0.02519291639328003,
    0.019891072064638138,
    0.0010826048674061894,
    0.0003048604412470013,
    0.030144106596708298,
    0.02006632462143898,
    -3.216092591173947e-05,
    1.980397428269498e-05,
    0.006646322552114725,
    0.006065247114747763,
    0.000292198674287647,
    0.0003172302676830441,
    -2.259909342683386e-05,
    0.0024548887740820646,
    8.567808254156262e-05,
    0.0002999481512233615,
    0.002669185632839799,
    0.002910805633291602,
    0.046136531978845596,
    0.05113427713513374,
    0.009747061878442764,
    0.010352451354265213,
    0.20990630984306335,
    0.2098260372877121,
    0.018818175420165062,
    -0.00010014433792093769,
    -0.00010505062527954578,
    0.0007581539102829993,
    0.017218781635165215,
    0.019440332427620888,
    0.016295235604047775,
    0.014733130112290382,
    0.0
  ],
  "active_shapes": {
    "JawOpen": 0.03290465101599693,
    "MouthFunnel": 0.02519291639328003,
    "MouthPucker": 0.019891072064638138,
    "MouthSmileLeft": 0.030144106596708298,
    "MouthSmileRight": 0.02006632462143898,
    "MouthLowerDownLeft": 0.046136531978845596,
    "MouthLowerDownRight": 0.05113427713513374,
    "MouthUpperUpRight": 0.010352451354265213,
    "BrowDownLeft": 0.20990630984306335,
    "BrowDownRight": 0.2098260372877121,
    "BrowInnerUp": 0.018818175420165062,
    "CheekSquintLeft": 0.017218781635165215,
    "CheekSquintRight": 0.019440332427620888,
    "NoseSneerLeft": 0.016295235604047775,
    "NoseSneerRight": 0.014733130112290382
  },
  "packet_size": 314,
  "packet_hex_preview": "060000002464646431326362302d333463612d313166302d383166662d3734353633633437336235330000000847616c6146616365003b923afb3d07c8000000"
}