{
  "frame_id": 543,
  "timestamp": "2025-05-19T18:04:33.105292",
  "input_values": [
    0.0,
    0.0,
    0.0,
    0.0,
    0.0,
    0.0,
    0.0,
    0.0,
    0.0,
    0.0,
    0.0,
    0.0,
    0.0,
    0.0,
    0.004189422819763422,
    7.5289819505997e-05,
    0.012915538623929024,
    0.020439065992832184,
    0.005189507268369198,
    0.02642137184739113,
    0.0023111351765692234,
    0.0006920018931850791,
    0.0014517230447381735,
    0.021088581532239914,
    0.025097930803894997,
    -1.7126250895671546e-05,
    1.8174381693825126e-05,
    0.006427987013012171,
    0.006655395962297916,
    0.013594210147857666,
    0.019239025190472603,
    4.6459508666885085e-06,
    0.0015361139085143805,
    -4.6908990043448284e-05,
    4.910914503852837e-05,
    0.0005510455812327564,
    0.0005718923639506102,
    0.040374889969825745,
    0.04350925236940384,
    0.01439131610095501,
    0.015185845084488392,
    0.03561241179704666,
    0.035548675805330276,
    0.02075522392988205,
    0.014822368510067463,
    0.014812874607741833,
    6.047509305062704e-05,
    0.013744530268013477,
    0.016155719757080078,
    0.0023643842432647943,
    0.0024926732294261456,
    0.0
  ],
  "active_shapes": {
    "JawRight": 0.012915538623929024,
    "JawOpen": 0.020439065992832184,
    "MouthFunnel": 0.02642137184739113,
    "MouthSmileLeft": 0.021088581532239914,
    "MouthSmileRight": 0.025097930803894997,
    "MouthStretchLeft": 0.013594210147857666,
    "MouthStretchRight": 0.019239025190472603,
    "MouthLowerDownLeft": 0.040374889969825745,
    "MouthLowerDownRight": 0.04350925236940384,
    "MouthUpperUpLeft": 0.01439131610095501,
    "MouthUpperUpRight": 0.015185845084488392,
    "BrowDownLeft": 0.03561241179704666,
    "BrowDownRight": 0.035548675805330276,
    "BrowInnerUp": 0.02075522392988205,
    "BrowOuterUpLeft": 0.014822368510067463,
    "BrowOuterUpRight": 0.014812874607741833,
    "CheekSquintLeft": 0.013744530268013477,
    "CheekSquintRight": 0.016155719757080078
  },
  "packet_size": 314,
  "packet_hex_preview": "060000002464646431326362302d333463612d313166302d383166662d3734353633633437336235330000000847616c6146616365003b9382fb3d07c8000000"
}