{
  "frame_id": 528,
  "timestamp": "2025-05-19T18:04:32.350828",
  "input_values": [
    0.0,
    0.0,
    0.0,
    0.0,
    0.0,
    0.0,
    0.0,
    0.0,
    0.0,
    0.0,
    0.0,
    0.0,
    0.0,
    0.0,
    0.0012071733362972736,
    0.00011342861398588866,
    0.009731181897222996,
    0.03181346878409386,
    0.0005887487786822021,
    0.033844731748104095,
    0.000604775152169168,
    0.0005365452379919589,
    0.0007707438780926168,
    0.06642996519804001,
    0.05372406169772148,
    1.752661546561285e-06,
    -7.056039976305328e-06,
    0.0118186566978693,
    0.01198034267872572,
    0.004740903154015541,
    0.006535931956022978,
    0.00018530292436480522,
    0.003101854817941785,
    0.00012588605750352144,
    0.00037810124922543764,
    0.0033903969451785088,
    0.00362206157296896,
    0.11047295480966568,
    0.11461397260427475,
    0.029796326532959938,
    0.03293479233980179,
    0.24009820818901062,
    0.23990623652935028,
    0.010507085360586643,
    -6.928174843778834e-05,
    -9.110221435548738e-05,
    0.00013672735076397657,
    0.0310601145029068,
    0.035067152231931686,
    0.022398537024855614,
    0.01924768090248108,
    0.0
  ],
  "active_shapes": {
    "JawOpen": 0.03181346878409386,
    "MouthFunnel": 0.033844731748104095,
    "MouthSmileLeft": 0.06642996519804001,
    "MouthSmileRight": 0.05372406169772148,
    "MouthDimpleLeft": 0.0118186566978693,
    "MouthDimpleRight": 0.01198034267872572,
    "MouthLowerDownLeft": 0.11047295480966568,
    "MouthLowerDownRight": 0.11461397260427475,
    "MouthUpperUpLeft": 0.029796326532959938,
    "MouthUpperUpRight": 0.03293479233980179,
    "BrowDownLeft": 0.24009820818901062,
    "BrowDownRight": 0.23990623652935028,
    "BrowInnerUp": 0.010507085360586643,
    "CheekSquintLeft": 0.0310601145029068,
    "CheekSquintRight": 0.035067152231931686,
    "NoseSneerLeft": 0.022398537024855614,
    "NoseSneerRight": 0.01924768090248108
  },
  "packet_size": 314,
  "packet_hex_preview": "060000002464646431326362302d333463612d313166302d383166662d3734353633633437336235330000000847616c6146616365003b9355fb3d07c8000000"
}