{
  "frame_id": 599,
  "timestamp": "2025-05-19T18:04:36.201561",
  "input_values": [
    0.0,
    0.0,
    0.0,
    0.0,
    0.0,
    0.0,
    0.0,
    0.0,
    0.0,
    0.0,
    0.0,
    0.0,
    0.0,
    0.0,
    -8.344474917976186e-05,
    7.606034341733903e-05,
    0.003463673172518611,
    0.0014820040669292212,
    5.780406718258746e-05,
    0.0002478036913089454,
    0.0005664703203365207,
    7.93729668657761e-06,
    0.0009575803996995091,
    0.0591917410492897,
    0.051136188209056854,
    6.958674930501729e-06,
    3.731796095962636e-05,
    0.010244475677609444,
    0.01064677257090807,
    0.0002540225978009403,
    8.57067498145625e-05,
    0.00045245923683978617,
    0.0015814490616321564,
    0.00022933648142497987,
    0.001218403223901987,
    0.0031970548443496227,
    0.003590221982449293,
    0.04812266677618027,
    0.051840297877788544,
    0.014129425399005413,
    0.016519319266080856,
    0.3001948595046997,
    0.3001469373703003,
    0.07685045897960663,
    -4.3976262531941757e-05,
    -4.2129096982534975e-05,
    0.0009872422087937593,
    0.02176949754357338,
    0.0269344262778759,
    0.025272080674767494,
    0.025062480941414833,
    0.0
  ],
  "active_shapes": {
    "MouthSmileLeft": 0.0591917410492897,
    "MouthSmileRight": 0.051136188209056854,
    "MouthDimpleLeft": 0.010244475677609444,
    "MouthDimpleRight": 0.01064677257090807,
    "MouthLowerDownLeft": 0.04812266677618027,
    "MouthLowerDownRight": 0.051840297877788544,
    "MouthUpperUpLeft": 0.014129425399005413,
    "MouthUpperUpRight": 0.016519319266080856,
    "BrowDownLeft": 0.3001948595046997,
    "BrowDownRight": 0.3001469373703003,
    "BrowInnerUp": 0.07685045897960663,
    "CheekSquintLeft": 0.02176949754357338,
    "CheekSquintRight": 0.0269344262778759,
    "NoseSneerLeft": 0.025272080674767494,
    "NoseSneerRight": 0.025062480941414833
  },
  "packet_size": 314,
  "packet_hex_preview": "060000002464646431326362302d333463612d313166302d383166662d3734353633633437336235330000000847616c6146616365003b943cfb3d07c8000000"
}