{
  "frame_id": 363,
  "timestamp": "2025-05-19T18:04:26.875222",
  "input_values": [
    0.0,
    0.0,
    0.0,
    0.0,
    0.0,
    0.0,
    0.0,
    0.0,
    0.0,
    0.0,
    0.0,
    0.0,
    0.0,
    0.0,
    0.008740955963730812,
    0.00016958260675892234,
    0.0039841486141085625,
    0.0818810686469078,
    0.030749158933758736,
    0.1260724514722824,
    0.06429852545261383,
    0.007963268086314201,
    0.0010786795755848289,
    0.018072238191962242,
    0.02355899102985859,
    0.0025452077388763428,
    0.0013313883682712913,
    0.008539298549294472,
    0.00771337328478694,
    0.03966309875249863,
    0.04143615812063217,
    0.0001910609134938568,
    0.008017577230930328,
    0.0004618632374331355,
    -9.358066745335236e-05,
    0.0014714550925418735,
    0.0019130520522594452,
    0.14121197164058685,
    0.13450026512145996,
    0.013593774288892746,
    0.017072070389986038,
    0.09643539786338806,
    0.09646309912204742,
    0.08585815131664276,
    0.05184776335954666,
    0.05194876715540886,
    0.0027304559480398893,
    0.03151855617761612,
    0.04023129120469093,
    -0.000424703088356182,
    0.00031538045732304454,
    0.0
  ],
  "active_shapes": {
    "JawOpen": 0.0818810686469078,
    "MouthClose": 0.030749158933758736,
    "MouthFunnel": 0.1260724514722824,
    "MouthPucker": 0.06429852545261383,
    "MouthSmileLeft": 0.018072238191962242,
    "MouthSmileRight": 0.02355899102985859,
    "MouthStretchLeft": 0.03966309875249863,
    "MouthStretchRight": 0.04143615812063217,
    "MouthLowerDownLeft": 0.14121197164058685,
    "MouthLowerDownRight": 0.13450026512145996,
    "MouthUpperUpLeft": 0.013593774288892746,
    "MouthUpperUpRight": 0.017072070389986038,
    "BrowDownLeft": 0.09643539786338806,
    "BrowDownRight": 0.09646309912204742,
    "BrowInnerUp": 0.08585815131664276,
    "BrowOuterUpLeft": 0.05184776335954666,
    "BrowOuterUpRight": 0.05194876715540886,
    "CheekSquintLeft": 0.03151855617761612,
    "CheekSquintRight": 0.04023129120469093
  },
  "packet_size": 314,
  "packet_hex_preview": "060000002464646431326362302d333463612d313166302d383166662d3734353633633437336235330000000847616c6146616365003b920cfb3d07c8000000"
}