{
  "frame_id": 278,
  "timestamp": "2025-05-19T18:04:24.273530",
  "input_values": [
    0.0,
    0.0,
    0.0,
    0.0,
    0.0,
    0.0,
    0.0,
    0.0,
    0.0,
    0.0,
    0.0,
    0.0,
    0.0,
    0.0,
    0.0007890405249781907,
    0.00011365724640199915,
    0.0039327433332800865,
    0.01138199120759964,
    0.000304721063002944,
    0.0004502070660237223,
    0.012289280071854591,
    0.00013309271889738739,
    0.0021163804922252893,
    0.050300005823373795,
    0.03762214258313179,
    5.236183278611861e-05,
    9.963651245925575e-05,
    0.012026768177747726,
    0.012147963978350163,
    0.003842403180897236,
    0.0010988160502165556,
    0.0003566071973182261,
    0.0016148369759321213,
    0.00041929076542146504,
    0.0008979180129244924,
    0.0043289437890052795,
    0.00501885823905468,
    0.055226102471351624,
    0.05918093025684357,
    0.003211856121197343,
    0.005061023868620396,
    0.4604717791080475,
    0.46035128831863403,
    0.14547155797481537,
    -3.629140564953559e-06,
    -1.69001523318002e-05,
    0.0022213987540453672,
    0.02637990564107895,
    0.033442478626966476,
    0.017923301085829735,
    0.021208520978689194,
    0.0
  ],
  "active_shapes": {
    "JawOpen": 0.01138199120759964,
    "MouthPucker": 0.012289280071854591,
    "MouthSmileLeft": 0.050300005823373795,
    "MouthSmileRight": 0.03762214258313179,
    "MouthDimpleLeft": 0.012026768177747726,
    "MouthDimpleRight": 0.012147963978350163,
    "MouthLowerDownLeft": 0.055226102471351624,
    "MouthLowerDownRight": 0.05918093025684357,
    "BrowDownLeft": 0.4604717791080475,
    "BrowDownRight": 0.46035128831863403,
    "BrowInnerUp": 0.14547155797481537,
    "CheekSquintLeft": 0.02637990564107895,
    "CheekSquintRight": 0.033442478626966476,
    "NoseSneerLeft": 0.017923301085829735,
    "NoseSneerRight": 0.021208520978689194
  },
  "packet_size": 314,
  "packet_hex_preview": "060000002464646431326362302d333463612d313166302d383166662d3734353633633437336235330000000847616c6146616365003b9170fb3d07c8000000"
}