{
  "frame_id": 217,
  "timestamp": "2025-05-19T18:04:22.258508",
  "input_values": [
    0.0,
    0.0,
    0.0,
    0.0,
    0.0,
    0.0,
    0.0,
    0.0,
    0.0,
    0.0,
    0.0,
    0.0,
    0.0,
    0.0,
    0.0004499414062593132,
    0.0001124661139328964,
    0.014420085586607456,
    0.02498270757496357,
    -0.00022113318846095353,
    0.04140090197324753,
    0.004080991260707378,
    0.0002858565712813288,
    0.0026674438267946243,
    0.06876491755247116,
    0.05169469863176346,
    -3.885866317432374e-05,
    5.0665094022406265e-05,
    0.013611703179776669,
    0.013106855563819408,
    0.008994697593152523,
    0.00914832390844822,
    0.00010300094436388463,
    0.0012278929352760315,
    0.0015929038636386395,
    0.011913945898413658,
    0.004659844562411308,
    0.005691806320101023,
    0.09771770983934402,
    0.10372592508792877,
    0.06069508567452431,
    0.06653164327144623,
    0.4854987859725952,
    0.4853982627391815,
    0.16576865315437317,
    2.859169944713358e-05,
    4.4638213694270235e-06,
    0.0017212328966706991,
    0.03807280957698822,
    0.045880697667598724,
    0.04215779900550842,
    0.05572422593832016,
    0.0
  ],
  "active_shapes": {
    "JawRight": 0.014420085586607456,
    "JawOpen": 0.02498270757496357,
    "MouthFunnel": 0.04140090197324753,
    "MouthSmileLeft": 0.06876491755247116,
    "MouthSmileRight": 0.05169469863176346,
    "MouthDimpleLeft": 0.013611703179776669,
    "MouthDimpleRight": 0.013106855563819408,
    "MouthShrugUpper": 0.011913945898413658,
    "MouthLowerDownLeft": 0.09771770983934402,
    "MouthLowerDownRight": 0.10372592508792877,
    "MouthUpperUpLeft": 0.06069508567452431,
    "MouthUpperUpRight": 0.06653164327144623,
    "BrowDownLeft": 0.4854987859725952,
    "BrowDownRight": 0.4853982627391815,
    "BrowInnerUp": 0.16576865315437317,
    "CheekSquintLeft": 0.03807280957698822,
    "CheekSquintRight": 0.045880697667598724,
    "NoseSneerLeft": 0.04215779900550842,
    "NoseSneerRight": 0.05572422593832016
  },
  "packet_size": 314,
  "packet_hex_preview": "060000002464646431326362302d333463612d313166302d383166662d3734353633633437336235330000000847616c6146616365003b90f7fb3d07c8000000"
}