{
  "frame_id": 517,
  "timestamp": "2025-05-19T18:04:31.898180",
  "input_values": [
    0.0,
    0.0,
    0.0,
    0.0,
    0.0,
    0.0,
    0.0,
    0.0,
    0.0,
    0.0,
    0.0,
    0.0,
    0.0,
    0.0,
    0.0036238995380699635,
    0.00018777110381051898,
    0.0365169383585453,
    0.07884379476308823,
    -0.00028907012892886996,
    0.07334893941879272,
    0.0006058322032913566,
    0.0008676257566548884,
    0.004740472882986069,
    0.11607912927865982,
    0.08410325646400452,
    -1.9025923393201083e-05,
    9.717755165183917e-05,
    0.027476241812109947,
    0.02566634677350521,
    0.02890373393893242,
    0.03541038930416107,
    0.00020720096654258668,
    0.0023677817080169916,
    -8.545134187443182e-05,
    0.0068558077327907085,
    0.007183121982961893,
    0.008634202182292938,
    0.2560383379459381,
    0.27088862657546997,
    0.0956425592303276,
    0.10493788868188858,
    0.7942796349525452,
    0.7940232157707214,
    0.15250270068645477,
    -2.1853335056221113e-05,
    -0.00016233339556492865,
    0.002632586983963847,
    0.04361780732870102,
    0.05408209189772606,
    0.025950824841856956,
    0.0420854389667511,
    0.0
  ],
  "active_shapes": {
    "JawRight": 0.0365169383585453,
    "JawOpen": 0.07884379476308823,
    "MouthFunnel": 0.07334893941879272,
    "MouthSmileLeft": 0.11607912927865982,
    "MouthSmileRight": 0.08410325646400452,
    "MouthDimpleLeft": 0.027476241812109947,
    "MouthDimpleRight": 0.02566634677350521,
    "MouthStretchLeft": 0.02890373393893242,
    "MouthStretchRight": 0.03541038930416107,
    "MouthLowerDownLeft": 0.2560383379459381,
    "MouthLowerDownRight": 0.27088862657546997,
    "MouthUpperUpLeft": 0.0956425592303276,
    "MouthUpperUpRight": 0.10493788868188858,
    "BrowDownLeft": 0.7942796349525452,
    "BrowDownRight": 0.7940232157707214,
    "BrowInnerUp": 0.15250270068645477,
    "CheekSquintLeft": 0.04361780732870102,
    "CheekSquintRight": 0.05408209189772606,
    "NoseSneerLeft": 0.025950824841856956,
    "NoseSneerRight": 0.0420854389667511
  },
  "packet_size": 314,
  "packet_hex_preview": "060000002464646431326362302d333463612d313166302d383166662d3734353633633437336235330000000847616c6146616365003b9339fb3d07c8000000"
}