{
  "frame_id": 221,
  "timestamp": "2025-05-19T18:04:22.292219",
  "input_values": [
    0.0,
    0.0,
    0.0,
    0.0,
    0.0,
    0.0,
    0.0,
    0.0,
    0.0,
    0.0,
    0.0,
    0.0,
    0.0,
    0.0,
    0.0024458838161081076,
    0.00018730066949501634,
    0.030420027673244476,
    0.1014106497168541,
    -0.0004071075818501413,
    0.12406400591135025,
    0.0008846388664096594,
    0.0004972633323632181,
    0.004992786794900894,
    0.11493377387523651,
    0.08898214995861053,
    -5.257946395431645e-05,
    3.146164453937672e-05,
    0.02507130801677704,
    0.023587916046380997,
    0.028855103999376297,
    0.029151208698749542,
    5.975456952000968e-05,
    0.0021144321653991938,
    0.000498610083013773,
    0.024714138358831406,
    0.007193175610154867,
    0.009013211354613304,
    0.27017343044281006,
    0.28237128257751465,
    0.1560288667678833,
    0.17212118208408356,
    0.8125841021537781,
    0.812455952167511,
    0.25229930877685547,
    2.0835512259509414e-05,
    -5.7741552154766396e-05,
    0.0024912769440561533,
    0.061383605003356934,
    0.07512149214744568,
    0.07844354957342148,
    0.10535287857055664,
    0.0
  ],
  "active_shapes": {
    "JawRight": 0.030420027673244476,
    "JawOpen": 0.1014106497168541,
    "MouthFunnel": 0.12406400591135025,
    "MouthSmileLeft": 0.11493377387523651,
    "MouthSmileRight": 0.08898214995861053,
    "MouthDimpleLeft": 0.02507130801677704,
    "MouthDimpleRight": 0.023587916046380997,
    "MouthStretchLeft": 0.028855103999376297,
    "MouthStretchRight": 0.029151208698749542,
    "MouthShrugUpper": 0.024714138358831406,
    "MouthLowerDownLeft": 0.27017343044281006,
    "MouthLowerDownRight": 0.28237128257751465,
    "MouthUpperUpLeft": 0.1560288667678833,
    "MouthUpperUpRight": 0.17212118208408356,
    "BrowDownLeft": 0.8125841021537781,
    "BrowDownRight": 0.812455952167511,
    "BrowInnerUp": 0.25229930877685547,
    "CheekSquintLeft": 0.061383605003356934,
    "CheekSquintRight": 0.07512149214744568,
    "NoseSneerLeft": 0.07844354957342148,
    "NoseSneerRight": 0.10535287857055664
  },
  "packet_size": 314,
  "packet_hex_preview": "060000002464646431326362302d333463612d313166302d383166662d3734353633633437336235330000000847616c6146616365003b90f9fb3d07c8000000"
}