{
  "frame_id": 303,
  "timestamp": "2025-05-19T18:04:25.153432",
  "input_values": [
    0.0,
    0.0,
    0.0,
    0.0,
    0.0,
    0.0,
    0.0,
    0.0,
    0.0,
    0.0,
    0.0,
    0.0,
    0.0,
    0.0,
    0.0049874624237418175,
    0.00016569373838137835,
    0.016001183539628983,
    0.06878702342510223,
    0.00017357864999212325,
    0.10346686840057373,
    0.0682082325220108,
    -0.00043636522605083883,
    0.009823168627917767,
    0.04693079739809036,
    0.04507666081190109,
    0.0001251989888260141,
    -0.00031823664903640747,
    0.01410375814884901,
    0.014195442199707031,
    0.001679329900071025,
    0.000625379616394639,
    -0.0002143175370292738,
    0.0019648110028356314,
    0.010188460350036621,
    0.02349281869828701,
    0.007684190757572651,
    0.008600471541285515,
    0.115950807929039,
    0.13465771079063416,
    0.08282937109470367,
    0.0988476499915123,
    0.4876479208469391,
    0.4874750077724457,
    0.015204387716948986,
    -0.00014717284648213536,
    -0.0002460585965309292,
    0.0005741873173974454,
    0.03676452487707138,
    0.05154714733362198,
    0.08263184130191803,
    0.09220258891582489,
    0.0
  ],
  "active_shapes": {
    "JawRight": 0.016001183539628983,
    "JawOpen": 0.06878702342510223,
    "MouthFunnel": 0.10346686840057373,
    "MouthPucker": 0.0682082325220108,
    "MouthSmileLeft": 0.04693079739809036,
    "MouthSmileRight": 0.04507666081190109,
    "MouthDimpleLeft": 0.01410375814884901,
    "MouthDimpleRight": 0.014195442199707031,
    "MouthShrugLower": 0.010188460350036621,
    "MouthShrugUpper": 0.02349281869828701,
    "MouthLowerDownLeft": 0.115950807929039,
    "MouthLowerDownRight": 0.13465771079063416,
    "MouthUpperUpLeft": 0.08282937109470367,
    "MouthUpperUpRight": 0.0988476499915123,
    "BrowDownLeft": 0.4876479208469391,
    "BrowDownRight": 0.4874750077724457,
    "BrowInnerUp": 0.015204387716948986,
    "CheekSquintLeft": 0.03676452487707138,
    "CheekSquintRight": 0.05154714733362198,
    "NoseSneerLeft": 0.08263184130191803,
    "NoseSneerRight": 0.09220258891582489
  },
  "packet_size": 314,
  "packet_hex_preview": "060000002464646431326362302d333463612d313166302d383166662d3734353633633437336235330000000847616c6146616365003b91a5fb3d07c8000000"
}