{
  "frame_id": 62,
  "timestamp": "2025-05-19T18:04:17.460528",
  "input_values": [
    0.0,
    0.0,
    0.0,
    0.0,
    0.0,
    0.0,
    0.0,
    0.0,
    0.0,
    0.0,
    0.0,
    0.0,
    0.0,
    0.0,
    0.007950173690915108,
    3.649721111287363e-05,
    0.007893729023635387,
    0.01782313734292984,
    -0.00010285177268087864,
    0.018634844571352005,
    9.521934771328233e-06,
    0.0019406260689720511,
    -3.2265779736917466e-05,
    0.03340453281998634,
    0.029155874624848366,
    -9.225810572388582e-06,
    1.2972816875844728e-05,
    0.004771987907588482,
    0.00441190879791975,
    0.017224665731191635,
    0.016759393736720085,
    5.108453251523315e-07,
    0.0003415379032958299,
    -3.754139834200032e-05,
    0.0001804966595955193,
    2.0614101231331006e-05,
    0.00014042451221030205,
    0.07786914706230164,
    0.0779782384634018,
    0.030532289296388626,
    0.02944805659353733,
    2.4564713385188952e-05,
    1.878243710962124e-05,
    0.10004981607198715,
    0.06838049739599228,
    0.06844205409288406,
    -0.00010144879342988133,
    0.010102561675012112,
    0.009908932261168957,
    -8.387253910768777e-05,
    0.00026074537890963256,
    0.0
  ],
  "active_shapes": {
    "JawOpen": 0.01782313734292984,
    "MouthFunnel": 0.018634844571352005,
    "MouthSmileLeft": 0.03340453281998634,
    "MouthSmileRight": 0.029155874624848366,
    "MouthStretchLeft": 0.017224665731191635,
    "MouthStretchRight": 0.016759393736720085,
    "MouthLowerDownLeft": 0.07786914706230164,
    "MouthLowerDownRight": 0.0779782384634018,
    "MouthUpperUpLeft": 0.030532289296388626,
    "MouthUpperUpRight": 0.02944805659353733,
    "BrowInnerUp": 0.10004981607198715,
    "BrowOuterUpLeft": 0.06838049739599228,
    "BrowOuterUpRight": 0.06844205409288406,
    "CheekSquintLeft": 0.010102561675012112
  },
  "packet_size": 314,
  "packet_hex_preview": "060000002464646431326362302d333463612d313166302d383166662d3734353633633437336235330000000847616c6146616365003b8fd7fb3d07c8000000"
}