{
  "frame_id": 588,
  "timestamp": "2025-05-19T18:04:35.367904",
  "input_values": [
    0.0,
    0.0,
    0.0,
    0.0,
    0.0,
    0.0,
    0.0,
    0.0,
    0.0,
    0.0,
    0.0,
    0.0,
    0.0,
    0.0,
    0.006634590215981007,
    0.00018848496256396174,
    0.03532299026846886,
    0.10065646469593048,
    -6.514857523143291e-05,
    0.07125619053840637,
    0.0009806646266952157,
    -0.00016807530482765287,
    0.011338616721332073,
    0.13516390323638916,
    0.11228854209184647,
    4.6183642552932724e-05,
    -5.853842139913468e-06,
    0.022321149706840515,
    0.02193438448011875,
    0.023118045181035995,
    0.026541786268353462,
    -6.553826824529096e-05,
    0.0012366240844130516,
    0.0007003835053183138,
    0.023758111521601677,
    0.009952884167432785,
    0.011419444344937801,
    0.25422701239585876,
    0.27635979652404785,
    0.14277198910713196,
    0.15819290280342102,
    0.8334996700286865,
    0.8333871960639954,
    0.1720302700996399,
    -3.11993426294066e-05,
    -0.00012119188613723963,
    0.0010032232385128736,
    0.06003178283572197,
    0.07601757347583771,
    0.13648761808872223,
    0.16145449876785278,
    0.0
  ],
  "active_shapes": {
    "JawRight": 0.03532299026846886,
    "JawOpen": 0.10065646469593048,
    "MouthFunnel": 0.07125619053840637,
    "MouthRight": 0.011338616721332073,
    "MouthSmileLeft": 0.13516390323638916,
    "MouthSmileRight": 0.11228854209184647,
    "MouthDimpleLeft": 0.022321149706840515,
    "MouthDimpleRight": 0.02193438448011875,
    "MouthStretchLeft": 0.023118045181035995,
    "MouthStretchRight": 0.026541786268353462,
    "MouthShrugUpper": 0.023758111521601677,
    "MouthPressRight": 0.011419444344937801,
    "MouthLowerDownLeft": 0.25422701239585876,
    "MouthLowerDownRight": 0.27635979652404785,
    "MouthUpperUpLeft": 0.14277198910713196,
    "MouthUpperUpRight": 0.15819290280342102,
    "BrowDownLeft": 0.8334996700286865,
    "BrowDownRight": 0.8333871960639954,
    "BrowInnerUp": 0.1720302700996399,
    "CheekSquintLeft": 0.06003178283572197,
    "CheekSquintRight": 0.07601757347583771,
    "NoseSneerLeft": 0.13648761808872223,
    "NoseSneerRight": 0.16145449876785278
  },
  "packet_size": 314,
  "packet_hex_preview": "060000002464646431326362302d333463612d313166302d383166662d3734353633633437336235330000000847616c6146616365003b940afb3d07c8000000"
}