{
  "frame_id": 171,
  "timestamp": "2025-05-19T18:04:20.902155",
  "input_values": [
    0.0,
    0.0,
    0.0,
    0.0,
    0.0,
    0.0,
    0.0,
    0.0,
    0.0,
    0.0,
    0.0,
    0.0,
    0.0,
    0.0,
    0.001401497283950448,
    3.7443809560500085e-05,
    -0.0003309217863716185,
    0.00031939250766299665,
    0.0015079702716320753,
    -5.043526834924705e-05,
    0.0008417026838287711,
    0.004804372787475586,
    -3.739761814358644e-05,
    0.004480063449591398,
    0.002469596453011036,
    3.240696241846308e-05,
    9.567461529513821e-05,
    0.002404110971838236,
    0.0015493236714974046,
    0.005525166168808937,
    0.0005606856429949403,
    0.007379948161542416,
    0.002311181044206023,
    0.0001692489313427359,
    2.4897777620935813e-05,
    0.00026042942772619426,
    0.0005412271129898727,
    0.0008307254174724221,
    -0.00045075974776409566,
    -0.00017467819270677865,
    5.3305506298784167e-05,
    0.005664933007210493,
    0.005572593305259943,
    0.030020320788025856,
    0.004382068756967783,
    0.00442969985306263,
    0.0006860570283606648,
    0.00194641575217247,
    0.003362084273248911,
    -1.564476769999601e-05,
    -8.631567470729351e-05,
    0.0
  ],
  "active_shapes": {
    "BrowInnerUp": 0.030020320788025856
  },
  "packet_size": 314,
  "packet_hex_preview": "060000002464646431326362302d333463612d313166302d383166662d3734353633633437336235330000000847616c6146616365003b90a6fb3d07c8000000"
}