{
  "frame_id": 550,
  "timestamp": "2025-05-19T18:04:33.470824",
  "input_values": [
    0.0,
    0.0,
    0.0,
    0.0,
    0.0,
    0.0,
    0.0,
    0.0,
    0.0,
    0.0,
    0.0,
    0.0,
    0.0,
    0.0,
    -0.00023231329396367073,
    7.544627442257479e-05,
    0.005917135160416365,
    0.005331628955900669,
    8.898110536392778e-05,
    0.0053755068220198154,
    0.002517710207030177,
    0.0003704445553012192,
    0.0022771512158215046,
    0.05422290414571762,
    0.042852673679590225,
    1.129610427597072e-05,
    1.618549504200928e-05,
    0.01024213619530201,
    0.009982026182115078,
    0.003938804380595684,
    0.0031100024934858084,
    0.0002709650434553623,
    0.0015313553158193827,
    0.001167425187304616,
    0.0051994966343045235,
    0.0038138837553560734,
    0.004484452307224274,
    0.051289986819028854,
    0.05404938384890556,
    0.018000507727265358,
    0.020986074581742287,
    0.32282891869544983,
    0.32274356484413147,
    0.05668609216809273,
    -2.1063760868855752e-05,
    -4.111772796022706e-05,
    0.000988161307759583,
    0.02755197323858738,
    0.034020356833934784,
    0.0419270284473896,
    0.04753164201974869,
    0.0
  ],
  "active_shapes": {
    "MouthSmileLeft": 0.05422290414571762,
    "MouthSmileRight": 0.042852673679590225,
    "MouthDimpleLeft": 0.01024213619530201,
    "MouthLowerDownLeft": 0.051289986819028854,
    "MouthLowerDownRight": 0.05404938384890556,
    "MouthUpperUpLeft": 0.018000507727265358,
    "MouthUpperUpRight": 0.020986074581742287,
    "BrowDownLeft": 0.32282891869544983,
    "BrowDownRight": 0.32274356484413147,
    "BrowInnerUp": 0.05668609216809273,
    "CheekSquintLeft": 0.02755197323858738,
    "CheekSquintRight": 0.034020356833934784,
    "NoseSneerLeft": 0.0419270284473896,
    "NoseSneerRight": 0.04753164201974869
  },
  "packet_size": 314,
  "packet_hex_preview": "060000002464646431326362302d333463612d313166302d383166662d3734353633633437336235330000000847616c6146616365003b9398fb3d07c8000000"
}