{
  "frame_id": 244,
  "timestamp": "2025-05-19T18:04:23.193573",
  "input_values": [
    0.0,
    0.0,
    0.0,
    0.0,
    0.0,
    0.0,
    0.0,
    0.0,
    0.0,
    0.0,
    0.0,
    0.0,
    0.0,
    0.0,
    2.312505603185855e-05,
    0.00011337410978740081,
    0.011695362627506256,
    0.0033536108676344156,
    -9.527177462587133e-05,
    0.004331379197537899,
    0.0007245457381941378,
    0.0001324339973507449,
    0.0023555506486445665,
    0.08789917081594467,
    0.06914065033197403,
    8.686351065989584e-06,
    3.8428683183155954e-05,
    0.015513535588979721,
    0.015451397746801376,
    0.003593704430386424,
    0.002786991186439991,
    0.00036526424810290337,
    0.001382731250487268,
    0.0008945665904320776,
    0.004294994752854109,
    0.005250070244073868,
    0.006092777941375971,
    0.08010706305503845,
    0.08690376579761505,
    0.027838969603180885,
    0.030660150572657585,
    0.47473350167274475,
    0.47459110617637634,
    0.13558922708034515,
    -6.476991984527558e-05,
    -9.561332990415394e-05,
    0.00203507742844522,
    0.029925797134637833,
    0.037691112607717514,
    0.0335247702896595,
    0.04050425440073013,
    0.0
  ],
  "active_shapes": {
    "JawRight": 0.011695362627506256,
    "MouthSmileLeft": 0.08789917081594467,
    "MouthSmileRight": 0.06914065033197403,
    "MouthDimpleLeft": 0.015513535588979721,
    "MouthDimpleRight": 0.015451397746801376,
    "MouthLowerDownLeft": 0.08010706305503845,
    "MouthLowerDownRight": 0.08690376579761505,
    "MouthUpperUpLeft": 0.027838969603180885,
    "MouthUpperUpRight": 0.030660150572657585,
    "BrowDownLeft": 0.47473350167274475,
    "BrowDownRight": 0.47459110617637634,
    "BrowInnerUp": 0.13558922708034515,
    "CheekSquintLeft": 0.029925797134637833,
    "CheekSquintRight": 0.037691112607717514,
    "NoseSneerLeft": 0.0335247702896595,
    "NoseSneerRight": 0.04050425440073013
  },
  "packet_size": 314,
  "packet_hex_preview": "060000002464646431326362302d333463612d313166302d383166662d3734353633633437336235330000000847616c6146616365003b912ffb3d07c8000000"
}