{
  "frame_id": 255,
  "timestamp": "2025-05-19T18:04:23.650980",
  "input_values": [
    0.0,
    0.0,
    0.0,
    0.0,
    0.0,
    0.0,
    0.0,
    0.0,
    0.0,
    0.0,
    0.0,
    0.0,
    0.0,
    0.0,
    0.00407372834160924,
    4.4120104575995356e-05,
    0.00677017867565155,
    0.02402675524353981,
    9.908781066769734e-05,
    0.020922694355249405,
    0.0006118984310887754,
    5.9067795518785715e-05,
    0.001396493287757039,
    0.005282466299831867,
    0.0048464215360581875,
    -3.241422018618323e-05,
    7.437262894427477e-08,
    0.0033617138396948576,
    0.003065133700147271,
    0.005139513872563839,
    0.005114739295095205,
    -4.14705828006845e-05,
    0.0007810861570760608,
    0.001781854429282248,
    0.005184812471270561,
    0.0018436138052493334,
    0.0020287896040827036,
    0.04022953659296036,
    0.044558700174093246,
    0.021862246096134186,
    0.02536551095545292,
    0.10311553627252579,
    0.10305897891521454,
    0.0006058875587768853,
    -6.146857776911929e-05,
    -8.26475879875943e-05,
    0.00021800310059916228,
    0.006194906774908304,
    0.008357323706150055,
    0.019487660378217697,
    0.02221972681581974,
    0.0
  ],
  "active_shapes": {
    "JawOpen": 0.02402675524353981,
    "MouthFunnel": 0.020922694355249405,
    "MouthLowerDownLeft": 0.04022953659296036,
    "MouthLowerDownRight": 0.044558700174093246,
    "MouthUpperUpLeft": 0.021862246096134186,
    "MouthUpperUpRight": 0.02536551095545292,
    "BrowDownLeft": 0.10311553627252579,
    "BrowDownRight": 0.10305897891521454,
    "NoseSneerLeft": 0.019487660378217697,
    "NoseSneerRight": 0.02221972681581974
  },
  "packet_size": 314,
  "packet_hex_preview": "060000002464646431326362302d333463612d313166302d383166662d3734353633633437336235330000000847616c6146616365003b914bfb3d07c8000000"
}