{
  "frame_id": 283,
  "timestamp": "2025-05-19T18:04:24.601227",
  "input_values": [
    0.0,
    0.0,
    0.0,
    0.0,
    0.0,
    0.0,
    0.0,
    0.0,
    0.0,
    0.0,
    0.0,
    0.0,
    0.0,
    0.0,
    0.0018335519125685096,
    3.76206953660585e-05,
    0.004675162024796009,
    0.013536293990910053,
    0.005754804704338312,
    0.017352167516946793,
    0.002142101526260376,
    0.0009914457332342863,
    0.00011109285696875304,
    0.0011303031351417303,
    0.002844766015186906,
    -1.1883023489644984e-06,
    3.08604103338439e-05,
    0.0030366810970008373,
    0.002837555482983589,
    0.01316465437412262,
    0.014254088513553143,
    -1.7278576706303284e-05,
    0.0008443044498562813,
    -2.2355266992235556e-05,
    4.6625336835859343e-05,
    0.00014495216601062566,
    0.00024530067457817495,
    0.02375255897641182,
    0.024224674329161644,
    0.005313175730407238,
    0.005577069241553545,
    0.004022986628115177,
    0.003980717621743679,
    0.00797942839562893,
    0.0024998325388878584,
    0.0025011938996613026,
    7.36849779059412e-06,
    0.0047657666727900505,
    0.005549084860831499,
    -5.0863960495917127e-05,
    0.00016528446576558053,
    0.0
  ],
  "active_shapes": {
    "JawOpen": 0.013536293990910053,
    "MouthFunnel": 0.017352167516946793,
    "MouthStretchLeft": 0.01316465437412262,
    "MouthStretchRight": 0.014254088513553143,
    "MouthLowerDownLeft": 0.02375255897641182,
    "MouthLowerDownRight": 0.024224674329161644
  },
  "packet_size": 314,
  "packet_hex_preview": "060000002464646431326362302d333463612d313166302d383166662d3734353633633437336235330000000847616c6146616365003b9184fb3d07c8000000"
}