{
  "frame_id": 57,
  "timestamp": "2025-05-19T18:04:17.122592",
  "input_values": [
    0.0,
    0.0,
    0.0,
    0.0,
    0.0,
    0.0,
    0.0,
    0.0,
    0.0,
    0.0,
    0.0,
    0.0,
    0.0,
    0.0,
    0.002891957527026534,
    0.00018848477338906378,
    0.023890195414423943,
    0.019959522411227226,
    -0.00012905309267807752,
    0.02548849582672119,
    0.000922647537663579,
    0.0007804397027939558,
    0.0021355783101171255,
    0.15365390479564667,
    0.1199859157204628,
    4.2668460082495585e-05,
    9.008221240947023e-05,
    0.02504708059132099,
    0.02497697062790394,
    0.017963126301765442,
    0.019513899460434914,
    0.0007574436021968722,
    0.0030576905701309443,
    0.0005059647373855114,
    0.015136437490582466,
    0.0071655744686722755,
    0.008596259169280529,
    0.19109390676021576,
    0.20040737092494965,
    0.10426902025938034,
    0.11003351956605911,
    0.769172728061676,
    0.7689878940582275,
    0.22672337293624878,
    -0.00011144865129608661,
    -9.014501847559586e-05,
    0.0017686216160655022,
    0.048277586698532104,
    0.058568939566612244,
    0.05464712530374527,
    0.06867830455303192,
    0.0
  ],
  "active_shapes": {
    "JawRight": 0.023890195414423943,
    "JawOpen": 0.019959522411227226,
    "MouthFunnel": 0.02548849582672119,
    "MouthSmileLeft": 0.15365390479564667,
    "MouthSmileRight": 0.1199859157204628,
    "MouthDimpleLeft": 0.02504708059132099,
    "MouthDimpleRight": 0.02497697062790394,
    "MouthStretchLeft": 0.017963126301765442,
    "MouthStretchRight": 0.019513899460434914,
    "MouthShrugUpper": 0.015136437490582466,
    "MouthLowerDownLeft": 0.19109390676021576,
    "MouthLowerDownRight": 0.20040737092494965,
    "MouthUpperUpLeft": 0.10426902025938034,
    "MouthUpperUpRight": 0.11003351956605911,
    "BrowDownLeft": 0.769172728061676,
    "BrowDownRight": 0.7689878940582275,
    "BrowInnerUp": 0.22672337293624878,
    "CheekSquintLeft": 0.048277586698532104,
    "CheekSquintRight": 0.058568939566612244,
    "NoseSneerLeft": 0.05464712530374527,
    "NoseSneerRight": 0.06867830455303192
  },
  "packet_size": 314,
  "packet_hex_preview": "060000002464646431326362302d333463612d313166302d383166662d3734353633633437336235330000000847616c6146616365003b8fc3fb3d07c8000000"
}