{
  "frame_id": 499,
  "timestamp": "2025-05-19T18:04:31.313365",
  "input_values": [
    0.0,
    0.0,
    0.0,
    0.0,
    0.0,
    0.0,
    0.0,
    0.0,
    0.0,
    0.0,
    0.0,
    0.0,
    0.0,
    0.0,
    0.0027932089287787676,
    7.867871318012476e-05,
    0.005421838257461786,
    0.012445769272744656,
    0.015310396440327168,
    0.00062619021628052,
    0.008848619647324085,
    0.0003550949622876942,
    0.0020426195114851,
    0.019467467442154884,
    0.020441662520170212,
    -9.817767931963317e-06,
    -6.745448627043515e-05,
    0.007167582865804434,
    0.007275550626218319,
    0.0036479556001722813,
    0.0033982605673372746,
    0.00046658003702759743,
    0.0026796169113367796,
    8.890913159120828e-05,
    0.00022979371715337038,
    0.0016400482272729278,
    0.0017451144522055984,
    0.01721208356320858,
    0.019260194152593613,
    0.00021308269060682505,
    0.0013330068904906511,
    0.07986477762460709,
    0.07977640628814697,
    0.002112902235239744,
    -3.387685137568042e-05,
    -4.1198789404006675e-05,
    0.00013261506683193147,
    0.018947899341583252,
    0.021201005205512047,
    0.014987359754741192,
    0.01199281495064497,
    0.0
  ],
  "active_shapes": {
    "JawOpen": 0.012445769272744656,
    "MouthClose": 0.015310396440327168,
    "MouthSmileLeft": 0.019467467442154884,
    "MouthSmileRight": 0.020441662520170212,
    "MouthLowerDownLeft": 0.01721208356320858,
    "MouthLowerDownRight": 0.019260194152593613,
    "BrowDownLeft": 0.07986477762460709,
    "BrowDownRight": 0.07977640628814697,
    "CheekSquintLeft": 0.018947899341583252,
    "CheekSquintRight": 0.021201005205512047,
    "NoseSneerLeft": 0.014987359754741192,
    "NoseSneerRight": 0.01199281495064497
  },
  "packet_size": 314,
  "packet_hex_preview": "060000002464646431326362302d333463612d313166302d383166662d3734353633633437336235330000000847616c6146616365003b9316fb3d07c8000000"
}