{
  "frame_id": 672,
  "timestamp": "2025-05-19T18:04:39.944208",
  "input_values": [
    0.0,
    0.0,
    0.0,
    0.0,
    0.0,
    0.0,
    0.0,
    0.0,
    0.0,
    0.0,
    0.0,
    0.0,
    0.0,
    0.0,
    0.0029453644528985023,
    0.00018835641094483435,
    0.028491878882050514,
    0.086537666618824,
    -0.00030693243024870753,
    0.055190667510032654,
    0.0006772337947040796,
    0.0005168009665794671,
    0.002696362091228366,
    0.14134261012077332,
    0.11015541851520538,
    -2.509695514163468e-05,
    4.7479799832217395e-05,
    0.03133070841431618,
    0.030659565702080727,
    0.013821588829159737,
    0.017451059073209763,
    0.0003055128618143499,
    0.003245569532737136,
    0.00017662520986050367,
    0.010963031090795994,
    0.007501447573304176,
    0.008976299315690994,
    0.2506289780139923,
    0.2644445300102234,
    0.10019516944885254,
    0.11057031899690628,
    0.7979785203933716,
    0.7978328466415405,
    0.18001729249954224,
    1.495610922574997e-05,
    -2.506390228518285e-05,
    0.002681905869394541,
    0.04759223014116287,
    0.05771016702055931,
    0.04467077553272247,
    0.06123601272702217,
    0.0
  ],
  "active_shapes": {
    "JawRight": 0.028491878882050514,
    "JawOpen": 0.086537666618824,
    "MouthFunnel": 0.055190667510032654,
    "MouthSmileLeft": 0.14134261012077332,
    "MouthSmileRight": 0.11015541851520538,
    "MouthDimpleLeft": 0.03133070841431618,
    "MouthDimpleRight": 0.030659565702080727,
    "MouthStretchLeft": 0.013821588829159737,
    "MouthStretchRight": 0.017451059073209763,
    "MouthShrugUpper": 0.010963031090795994,
    "MouthLowerDownLeft": 0.2506289780139923,
    "MouthLowerDownRight": 0.2644445300102234,
    "MouthUpperUpLeft": 0.10019516944885254,
    "MouthUpperUpRight": 0.11057031899690628,
    "BrowDownLeft": 0.7979785203933716,
    "BrowDownRight": 0.7978328466415405,
    "BrowInnerUp": 0.18001729249954224,
    "CheekSquintLeft": 0.04759223014116287,
    "CheekSquintRight": 0.05771016702055931,
    "NoseSneerLeft": 0.04467077553272247,
    "NoseSneerRight": 0.06123601272702217
  },
  "packet_size": 314,
  "packet_hex_preview": "060000002464646431326362302d333463612d313166302d383166662d3734353633633437336235330000000847616c6146616365003b951cfb3d07c8000000"
}