{
  "frame_id": 378,
  "timestamp": "2025-05-19T18:04:27.293292",
  "input_values": [
    0.0,
    0.0,
    0.0,
    0.0,
    0.0,
    0.0,
    0.0,
    0.0,
    0.0,
    0.0,
    0.0,
    0.0,
    0.0,
    0.0,
    0.01231180876493454,
    0.0002055798686342314,
    0.03470463305711746,
    0.13336029648780823,
    -9.925554331857711e-05,
    0.12811732292175293,
    0.018797896802425385,
    -0.00018710184667725116,
    0.004868950694799423,
    0.0889437273144722,
    0.07586605846881866,
    -5.426210191217251e-05,
    -4.807598452316597e-05,
    0.019470155239105225,
    0.01887035183608532,
    0.004967234097421169,
    0.011628581210970879,
    -0.0003912755928467959,
    0.0024207457900047302,
    0.00036432500928640366,
    0.016887662932276726,
    0.006931385491043329,
    0.008011399768292904,
    0.2557394206523895,
    0.2816900908946991,
    0.12832361459732056,
    0.14540603756904602,
    0.7444643974304199,
    0.7442784905433655,
    0.1255839318037033,
    5.307566243573092e-05,
    -5.263343336991966e-05,
    0.001347011188045144,
    0.05588572472333908,
    0.06840754300355911,
    0.08680251240730286,
    0.10029669106006622,
    0.0
  ],
  "active_shapes": {
    "JawForward": 0.01231180876493454,
    "JawRight": 0.03470463305711746,
    "JawOpen": 0.13336029648780823,
    "MouthFunnel": 0.12811732292175293,
    "MouthPucker": 0.018797896802425385,
    "MouthSmileLeft": 0.0889437273144722,
    "MouthSmileRight": 0.07586605846881866,
    "MouthDimpleLeft": 0.019470155239105225,
    "MouthDimpleRight": 0.01887035183608532,
    "MouthStretchRight": 0.011628581210970879,
    "MouthShrugUpper": 0.016887662932276726,
    "MouthLowerDownLeft": 0.2557394206523895,
    "MouthLowerDownRight": 0.2816900908946991,
    "MouthUpperUpLeft": 0.12832361459732056,
    "MouthUpperUpRight": 0.14540603756904602,
    "BrowDownLeft": 0.7444643974304199,
    "BrowDownRight": 0.7442784905433655,
    "BrowInnerUp": 0.1255839318037033,
    "CheekSquintLeft": 0.05588572472333908,
    "CheekSquintRight": 0.06840754300355911,
    "NoseSneerLeft": 0.08680251240730286,
    "NoseSneerRight": 0.10029669106006622
  },
  "packet_size": 314,
  "packet_hex_preview": "060000002464646431326362302d333463612d313166302d383166662d3734353633633437336235330000000847616c6146616365003b9225fb3d07c8000000"
}