{
  "frame_id": 309,
  "timestamp": "2025-05-19T18:04:25.215470",
  "input_values": [
    0.0,
    0.0,
    0.0,
    0.0,
    0.0,
    0.0,
    0.0,
    0.0,
    0.0,
    0.0,
    0.0,
    0.0,
    0.0,
    0.0,
    0.04187725484371185,
    0.00018187810201197863,
    0.0206727534532547,
    0.1418556123971939,
    0.00015390446060337126,
    0.22152602672576904,
    0.011580501683056355,
    0.02732604742050171,
    -0.00025404273765161633,
    0.015427980571985245,
    0.0011937059462070465,
    0.00015389341569971293,
    0.0017216408159583807,
    0.01977301388978958,
    0.014632990583777428,
    0.08860769122838974,
    0.08150738477706909,
    0.0007080057403072715,
    0.014784982427954674,
    -5.967382458038628e-05,
    0.0002690951223485172,
    -0.00044104247353971004,
    0.0005803238018415868,
    0.3984701931476593,
    0.3799497187137604,
    0.1187942624092102,
    0.11571752279996872,
    0.00019014105782844126,
    -0.00013285368913784623,
    0.583066999912262,
    0.416385293006897,
    0.4168694019317627,
    0.0008254340500570834,
    0.05401177331805229,
    0.05326642841100693,
    -0.00036512722726911306,
    -0.0002275284205097705,
    0.0
  ],
  "active_shapes": {
    "JawForward": 0.04187725484371185,
    "JawRight": 0.0206727534532547,
    "JawOpen": 0.1418556123971939,
    "MouthFunnel": 0.22152602672576904,
    "MouthPucker": 0.011580501683056355,
    "MouthLeft": 0.02732604742050171,
    "MouthSmileLeft": 0.015427980571985245,
    "MouthDimpleLeft": 0.01977301388978958,
    "MouthDimpleRight": 0.014632990583777428,
    "MouthStretchLeft": 0.08860769122838974,
    "MouthStretchRight": 0.08150738477706909,
    "MouthRollUpper": 0.014784982427954674,
    "MouthLowerDownLeft": 0.3984701931476593,
    "MouthLowerDownRight": 0.3799497187137604,
    "MouthUpperUpLeft": 0.1187942624092102,
    "MouthUpperUpRight": 0.11571752279996872,
    "BrowInnerUp": 0.583066999912262,
    "BrowOuterUpLeft": 0.416385293006897,
    "BrowOuterUpRight": 0.4168694019317627,
    "CheekSquintLeft": 0.05401177331805229,
    "CheekSquintRight": 0.05326642841100693
  },
  "packet_size": 314,
  "packet_hex_preview": "060000002464646431326362302d333463612d313166302d383166662d3734353633633437336235330000000847616c6146616365003b91a8fb3d07c8000000"
}