{
  "frame_id": 419,
  "timestamp": "2025-05-19T18:04:28.682832",
  "input_values": [
    0.0,
    0.0,
    0.0,
    0.0,
    0.0,
    0.0,
    0.0,
    0.0,
    0.0,
    0.0,
    0.0,
    0.0,
    0.0,
    0.0,
    0.005566241219639778,
    0.00018724697292782366,
    0.02725096046924591,
    0.060306672006845474,
    -8.55381294968538e-05,
    0.0562552846968174,
    0.0004701827419921756,
    0.0017452187603339553,
    0.005595920141786337,
    0.1333562433719635,
    0.10678914934396744,
    2.7891275749425404e-05,
    -2.3684571715421043e-05,
    0.01993352361023426,
    0.019313443452119827,
    0.010145707987248898,
    0.015750478953123093,
    0.00013009519898332655,
    0.003926326986402273,
    -1.6453303032903932e-05,
    0.0032440207432955503,
    0.006666084751486778,
    0.007483651861548424,
    0.1941717267036438,
    0.20122241973876953,
    0.08654911071062088,
    0.09226617962121964,
    0.3916575610637665,
    0.3913800120353699,
    0.0025347310584038496,
    -7.930148422019556e-05,
    -0.00015992418047972023,
    0.0003168782568536699,
    0.0567064993083477,
    0.06603460013866425,
    0.042815279215574265,
    0.049776505678892136,
    0.0
  ],
  "active_shapes": {
    "JawRight": 0.02725096046924591,
    "JawOpen": 0.060306672006845474,
    "MouthFunnel": 0.0562552846968174,
    "MouthSmileLeft": 0.1333562433719635,
    "MouthSmileRight": 0.10678914934396744,
    "MouthDimpleLeft": 0.01993352361023426,
    "MouthDimpleRight": 0.019313443452119827,
    "MouthStretchLeft": 0.010145707987248898,
    "MouthStretchRight": 0.015750478953123093,
    "MouthLowerDownLeft": 0.1941717267036438,
    "MouthLowerDownRight": 0.20122241973876953,
    "MouthUpperUpLeft": 0.08654911071062088,
    "MouthUpperUpRight": 0.09226617962121964,
    "BrowDownLeft": 0.3916575610637665,
    "BrowDownRight": 0.3913800120353699,
    "CheekSquintLeft": 0.0567064993083477,
    "CheekSquintRight": 0.06603460013866425,
    "NoseSneerLeft": 0.042815279215574265,
    "NoseSneerRight": 0.049776505678892136
  },
  "packet_size": 314,
  "packet_hex_preview": "060000002464646431326362302d333463612d313166302d383166662d3734353633633437336235330000000847616c6146616365003b9278fb3d07c8000000"
}