{
  "frame_id": 305,
  "timestamp": "2025-05-19T18:04:25.170227",
  "input_values": [
    0.0,
    0.0,
    0.0,
    0.0,
    0.0,
    0.0,
    0.0,
    0.0,
    0.0,
    0.0,
    0.0,
    0.0,
    0.0,
    0.0,
    0.0048155044205486774,
    0.0002075300581054762,
    0.017643380910158157,
    0.07898421585559845,
    0.00106106570456177,
    0.11197130382061005,
    0.0847904309630394,
    -0.0005371019360609353,
    0.011506588198244572,
    0.06304898113012314,
    0.06018103286623955,
    0.00043122845818288624,
    -0.00035981900873593986,
    0.016249820590019226,
    0.016228165477514267,
    0.0018039977876469493,
    0.0005202103639021516,
    -0.00029348282259888947,
    0.002463750774040818,
    0.010671266354620457,
    0.027134956791996956,
    0.009426126256585121,
    0.010541599243879318,
    0.13551296293735504,
    0.15598906576633453,
    0.09218356013298035,
    0.11022108048200607,
    0.630445659160614,
    0.6302492022514343,
    0.029922278597950935,
    -0.00011643159814411774,
    -0.00023973360657691956,
    0.001148009323514998,
    0.04393632337450981,
    0.06176367402076721,
    0.10062939673662186,
    0.11253639310598373,
    0.0
  ],
  "active_shapes": {
    "JawRight": 0.017643380910158157,
    "JawOpen": 0.07898421585559845,
    "MouthFunnel": 0.11197130382061005,
    "MouthPucker": 0.0847904309630394,
    "MouthRight": 0.011506588198244572,
    "MouthSmileLeft": 0.06304898113012314,
    "MouthSmileRight": 0.06018103286623955,
    "MouthDimpleLeft": 0.016249820590019226,
    "MouthDimpleRight": 0.016228165477514267,
    "MouthShrugLower": 0.010671266354620457,
    "MouthShrugUpper": 0.027134956791996956,
    "MouthPressRight": 0.010541599243879318,
    "MouthLowerDownLeft": 0.13551296293735504,
    "MouthLowerDownRight": 0.15598906576633453,
    "MouthUpperUpLeft": 0.09218356013298035,
    "MouthUpperUpRight": 0.11022108048200607,
    "BrowDownLeft": 0.630445659160614,
    "BrowDownRight": 0.6302492022514343,
    "BrowInnerUp": 0.029922278597950935,
    "CheekSquintLeft": 0.04393632337450981,
    "CheekSquintRight": 0.06176367402076721,
    "NoseSneerLeft": 0.10062939673662186,
    "NoseSneerRight": 0.11253639310598373
  },
  "packet_size": 314,
  "packet_hex_preview": "060000002464646431326362302d333463612d313166302d383166662d3734353633633437336235330000000847616c6146616365003b91a6fb3d07c8000000"
}