{
  "frame_id": 107,
  "timestamp": "2025-05-19T18:04:18.774854",
  "input_values": [
    0.0,
    0.0,
    0.0,
    0.0,
    0.0,
    0.0,
    0.0,
    0.0,
    0.0,
    0.0,
    0.0,
    0.0,
    0.0,
    0.0,
    0.0020243970211595297,
    0.00015027592598926276,
    0.025297317653894424,
    0.06945975124835968,
    -0.00023225555196404457,
    0.08445417881011963,
    0.0006633204175159335,
    0.00012653622252400964,
    0.005464667454361916,
    0.10826779901981354,
    0.090455062687397,
    7.220730253720831e-07,
    1.5163603166001849e-05,
    0.018256444483995438,
    0.017486006021499634,
    0.002577385865151882,
    0.00360298715531826,
    3.7855879782000557e-05,
    0.002345855813473463,
    0.0004074029566254467,
    0.019220218062400818,
    0.0064582317136228085,
    0.007799313869327307,
    0.20982077717781067,
    0.2212597131729126,
    0.12088970839977264,
    0.13492326438426971,
    0.6538853645324707,
    0.6538372039794922,
    0.1650380790233612,
    3.217038465663791e-05,
    2.073848372674547e-05,
    0.0019241615664213896,
    0.05372009798884392,
    0.06495551764965057,
    0.078392893075943,
    0.10286831855773926,
    0.0
  ],
  "active_shapes": {
    "JawRight": 0.025297317653894424,
    "JawOpen": 0.06945975124835968,
    "MouthFunnel": 0.08445417881011963,
    "MouthSmileLeft": 0.10826779901981354,
    "MouthSmileRight": 0.090455062687397,
    "MouthDimpleLeft": 0.018256444483995438,
    "MouthDimpleRight": 0.017486006021499634,
    "MouthShrugUpper": 0.019220218062400818,
    "MouthLowerDownLeft": 0.20982077717781067,
    "MouthLowerDownRight": 0.2212597131729126,
    "MouthUpperUpLeft": 0.12088970839977264,
    "MouthUpperUpRight": 0.13492326438426971,
    "BrowDownLeft": 0.6538853645324707,
    "BrowDownRight": 0.6538372039794922,
    "BrowInnerUp": 0.1650380790233612,
    "CheekSquintLeft": 0.05372009798884392,
    "CheekSquintRight": 0.06495551764965057,
    "NoseSneerLeft": 0.078392893075943,
    "NoseSneerRight": 0.10286831855773926
  },
  "packet_size": 314,
  "packet_hex_preview": "060000002464646431326362302d333463612d313166302d383166662d3734353633633437336235330000000847616c6146616365003b9026fb3d07c8000000"
}