{
  "frame_id": 465,
  "timestamp": "2025-05-19T18:04:30.295389",
  "input_values": [
    0.0,
    0.0,
    0.0,
    0.0,
    0.0,
    0.0,
    0.0,
    0.0,
    0.0,
    0.0,
    0.0,
    0.0,
    0.0,
    0.0,
    0.006627414375543594,
    3.69405752280727e-05,
    0.004696867894381285,
    0.014314964413642883,
    5.6826807849574834e-05,
    0.012668420560657978,
    2.268335629196372e-05,
    0.0019315651152282953,
    4.388928573462181e-05,
    0.06999072432518005,
    0.06902255862951279,
    -1.538439937576186e-05,
    3.1429390219273046e-06,
    0.007952106185257435,
    0.00804196484386921,
    0.0105265062302351,
    0.0098417354747653,
    5.158203930477612e-05,
    0.0017911555478349328,
    -5.651951505569741e-05,
    0.0005786268156953156,
    0.00040551467100158334,
    0.0007379465387202799,
    0.07860685139894485,
    0.07744806259870529,
    0.0356016680598259,
    0.03627544641494751,
    0.0032286704517900944,
    0.003181491047143936,
    0.02615891396999359,
    0.03466961532831192,
    0.034694019705057144,
    -5.952940045972355e-05,
    0.03307553753256798,
    0.036897704005241394,
    0.02649345062673092,
    0.03057495877146721,
    0.0
  ],
  "active_shapes": {
    "JawOpen": 0.014314964413642883,
    "MouthFunnel": 0.012668420560657978,
    "MouthSmileLeft": 0.06999072432518005,
    "MouthSmileRight": 0.06902255862951279,
    "MouthStretchLeft": 0.0105265062302351,
    "MouthLowerDownLeft": 0.07860685139894485,
    "MouthLowerDownRight": 0.07744806259870529,
    "MouthUpperUpLeft": 0.0356016680598259,
    "MouthUpperUpRight": 0.03627544641494751,
    "BrowInnerUp": 0.02615891396999359,
    "BrowOuterUpLeft": 0.03466961532831192,
    "BrowOuterUpRight": 0.034694019705057144,
    "CheekSquintLeft": 0.03307553753256798,
    "CheekSquintRight": 0.036897704005241394,
    "NoseSneerLeft": 0.02649345062673092,
    "NoseSneerRight": 0.03057495877146721
  },
  "packet_size": 314,
  "packet_hex_preview": "060000002464646431326362302d333463612d313166302d383166662d3734353633633437336235330000000847616c6146616365003b92d9fb3d07c8000000"
}