{
  "frame_id": 564,
  "timestamp": "2025-05-19T18:04:34.211660",
  "input_values": [
    0.0,
    0.0,
    0.0,
    0.0,
    0.0,
    0.0,
    0.0,
    0.0,
    0.0,
    0.0,
    0.0,
    0.0,
    0.0,
    0.0,
    0.0031166188418865204,
    7.568502041976899e-05,
    0.00791122391819954,
    0.014066318981349468,
    0.00010160214878851548,
    0.009097745642066002,
    0.0002659854362718761,
    0.00026583977160044014,
    0.0007156141800805926,
    0.0593491792678833,
    0.05367686599493027,
    -6.126571861386765e-06,
    9.917470379150473e-06,
    0.009730230085551739,
    0.01007863413542509,
    0.0005531382630579174,
    0.003137605730444193,
    8.951342897489667e-05,
    0.0014690703246742487,
    0.0013884451473131776,
    0.0025706973392516375,
    0.0026903976686298847,
    0.0029504927806556225,
    0.06145593523979187,
    0.0642387717962265,
    0.02311628870666027,
    0.02370031177997589,
    0.13239462673664093,
    0.13224723935127258,
    0.0033762287348508835,
    -6.620211934205145e-05,
    -8.20465647848323e-05,
    0.0002643763436935842,
    0.022618472576141357,
    0.026794370263814926,
    0.024613000452518463,
    0.025409305468201637,
    0.0
  ],
  "active_shapes": {
    "JawOpen": 0.014066318981349468,
    "MouthSmileLeft": 0.0593491792678833,
    "MouthSmileRight": 0.05367686599493027,
    "MouthDimpleRight": 0.01007863413542509,
    "MouthLowerDownLeft": 0.06145593523979187,
    "MouthLowerDownRight": 0.0642387717962265,
    "MouthUpperUpLeft": 0.02311628870666027,
    "MouthUpperUpRight": 0.02370031177997589,
    "BrowDownLeft": 0.13239462673664093,
    "BrowDownRight": 0.13224723935127258,
    "CheekSquintLeft": 0.022618472576141357,
    "CheekSquintRight": 0.026794370263814926,
    "NoseSneerLeft": 0.024613000452518463,
    "NoseSneerRight": 0.025409305468201637
  },
  "packet_size": 314,
  "packet_hex_preview": "060000002464646431326362302d333463612d313166302d383166662d3734353633633437336235330000000847616c6146616365003b93c4fb3d07c8000000"
}