{
  "frame_id": 461,
  "timestamp": "2025-05-19T18:04:29.965846",
  "input_values": [
    0.0,
    0.0,
    0.0,
    0.0,
    0.0,
    0.0,
    0.0,
    0.0,
    0.0,
    0.0,
    0.0,
    0.0,
    0.0,
    0.0,
    0.0031304957810789347,
    0.0001951316517079249,
    0.014569255523383617,
    0.08636399358510971,
    3.7991303543094546e-05,
    0.11996540427207947,
    0.01052631251513958,
    0.0002763871452771127,
    0.005633958615362644,
    0.02813328243792057,
    0.042289070785045624,
    -0.00017084281716961414,
    2.272837264172267e-05,
    0.019792256876826286,
    0.019586415961384773,
    0.03385400399565697,
    0.026115844026207924,
    -7.76812230469659e-05,
    0.0033684284426271915,
    -3.8487949495902285e-05,
    0.0009349571191705763,
    0.006197873502969742,
    0.0073219663463532925,
    0.20584195852279663,
    0.21737384796142578,
    0.05645393952727318,
    0.07017681747674942,
    0.5709781646728516,
    0.5707017779350281,
    0.18162384629249573,
    0.0013751961523666978,
    0.0012821779819205403,
    0.0030421086121350527,
    0.03713258355855942,
    0.05125715211033821,
    0.0055344379507005215,
    0.013652985915541649,
    0.0
  ],
  "active_shapes": {
    "JawRight": 0.014569255523383617,
    "JawOpen": 0.08636399358510971,
    "MouthFunnel": 0.11996540427207947,
    "MouthPucker": 0.01052631251513958,
    "MouthSmileLeft": 0.02813328243792057,
    "MouthSmileRight": 0.042289070785045624,
    "MouthDimpleLeft": 0.019792256876826286,
    "MouthDimpleRight": 0.019586415961384773,
    "MouthStretchLeft": 0.03385400399565697,
    "MouthStretchRight": 0.026115844026207924,
    "MouthLowerDownLeft": 0.20584195852279663,
    "MouthLowerDownRight": 0.21737384796142578,
    "MouthUpperUpLeft": 0.05645393952727318,
    "MouthUpperUpRight": 0.07017681747674942,
    "BrowDownLeft": 0.5709781646728516,
    "BrowDownRight": 0.5707017779350281,
    "BrowInnerUp": 0.18162384629249573,
    "CheekSquintLeft": 0.03713258355855942,
    "CheekSquintRight": 0.05125715211033821,
    "NoseSneerRight": 0.013652985915541649
  },
  "packet_size": 314,
  "packet_hex_preview": "060000002464646431326362302d333463612d313166302d383166662d3734353633633437336235330000000847616c6146616365003b92c5fb3d07c8000000"
}