{
  "frame_id": 194,
  "timestamp": "2025-05-19T18:04:21.360518",
  "input_values": [
    0.0,
    0.0,
    0.0,
    0.0,
    0.0,
    0.0,
    0.0,
    0.0,
    0.0,
    0.0,
    0.0,
    0.0,
    0.0,
    0.0,
    0.01078625675290823,
    0.0001501908991485834,
    0.027525275945663452,
    0.14445875585079193,
    -0.00023878345382399857,
    0.08963435888290405,
    0.00038542115362361073,
    0.00026468155556358397,
    0.005268107168376446,
    0.12416099011898041,
    0.10622109472751617,
    -3.513179035508074e-05,
    -3.7608202546834946e-05,
    0.029252415522933006,
    0.02745220623910427,
    0.03243853896856308,
    0.02604709565639496,
    -6.0088856116635725e-05,
    0.002593575743958354,
    0.0041824462823569775,
    0.03383110463619232,
    0.009379053488373756,
    0.011190039105713367,
    0.3149265646934509,
    0.3256114721298218,
    0.16499002277851105,
    0.18143904209136963,
    0.6673825979232788,
    0.6673107147216797,
    0.10705962032079697,
    -0.00011375800386304036,
    -0.0001395846629748121,
    0.0010543089592829347,
    0.05864257365465164,
    0.07015898823738098,
    0.12517531216144562,
    0.15426258742809296,
    0.0
  ],
  "active_shapes": {
    "JawForward": 0.01078625675290823,
    "JawRight": 0.027525275945663452,
    "JawOpen": 0.14445875585079193,
    "MouthFunnel": 0.08963435888290405,
    "MouthSmileLeft": 0.12416099011898041,
    "MouthSmileRight": 0.10622109472751617,
    "MouthDimpleLeft": 0.029252415522933006,
    "MouthDimpleRight": 0.02745220623910427,
    "MouthStretchLeft": 0.03243853896856308,
    "MouthStretchRight": 0.02604709565639496,
    "MouthShrugUpper": 0.03383110463619232,
    "MouthPressRight": 0.011190039105713367,
    "MouthLowerDownLeft": 0.3149265646934509,
    "MouthLowerDownRight": 0.3256114721298218,
    "MouthUpperUpLeft": 0.16499002277851105,
    "MouthUpperUpRight": 0.18143904209136963,
    "BrowDownLeft": 0.6673825979232788,
    "BrowDownRight": 0.6673107147216797,
    "BrowInnerUp": 0.10705962032079697,
    "CheekSquintLeft": 0.05864257365465164,
    "CheekSquintRight": 0.07015898823738098,
    "NoseSneerLeft": 0.12517531216144562,
    "NoseSneerRight": 0.15426258742809296
  },
  "packet_size": 314,
  "packet_hex_preview": "060000002464646431326362302d333463612d313166302d383166662d3734353633633437336235330000000847616c6146616365003b90c1fb3d07c8000000"
}