{
  "frame_id": 412,
  "timestamp": "2025-05-19T18:04:28.618339",
  "input_values": [
    0.0,
    0.0,
    0.0,
    0.0,
    0.0,
    0.0,
    0.0,
    0.0,
    0.0,
    0.0,
    0.0,
    0.0,
    0.0,
    0.0,
    0.0032669678330421448,
    3.667881901492365e-05,
    0.0016350371297448874,
    0.0012930860975757241,
    0.002459544688463211,
    0.00067148357629776,
    0.010313429869711399,
    0.003948593512177467,
    -8.647676622786094e-06,
    0.005123253911733627,
    0.002318855607882142,
    0.003417384345084429,
    0.005335063673555851,
    0.0019594295881688595,
    0.0012199480552226305,
    0.006437006406486034,
    0.004774567671120167,
    0.004173748195171356,
    0.001963789341971278,
    0.00043795647798106074,
    5.3980194934410974e-05,
    7.206328064057743e-06,
    0.0001854767615441233,
    0.010134411044418812,
    0.008059694431722164,
    0.00012818224786315113,
    0.00010816306166816503,
    1.9852608602377586e-05,
    -4.16439752370934e-06,
    0.10367067903280258,
    0.06459971517324448,
    0.0646909773349762,
    0.0005648182705044746,
    0.004564611706882715,
    0.0048548514023423195,
    -7.29539169697091e-05,
    -2.9651564545929432e-05,
    0.0
  ],
  "active_shapes": {
    "MouthPucker": 0.010313429869711399,
    "MouthLowerDownLeft": 0.010134411044418812,
    "BrowInnerUp": 0.10367067903280258,
    "BrowOuterUpLeft": 0.06459971517324448,
    "BrowOuterUpRight": 0.0646909773349762
  },
  "packet_size": 314,
  "packet_hex_preview": "060000002464646431326362302d333463612d313166302d383166662d3734353633633437336235330000000847616c6146616365003b9275fb3d07c8000000"
}