{
  "frame_id": 4,
  "timestamp": "2025-05-19T18:04:15.553656",
  "input_values": [
    0.0,
    0.0,
    0.0,
    0.0,
    0.0,
    0.0,
    0.0,
    0.0,
    0.0,
    0.0,
    0.0,
    0.0,
    0.0,
    0.0,
    0.0015215566381812096,
    3.7923979107290506e-05,
    0.0009853991214185953,
    0.0037648039869964123,
    0.000870698771905154,
    0.018246803432703018,
    0.0057350811548531055,
    0.0005944223375990987,
    0.0001951410959009081,
    0.02087070420384407,
    0.022507520392537117,
    -2.86319300357718e-06,
    -8.273616003862116e-06,
    0.0020858203060925007,
    0.002282033208757639,
    0.00023230719671119004,
    0.000536619161721319,
    -3.0116402740532067e-06,
    0.0009198832558467984,
    0.00143465178553015,
    0.00019464013166725636,
    0.0009789454052224755,
    0.001022996730171144,
    0.01920308545231819,
    0.020191606134176254,
    0.005267410073429346,
    0.0056059532798826694,
    7.122752140276134e-05,
    4.1306317143607885e-05,
    0.014451351948082447,
    0.007360145449638367,
    0.007386791054159403,
    0.0003377794928383082,
    0.008656958118081093,
    0.008160261437296867,
    0.005712435580790043,
    0.004646377172321081,
    0.0
  ],
  "active_shapes": {
    "MouthFunnel": 0.018246803432703018,
    "MouthSmileLeft": 0.02087070420384407,
    "MouthSmileRight": 0.022507520392537117,
    "MouthLowerDownLeft": 0.01920308545231819,
    "MouthLowerDownRight": 0.020191606134176254,
    "BrowInnerUp": 0.014451351948082447
  },
  "packet_size": 314,
  "packet_hex_preview": "060000002464646431326362302d333463612d313166302d383166662d3734353633633437336235330000000847616c6146616365003b8f65fb3d07c8000000"
}