{
  "frame_id": 152,
  "timestamp": "2025-05-19T18:04:20.091995",
  "input_values": [
    0.0,
    0.0,
    0.0,
    0.0,
    0.0,
    0.0,
    0.0,
    0.0,
    0.0,
    0.0,
    0.0,
    0.0,
    0.0,
    0.0,
    0.020987804979085922,
    0.00014829663268756121,
    0.004966482520103455,
    0.11079207807779312,
    0.05803889036178589,
    0.09322614967823029,
    0.006895936094224453,
    0.00441356934607029,
    -0.00010770623339340091,
    0.027126997709274292,
    0.0333298034965992,
    6.188645784277469e-05,
    8.691829134477302e-05,
    0.02356569655239582,
    0.023219650611281395,
    0.08590035140514374,
    0.08458179235458374,
    0.004632086958736181,
    0.02012764848768711,
    -5.569937638938427e-05,
    -0.00033721746876835823,
    0.00017889625451061875,
    0.0005302410572767258,
    0.14468684792518616,
    0.14484553039073944,
    -0.0006590706761926413,
    3.546023435774259e-05,
    -3.442883553361753e-06,
    1.4622926755691878e-05,
    0.32192349433898926,
    0.23284980654716492,
    0.23301061987876892,
    0.0007820689934305847,
    0.048105522990226746,
    0.05217752978205681,
    -0.00017440262308809906,
    -8.033439371502027e-06,
    0.0
  ],
  "active_shapes": {
    "JawForward": 0.020987804979085922,
    "JawOpen": 0.11079207807779312,
    "MouthClose": 0.05803889036178589,
    "MouthFunnel": 0.09322614967823029,
    "MouthSmileLeft": 0.027126997709274292,
    "MouthSmileRight": 0.0333298034965992,
    "MouthDimpleLeft": 0.02356569655239582,
    "MouthDimpleRight": 0.023219650611281395,
    "MouthStretchLeft": 0.08590035140514374,
    "MouthStretchRight": 0.08458179235458374,
    "MouthRollUpper": 0.02012764848768711,
    "MouthLowerDownLeft": 0.14468684792518616,
    "MouthLowerDownRight": 0.14484553039073944,
    "BrowInnerUp": 0.32192349433898926,
    "BrowOuterUpLeft": 0.23284980654716492,
    "BrowOuterUpRight": 0.23301061987876892,
    "CheekSquintLeft": 0.048105522990226746,
    "CheekSquintRight": 0.05217752978205681
  },
  "packet_size": 314,
  "packet_hex_preview": "060000002464646431326362302d333463612d313166302d383166662d3734353633633437336235330000000847616c6146616365003b9075fb3d07c8000000"
}