{
  "frame_id": 97,
  "timestamp": "2025-05-19T18:04:18.391744",
  "input_values": [
    0.0,
    0.0,
    0.0,
    0.0,
    0.0,
    0.0,
    0.0,
    0.0,
    0.0,
    0.0,
    0.0,
    0.0,
    0.0,
    0.0,
    0.02131340466439724,
    0.00018609534890856594,
    0.03439346328377724,
    0.1849854439496994,
    0.00018430162162985653,
    0.17260845005512238,
    0.011858365498483181,
    0.0011092349886894226,
    0.00037778139812871814,
    0.14349347352981567,
    0.1419404000043869,
    1.7038164514815435e-05,
    7.591657777084038e-05,
    0.01252025831490755,
    0.011620578356087208,
    0.017740651965141296,
    0.013512625358998775,
    -0.00018499938596505672,
    0.002006395487114787,
    0.0002596592530608177,
    0.013764221221208572,
    0.00475026061758399,
    0.005743818357586861,
    0.3545672297477722,
    0.36281588673591614,
    0.15046094357967377,
    0.1555902510881424,
    0.1023656576871872,
    0.1023055911064148,
    0.10930867493152618,
    0.00926114246249199,
    0.009332064539194107,
    -0.0007271165959537029,
    0.08899641036987305,
    0.09623277932405472,
    0.05232980102300644,
    0.06467914581298828,
    0.0
  ],
  "active_shapes": {
    "JawForward": 0.02131340466439724,
    "JawRight": 0.03439346328377724,
    "JawOpen": 0.1849854439496994,
    "MouthFunnel": 0.17260845005512238,
    "MouthPucker": 0.011858365498483181,
    "MouthSmileLeft": 0.14349347352981567,
    "MouthSmileRight": 0.1419404000043869,
    "MouthDimpleLeft": 0.01252025831490755,
    "MouthDimpleRight": 0.011620578356087208,
    "MouthStretchLeft": 0.017740651965141296,
    "MouthStretchRight": 0.013512625358998775,
    "MouthShrugUpper": 0.013764221221208572,
    "MouthLowerDownLeft": 0.3545672297477722,
    "MouthLowerDownRight": 0.36281588673591614,
    "MouthUpperUpLeft": 0.15046094357967377,
    "MouthUpperUpRight": 0.1555902510881424,
    "BrowDownLeft": 0.1023656576871872,
    "BrowDownRight": 0.1023055911064148,
    "BrowInnerUp": 0.10930867493152618,
    "CheekSquintLeft": 0.08899641036987305,
    "CheekSquintRight": 0.09623277932405472,
    "NoseSneerLeft": 0.05232980102300644,
    "NoseSneerRight": 0.06467914581298828
  },
  "packet_size": 314,
  "packet_hex_preview": "060000002464646431326362302d333463612d313166302d383166662d3734353633633437336235330000000847616c6146616365003b900ffb3d07c8000000"
}