{
  "frame_id": 118,
  "timestamp": "2025-05-19T18:04:19.243726",
  "input_values": [
    0.0,
    0.0,
    0.0,
    0.0,
    0.0,
    0.0,
    0.0,
    0.0,
    0.0,
    0.0,
    0.0,
    0.0,
    0.0,
    0.0,
    0.00254552299156785,
    3.759682658710517e-05,
    0.0013747435295954347,
    0.006531032733619213,
    0.003348559606820345,
    -2.0420276996446773e-05,
    6.0687038057949394e-05,
    0.0010065247770398855,
    0.00011609415378188714,
    0.04335018992424011,
    0.034866832196712494,
    -3.8958432924118824e-06,
    -2.3512377083534375e-05,
    0.007122406270354986,
    0.007232339587062597,
    2.2591955712414347e-05,
    4.802049807040021e-05,
    0.0026911385357379913,
    0.0033745442051440477,
    0.001302723423577845,
    0.00030822536791674793,
    0.002063081366941333,
    0.002224639756605029,
    0.020896993577480316,
    0.01988336816430092,
    0.001010371372103691,
    0.0008240910246968269,
    0.05814293026924133,
    0.05807540938258171,
    0.004692533519119024,
    -7.750937948003411e-05,
    -7.200959225883707e-05,
    0.0002840076631400734,
    0.019718576222658157,
    0.02082342654466629,
    0.01515689305961132,
    0.013402106240391731,
    0.0
  ],
  "active_shapes": {
    "MouthSmileLeft": 0.04335018992424011,
    "MouthSmileRight": 0.034866832196712494,
    "MouthLowerDownLeft": 0.020896993577480316,
    "MouthLowerDownRight": 0.01988336816430092,
    "BrowDownLeft": 0.05814293026924133,
    "BrowDownRight": 0.05807540938258171,
    "CheekSquintLeft": 0.019718576222658157,
    "CheekSquintRight": 0.02082342654466629,
    "NoseSneerLeft": 0.01515689305961132,
    "NoseSneerRight": 0.013402106240391731
  },
  "packet_size": 314,
  "packet_hex_preview": "060000002464646431326362302d333463612d313166302d383166662d3734353633633437336235330000000847616c6146616365003b9042fb3d07c8000000"
}