{
  "frame_id": 721,
  "timestamp": "2025-05-19T18:04:42.668814",
  "input_values": [
    0.0,
    0.0,
    0.0,
    0.0,
    0.0,
    0.0,
    0.0,
    0.0,
    0.0,
    0.0,
    0.0,
    0.0,
    0.0,
    0.0,
    0.009212637320160866,
    0.00018888853082899004,
    0.031728051602840424,
    0.13657920062541962,
    -0.00023065638379193842,
    0.11654522269964218,
    0.0011386261321604252,
    0.00034705345751717687,
    0.0029773730784654617,
    0.1323671042919159,
    0.10924124717712402,
    3.397899854462594e-05,
    9.261779632652178e-05,
    0.022540967911481857,
    0.021779360249638557,
    0.009663889184594154,
    0.00904733408242464,
    5.884857819182798e-05,
    0.002574332756921649,
    0.001892194733954966,
    0.017352813854813576,
    0.00883488915860653,
    0.00987384282052517,
    0.32100096344947815,
    0.3395935893058777,
    0.14401759207248688,
    0.15614674985408783,
    0.693789005279541,
    0.6935318112373352,
    0.1257261335849762,
    0.0021596886217594147,
    0.0021332870237529278,
    0.0011060183169320226,
    0.06334163248538971,
    0.0719616562128067,
    0.09558926522731781,
    0.10285189747810364,
    0.0
  ],
  "active_shapes": {
    "JawRight": 0.031728051602840424,
    "JawOpen": 0.13657920062541962,
    "MouthFunnel": 0.11654522269964218,
    "MouthSmileLeft": 0.1323671042919159,
    "MouthSmileRight": 0.10924124717712402,
    "MouthDimpleLeft": 0.022540967911481857,
    "MouthDimpleRight": 0.021779360249638557,
    "MouthShrugUpper": 0.017352813854813576,
    "MouthLowerDownLeft": 0.32100096344947815,
    "MouthLowerDownRight": 0.3395935893058777,
    "MouthUpperUpLeft": 0.14401759207248688,
    "MouthUpperUpRight": 0.15614674985408783,
    "BrowDownLeft": 0.693789005279541,
    "BrowDownRight": 0.6935318112373352,
    "BrowInnerUp": 0.1257261335849762,
    "CheekSquintLeft": 0.06334163248538971,
    "CheekSquintRight": 0.0719616562128067,
    "NoseSneerLeft": 0.09558926522731781,
    "NoseSneerRight": 0.10285189747810364
  },
  "packet_size": 314,
  "packet_hex_preview": "060000002464646431326362302d333463612d313166302d383166662d3734353633633437336235330000000847616c6146616365003b95c0fb3d07c8000000"
}