{
  "frame_id": 190,
  "timestamp": "2025-05-19T18:04:21.326852",
  "input_values": [
    0.0,
    0.0,
    0.0,
    0.0,
    0.0,
    0.0,
    0.0,
    0.0,
    0.0,
    0.0,
    0.0,
    0.0,
    0.0,
    0.0,
    0.0016872904961928725,
    7.519355131080374e-05,
    0.010909750126302242,
    0.04596402496099472,
    -0.0001373122213408351,
    0.03691618889570236,
    0.0002436532377032563,
    0.00017114968795794994,
    0.0017510534962639213,
    0.06570287048816681,
    0.05428795889019966,
    -1.9094157323706895e-05,
    -1.0095385732711293e-05,
    0.012730943970382214,
    0.012128624133765697,
    0.0031200996600091457,
    0.0005295024602673948,
    8.237779547926039e-05,
    0.0013779161963611841,
    0.006657821126282215,
    0.018637636676430702,
    0.004523387644439936,
    0.005399453453719616,
    0.11984217166900635,
    0.12470357120037079,
    0.07389350980520248,
    0.07983603328466415,
    0.3323361873626709,
    0.3322750926017761,
    0.04729538410902023,
    -6.983085040701553e-05,
    -8.777195762377232e-05,
    0.0006110962713137269,
    0.0315713956952095,
    0.03773853927850723,
    0.06946347653865814,
    0.08289257436990738,
    0.0
  ],
  "active_shapes": {
    "JawRight": 0.010909750126302242,
    "JawOpen": 0.04596402496099472,
    "MouthFunnel": 0.03691618889570236,
    "MouthSmileLeft": 0.06570287048816681,
    "MouthSmileRight": 0.05428795889019966,
    "MouthDimpleLeft": 0.012730943970382214,
    "MouthDimpleRight": 0.012128624133765697,
    "MouthShrugUpper": 0.018637636676430702,
    "MouthLowerDownLeft": 0.11984217166900635,
    "MouthLowerDownRight": 0.12470357120037079,
    "MouthUpperUpLeft": 0.07389350980520248,
    "MouthUpperUpRight": 0.07983603328466415,
    "BrowDownLeft": 0.3323361873626709,
    "BrowDownRight": 0.3322750926017761,
    "BrowInnerUp": 0.04729538410902023,
    "CheekSquintLeft": 0.0315713956952095,
    "CheekSquintRight": 0.03773853927850723,
    "NoseSneerLeft": 0.06946347653865814,
    "NoseSneerRight": 0.08289257436990738
  },
  "packet_size": 314,
  "packet_hex_preview": "060000002464646431326362302d333463612d313166302d383166662d3734353633633437336235330000000847616c6146616365003b90bffb3d07c8000000"
}