{
  "frame_id": 276,
  "timestamp": "2025-05-19T18:04:24.232514",
  "input_values": [
    0.0,
    0.0,
    0.0,
    0.0,
    0.0,
    0.0,
    0.0,
    0.0,
    0.0,
    0.0,
    0.0,
    0.0,
    0.0,
    0.0,
    0.00037958272150717676,
    3.7863814213778824e-05,
    0.001167170936241746,
    0.0012289297301322222,
    6.686601409455761e-05,
    0.0001982672547455877,
    0.011904887855052948,
    4.4791602704208344e-05,
    0.0006917730206623673,
    0.011533280834555626,
    0.007727853022515774,
    1.01631039797212e-05,
    4.132114554522559e-05,
    0.0036122039891779423,
    0.003645956516265869,
    0.00017432356253266335,
    3.053261752938852e-05,
    0.00013976496120449156,
    0.0004632331838365644,
    0.0001413018035236746,
    0.00044618541141971946,
    0.0016212438931688666,
    0.0018413489451631904,
    0.009192017838358879,
    0.009802321903407574,
    0.0002150296641048044,
    0.00020369475532788783,
    0.15080630779266357,
    0.15076011419296265,
    0.0486646369099617,
    -6.380297236319166e-06,
    -8.891135621524882e-06,
    0.0008239994058385491,
    0.00897939782589674,
    0.010951608419418335,
    0.0068282620050013065,
    0.006989959627389908,
    0.0
  ],
  "active_shapes": {
    "MouthPucker": 0.011904887855052948,
    "MouthSmileLeft": 0.011533280834555626,
    "BrowDownLeft": 0.15080630779266357,
    "BrowDownRight": 0.15076011419296265,
    "BrowInnerUp": 0.0486646369099617,
    "CheekSquintRight": 0.010951608419418335
  },
  "packet_size": 314,
  "packet_hex_preview": "060000002464646431326362302d333463612d313166302d383166662d3734353633633437336235330000000847616c6146616365003b916dfb3d07c8000000"
}