{
  "frame_id": 607,
  "timestamp": "2025-05-19T18:04:36.600453",
  "input_values": [
    0.0,
    0.0,
    0.0,
    0.0,
    0.0,
    0.0,
    0.0,
    0.0,
    0.0,
    0.0,
    0.0,
    0.0,
    0.0,
    0.0,
    0.004726245068013668,
    0.00011384698882466182,
    0.007603977806866169,
    0.02243228256702423,
    0.0030411495827138424,
    0.007639493327587843,
    0.0003177807084284723,
    0.0017890998860821128,
    0.00016074131417553872,
    0.09606055170297623,
    0.0888887271285057,
    -1.4981103959144093e-05,
    -3.7952228012727574e-05,
    0.016445348039269447,
    0.01736368052661419,
    0.004569205921143293,
    0.0059568011201918125,
    0.00019875650468748063,
    0.0032543998677283525,
    0.00010583225957816467,
    0.0003893736866302788,
    0.00209793820977211,
    0.002389953937381506,
    0.07992839068174362,
    0.07765287160873413,
    0.012721223756670952,
    0.013417450711131096,
    0.116316057741642,
    0.116091288626194,
    0.0157969668507576,
    0.00016281587886624038,
    0.00013784757175017148,
    0.0006084134802222252,
    0.02734442800283432,
    0.033219531178474426,
    0.004729456268250942,
    0.004568587522953749,
    0.0
  ],
  "active_shapes": {
    "JawOpen": 0.02243228256702423,
    "MouthSmileLeft": 0.09606055170297623,
    "MouthSmileRight": 0.0888887271285057,
    "MouthDimpleLeft": 0.016445348039269447,
    "MouthDimpleRight": 0.01736368052661419,
    "MouthLowerDownLeft": 0.07992839068174362,
    "MouthLowerDownRight": 0.07765287160873413,
    "MouthUpperUpLeft": 0.012721223756670952,
    "MouthUpperUpRight": 0.013417450711131096,
    "BrowDownLeft": 0.116316057741642,
    "BrowDownRight": 0.116091288626194,
    "BrowInnerUp": 0.0157969668507576,
    "CheekSquintLeft": 0.02734442800283432,
    "CheekSquintRight": 0.033219531178474426
  },
  "packet_size": 314,
  "packet_hex_preview": "060000002464646431326362302d333463612d313166302d383166662d3734353633633437336235330000000847616c6146616365003b9454fb3d07c8000000"
}