{
  "frame_id": 531,
  "timestamp": "2025-05-19T18:04:32.376180",
  "input_values": [
    0.0,
    0.0,
    0.0,
    0.0,
    0.0,
    0.0,
    0.0,
    0.0,
    0.0,
    0.0,
    0.0,
    0.0,
    0.0,
    0.0,
    0.027718568220734596,
    0.0001897229958558455,
    0.0014566692989319563,
    0.13490694761276245,
    0.11485901474952698,
    0.0361291877925396,
    0.000287328235572204,
    -6.654996104771271e-05,
    0.01101817935705185,
    0.11106034368276596,
    0.1408877968788147,
    -7.93222789070569e-05,
    -0.0003710467426571995,
    0.04811868816614151,
    0.05167004466056824,
    0.08001308143138885,
    0.06856486946344376,
    0.01584387943148613,
    0.029384508728981018,
    -4.1418410546611995e-05,
    0.00012332480400800705,
    0.0029186434112489223,
    0.0038994697388261557,
    0.12057627737522125,
    0.12726929783821106,
    0.0006262711249291897,
    0.004825301934033632,
    0.051021724939346313,
    0.05100226774811745,
    0.12472663819789886,
    5.648247679346241e-06,
    4.137143332627602e-05,
    0.0010186503641307354,
    0.1152220368385315,
    0.14138703048229218,
    0.04645469784736633,
    0.062001585960388184,
    0.0
  ],
  "active_shapes": {
    "JawForward": 0.027718568220734596,
    "JawOpen": 0.13490694761276245,
    "MouthClose": 0.11485901474952698,
    "MouthFunnel": 0.0361291877925396,
    "MouthRight": 0.01101817935705185,
    "MouthSmileLeft": 0.11106034368276596,
    "MouthSmileRight": 0.1408877968788147,
    "MouthDimpleLeft": 0.04811868816614151,
    "MouthDimpleRight": 0.05167004466056824,
    "MouthStretchLeft": 0.08001308143138885,
    "MouthStretchRight": 0.06856486946344376,
    "MouthRollLower": 0.01584387943148613,
    "MouthRollUpper": 0.029384508728981018,
    "MouthLowerDownLeft": 0.12057627737522125,
    "MouthLowerDownRight": 0.12726929783821106,
    "BrowDownLeft": 0.051021724939346313,
    "BrowDownRight": 0.05100226774811745,
    "BrowInnerUp": 0.12472663819789886,
    "CheekSquintLeft": 0.1152220368385315,
    "CheekSquintRight": 0.14138703048229218,
    "NoseSneerLeft": 0.04645469784736633,
    "NoseSneerRight": 0.062001585960388184
  },
  "packet_size": 314,
  "packet_hex_preview": "060000002464646431326362302d333463612d313166302d383166662d3734353633633437336235330000000847616c6146616365003b9356fb3d07c8000000"
}