{
  "frame_id": 115,
  "timestamp": "2025-05-19T18:04:19.224158",
  "input_values": [
    0.0,
    0.0,
    0.0,
    0.0,
    0.0,
    0.0,
    0.0,
    0.0,
    0.0,
    0.0,
    0.0,
    0.0,
    0.0,
    0.0,
    0.0031753028742969036,
    3.704588016262278e-05,
    0.005515081342309713,
    0.011116362176835537,
    -1.0453667300680536e-06,
    0.017595401033759117,
    6.94367554388009e-05,
    0.001363583141937852,
    8.831177183310501e-06,
    0.02274414338171482,
    0.022001836448907852,
    3.176847894792445e-05,
    2.9420241844491102e-05,
    0.002813344355672598,
    0.002447263803333044,
    0.010095467790961266,
    0.00916590727865696,
    4.134518530918285e-05,
    0.00026046036509796977,
    4.363178595667705e-05,
    0.0013871074188500643,
    6.419523560907692e-05,
    0.0002890017640311271,
    0.043992914259433746,
    0.043452754616737366,
    0.019892755895853043,
    0.01971975713968277,
    4.9160211347043514e-05,
    6.262034003157169e-05,
    0.04529585316777229,
    0.024642441421747208,
    0.024679407477378845,
    -4.50445877504535e-05,
    0.007001048419624567,
    0.008577939122915268,
    -7.588825246784836e-05,
    0.00041168066672980785,
    0.0
  ],
  "active_shapes": {
    "JawOpen": 0.011116362176835537,
    "MouthFunnel": 0.017595401033759117,
    "MouthSmileLeft": 0.02274414338171482,
    "MouthSmileRight": 0.022001836448907852,
    "MouthStretchLeft": 0.010095467790961266,
    "MouthLowerDownLeft": 0.043992914259433746,
    "MouthLowerDownRight": 0.043452754616737366,
    "MouthUpperUpLeft": 0.019892755895853043,
    "MouthUpperUpRight": 0.01971975713968277,
    "BrowInnerUp": 0.04529585316777229,
    "BrowOuterUpLeft": 0.024642441421747208,
    "BrowOuterUpRight": 0.024679407477378845
  },
  "packet_size": 314,
  "packet_hex_preview": "060000002464646431326362302d333463612d313166302d383166662d3734353633633437336235330000000847616c6146616365003b9041fb3d07c8000000"
}