{
  "frame_id": 189,
  "timestamp": "2025-05-19T18:04:21.317110",
  "input_values": [
    0.0,
    0.0,
    0.0,
    0.0,
    0.0,
    0.0,
    0.0,
    0.0,
    0.0,
    0.0,
    0.0,
    0.0,
    0.0,
    0.0,
    0.014464490115642548,
    0.00011033230839530006,
    0.018146242946386337,
    0.025251369923353195,
    0.00034491269616410136,
    0.058954011648893356,
    0.0004898994811810553,
    0.004007640294730663,
    0.00011458724475232884,
    0.06437267363071442,
    0.060840118676424026,
    5.2330004109535366e-05,
    9.062464960152283e-05,
    0.010520958341658115,
    0.009466499090194702,
    0.043826013803482056,
    0.04825597628951073,
    0.0008508550236001611,
    0.00276614585891366,
    8.680520113557577e-05,
    0.00045461091212928295,
    0.00021147108054719865,
    0.0005635753623209894,
    0.09902343153953552,
    0.09816168993711472,
    0.04627398028969765,
    0.04436212033033371,
    0.002841692417860031,
    0.002769616898149252,
    0.249797061085701,
    0.18280763924121857,
    0.1829698234796524,
    -4.890226136922138e-06,
    0.035508085042238235,
    0.040345143526792526,
    7.938915950944647e-05,
    0.0025607149582356215,
    0.0
  ],
  "active_shapes": {
    "JawForward": 0.014464490115642548,
    "JawRight": 0.018146242946386337,
    "JawOpen": 0.025251369923353195,
    "MouthFunnel": 0.058954011648893356,
    "MouthSmileLeft": 0.06437267363071442,
    "MouthSmileRight": 0.060840118676424026,
    "MouthDimpleLeft": 0.010520958341658115,
    "MouthStretchLeft": 0.043826013803482056,
    "MouthStretchRight": 0.04825597628951073,
    "MouthLowerDownLeft": 0.09902343153953552,
    "MouthLowerDownRight": 0.09816168993711472,
    "MouthUpperUpLeft": 0.04627398028969765,
    "MouthUpperUpRight": 0.04436212033033371,
    "BrowInnerUp": 0.249797061085701,
    "BrowOuterUpLeft": 0.18280763924121857,
    "BrowOuterUpRight": 0.1829698234796524,
    "CheekSquintLeft": 0.035508085042238235,
    "CheekSquintRight": 0.040345143526792526
  },
  "packet_size": 314,
  "packet_hex_preview": "060000002464646431326362302d333463612d313166302d383166662d3734353633633437336235330000000847616c6146616365003b90bffb3d07c8000000"
}