{
  "frame_id": 178,
  "timestamp": "2025-05-19T18:04:20.960735",
  "input_values": [
    0.0,
    0.0,
    0.0,
    0.0,
    0.0,
    0.0,
    0.0,
    0.0,
    0.0,
    0.0,
    0.0,
    0.0,
    0.0,
    0.0,
    0.001397800398990512,
    0.00011351524153724313,
    0.00584409199655056,
    0.03247002512216568,
    0.0024255577009171247,
    0.044327933341264725,
    0.0027032382786273956,
    0.0007525607361458242,
    0.00024992518592625856,
    0.06180129945278168,
    0.05379446595907211,
    4.262201764504425e-05,
    2.567513547546696e-05,
    0.010862567462027073,
    0.011354456655681133,
    0.0008114669471979141,
    0.00030835537472739816,
    0.0002612273092381656,
    0.004064266104251146,
    0.00011751649435609579,
    0.0002564083260949701,
    0.0037470541428774595,
    0.00392917962744832,
    0.09650835394859314,
    0.09814412891864777,
    0.025461122393608093,
    0.027968361973762512,
    0.16984741389751434,
    0.16970005631446838,
    0.010410526767373085,
    -7.006924715824425e-05,
    -9.03719337657094e-05,
    0.0006143606151454151,
    0.028226815164089203,
    0.0324314646422863,
    0.015504860319197178,
    0.013069416396319866,
    0.0
  ],
  "active_shapes": {
    "JawOpen": 0.03247002512216568,
    "MouthFunnel": 0.044327933341264725,
    "MouthSmileLeft": 0.06180129945278168,
    "MouthSmileRight": 0.05379446595907211,
    "MouthDimpleLeft": 0.010862567462027073,
    "MouthDimpleRight": 0.011354456655681133,
    "MouthLowerDownLeft": 0.09650835394859314,
    "MouthLowerDownRight": 0.09814412891864777,
    "MouthUpperUpLeft": 0.025461122393608093,
    "MouthUpperUpRight": 0.027968361973762512,
    "BrowDownLeft": 0.16984741389751434,
    "BrowDownRight": 0.16970005631446838,
    "BrowInnerUp": 0.010410526767373085,
    "CheekSquintLeft": 0.028226815164089203,
    "CheekSquintRight": 0.0324314646422863,
    "NoseSneerLeft": 0.015504860319197178,
    "NoseSneerRight": 0.013069416396319866
  },
  "packet_size": 314,
  "packet_hex_preview": "060000002464646431326362302d333463612d313166302d383166662d3734353633633437336235330000000847616c6146616365003b90a9fb3d07c8000000"
}